#{"t_start": 1544715600.0873706, "env_id": "BreakoutNoFrameskip-v4"}
r,l,t
1.0,173,42.067414
1.0,175,46.998366
4.0,278,72.457942
2.0,201,78.699871
0.0,127,82.781046
1.0,155,87.072446
0.0,129,90.568019
0.0,127,94.243255
0.0,125,98.243484
0.0,129,102.029019
0.0,129,105.913761
1.0,157,110.8826
0.0,129,114.853081
6.0,399,127.866701
2.0,198,133.86184
0.0,125,137.667008
5.0,348,148.50404
1.0,175,153.921064
6.0,397,167.173573
4.0,299,176.973539
3.0,231,184.664017
9.0,382,196.670853
2.0,219,203.657534
0.0,129,208.184189
