#{"t_start": 1544715592.147812, "env_id": "BreakoutNoFrameskip-v4"}
r,l,t
2.0,184,50.308837
1.0,155,54.764808
2.0,206,78.620807
1.0,178,83.128743
3.0,266,91.712976
0.0,127,95.211719
1.0,173,100.196198
1.0,173,105.639458
0.0,129,109.449408
0.0,129,113.340829
0.0,123,117.186516
2.0,225,124.425709
1.0,176,129.88538
0.0,127,133.636256
4.0,299,143.082541
0.0,129,146.898566
0.0,125,150.563802
2.0,223,157.380236
0.0,129,161.233512
0.0,127,165.271909
1.0,173,170.697897
3.0,233,178.373552
0.0,125,182.152992
0.0,129,186.010168
0.0,127,189.910355
0.0,127,193.918331
3.0,253,201.649381
0.0,125,205.387789
1.0,174,210.850942
0.0,123,214.964639
