#{"t_start": 1544715602.4648917, "env_id": "BreakoutNoFrameskip-v4"}
r,l,t
0.0,129,38.49848
1.0,171,43.226134
1.0,159,46.740693
1.0,155,69.264125
0.0,125,72.905792
0.0,129,76.676482
1.0,173,82.250216
0.0,125,85.533996
2.0,204,91.572902
0.0,127,95.607337
0.0,127,99.348735
1.0,173,104.839673
2.0,206,111.487671
1.0,153,116.140571
2.0,223,123.136571
2.0,228,130.269936
7.0,322,140.465205
1.0,173,145.593099
2.0,224,152.727818
2.0,185,158.716251
0.0,127,162.530984
1.0,157,167.595617
2.0,202,173.925827
1.0,172,179.413262
2.0,226,186.828563
1.0,174,191.811599
1.0,175,197.206605
