#{"t_start": 1544715596.5223596, "env_id": "BreakoutNoFrameskip-v4"}
r,l,t
0.0,123,44.187317
2.0,202,50.020517
0.0,125,52.402762
2.0,222,77.050756
0.0,125,80.833161
0.0,129,84.818694
0.0,125,88.509895
3.0,250,95.732841
0.0,129,99.590281
2.0,200,106.067212
0.0,129,109.901227
9.0,423,123.862086
2.0,224,130.834538
0.0,129,134.792553
0.0,129,138.548405
1.0,157,143.22496
4.0,278,151.904522
3.0,255,160.155549
2.0,222,167.286809
1.0,171,172.876876
3.0,252,180.86618
2.0,202,187.473836
0.0,125,191.342368
2.0,205,197.381759
6.0,377,210.073793
