#{"t_start": 1544715596.3766243, "env_id": "BreakoutNoFrameskip-v4"}
r,l,t
0.0,127,44.485332
0.0,129,47.977226
2.0,203,52.82978
0.0,127,74.766658
3.0,273,82.908958
0.0,129,87.057916
4.0,264,94.813846
0.0,127,98.477521
1.0,175,103.943622
0.0,127,107.904308
0.0,129,111.926732
0.0,129,115.814138
0.0,129,119.792457
1.0,152,124.408602
1.0,157,129.167174
1.0,173,134.509813
0.0,129,138.247887
0.0,129,142.134804
1.0,173,147.458807
5.0,346,158.373234
2.0,200,164.888065
1.0,155,169.590013
3.0,270,178.520398
1.0,171,183.946199
0.0,125,187.82995
3.0,270,196.245787
2.0,202,202.453776
0.0,125,206.297617
2.0,199,213.209766
