#{"t_start": 1544715596.4711983, "env_id": "BreakoutNoFrameskip-v4"}
r,l,t
0.0,123,44.238102
0.0,127,47.686681
2.0,204,52.601657
1.0,157,75.174032
1.0,155,79.867913
0.0,125,83.464473
3.0,252,91.274187
3.0,248,98.767801
1.0,153,103.545685
1.0,174,108.966116
0.0,129,113.05174
0.0,127,116.981971
0.0,125,120.725435
1.0,157,125.484439
0.0,129,129.336724
1.0,175,134.688253
0.0,129,138.504123
0.0,127,142.283662
4.0,319,152.211193
1.0,172,157.551795
1.0,157,162.66387
1.0,176,168.117419
4.0,275,177.137962
6.0,393,190.27544
4.0,297,199.486257
1.0,155,204.279721
1.0,176,210.137546
