#{"t_start": 1544715591.1297977, "env_id": "BreakoutNoFrameskip-v4"}
r,l,t
1.0,155,50.517685
2.0,222,56.528339
1.0,153,60.076458
0.0,125,81.868442
0.0,129,85.8097
0.0,127,89.543566
1.0,157,94.386105
1.0,175,99.281122
4.0,299,108.815224
2.0,200,115.179954
0.0,127,119.13509
0.0,127,123.071832
1.0,173,128.340419
1.0,173,133.749644
1.0,173,139.041541
0.0,129,142.778372
1.0,173,148.104191
2.0,182,153.6966
3.0,274,162.152424
3.0,251,170.518946
4.0,297,180.266711
3.0,267,188.92909
3.0,250,197.227859
5.0,346,207.895147
0.0,129,211.898813
0.0,127,216.28169
