#{"t_start": 1544715590.8378246, "env_id": "BreakoutNoFrameskip-v4"}
r,l,t
0.0,125,49.958281
1.0,172,54.757141
1.0,172,58.665298
0.0,127,80.50414
0.0,125,83.916116
10.0,470,98.803854
4.0,301,108.394422
0.0,129,112.476057
2.0,202,118.790922
0.0,125,122.677818
3.0,270,131.260604
2.0,203,137.554147
0.0,127,141.353838
2.0,220,148.129774
2.0,185,153.855027
1.0,173,158.958613
0.0,129,162.817205
0.0,127,166.850209
2.0,198,173.116761
1.0,175,178.824545
0.0,129,182.638924
3.0,250,190.804975
2.0,200,197.324337
3.0,252,204.910888
1.0,172,210.313147
1.0,157,215.482645
