#{"t_start": 1544715593.9376502, "env_id": "BreakoutNoFrameskip-v4"}
r,l,t
3.0,252,50.675164
3.0,249,56.952553
1.0,157,79.627807
3.0,252,87.810183
2.0,222,94.286765
5.0,352,105.47055
1.0,157,110.402277
2.0,219,117.373354
3.0,217,124.364111
0.0,127,128.160996
0.0,129,132.008951
1.0,172,137.255544
0.0,125,140.929531
2.0,220,147.785423
0.0,127,151.469428
2.0,198,157.528297
0.0,129,161.487932
0.0,127,165.528767
1.0,157,170.295532
0.0,127,174.302603
6.0,398,187.432619
0.0,127,191.45245
3.0,271,199.771637
0.0,127,203.548856
2.0,202,210.016739
0.0,129,214.486008
