#{"t_start": 1544715600.5003035, "env_id": "BreakoutNoFrameskip-v4"}
r,l,t
1.0,157,41.191507
1.0,175,46.258762
3.0,248,70.786085
0.0,129,74.320678
0.0,127,78.126354
0.0,129,82.271691
2.0,202,87.933232
5.0,351,99.11907
7.0,431,113.531446
0.0,127,117.262936
0.0,129,121.163556
2.0,222,128.092961
2.0,202,134.324338
0.0,125,138.060675
2.0,223,144.906862
1.0,153,149.505995
3.0,249,157.642358
0.0,129,161.520483
6.0,360,173.440233
1.0,152,178.11386
0.0,129,182.174923
0.0,129,186.134407
0.0,129,190.075108
0.0,129,193.584126
1.0,155,198.292255
0.0,125,202.118994
1.0,173,208.175579
