#{"t_start": 1544715596.3453724, "env_id": "BreakoutNoFrameskip-v4"}
r,l,t
2.0,201,46.646046
0.0,129,50.349098
1.0,174,54.226942
3.0,230,79.344534
1.0,176,84.84591
2.0,229,91.683016
0.0,127,95.301789
5.0,330,106.01248
0.0,127,109.768476
1.0,158,114.77281
2.0,198,121.092964
0.0,129,124.950107
0.0,127,128.767269
0.0,129,132.59409
0.0,129,136.374209
0.0,129,140.172264
2.0,200,146.285677
5.0,331,156.716022
0.0,129,160.832551
4.0,294,170.461644
0.0,125,174.396998
1.0,155,179.098894
2.0,222,186.402103
0.0,129,190.349771
1.0,171,195.470505
1.0,158,200.150382
2.0,224,207.314045
0.0,125,211.661371
