#{"t_start": 1544715593.9522552, "env_id": "BreakoutNoFrameskip-v4"}
r,l,t
1.0,173,48.205007
5.0,304,56.286513
0.0,129,77.930428
1.0,153,82.618768
1.0,175,88.221723
2.0,188,93.570445
3.0,271,101.795105
2.0,202,108.358329
4.0,279,117.363494
0.0,125,121.281773
0.0,129,125.106085
5.0,350,136.407224
1.0,172,141.519699
0.0,125,145.267551
1.0,155,150.043349
3.0,214,156.509172
2.0,218,163.503958
3.0,248,171.462475
6.0,340,182.760445
1.0,175,188.322802
1.0,155,193.255594
0.0,125,197.019225
0.0,127,200.553467
1.0,155,205.178415
0.0,127,209.11471
