#{"t_start": 1544715602.4933379, "env_id": "BreakoutNoFrameskip-v4"}
r,l,t
0.0,125,38.312051
2.0,223,44.592526
1.0,159,48.172324
1.0,174,71.322246
1.0,170,76.574013
0.0,125,80.604671
0.0,127,84.049708
0.0,129,87.542655
3.0,250,95.530116
0.0,129,99.387416
2.0,198,105.735712
0.0,129,109.644392
0.0,129,113.614627
1.0,175,119.040839
5.0,347,130.077276
4.0,299,139.594389
1.0,153,144.204127
1.0,175,149.353662
0.0,127,153.335744
2.0,222,160.461327
0.0,125,164.32292
3.0,218,171.36153
0.0,129,175.235379
1.0,176,180.970844
2.0,202,187.448461
0.0,125,190.807052
0.0,129,194.651755
0.0,127,198.523811
0.0,125,202.538999
0.0,129,206.773066
