policy_loss,frames,advantage_norm,value_loss,epoch_idx,P09:episode_rewards,episode_length,P01:episode_rewards,policy_entropy,explained_variance,fps,PMM:episode_rewards,grad_norm
-0.18627172464694014,8000,5.567832214012742,2.673222551801323,1,2.0,173.5,0.0,1.345118176341057,-9.997616067528725,540,1.2142857142857142,50.22714831808516
0.0002916935013490729,16000,0.6256760713271796,0.004802724492507764,2,3.0,168.26666666666668,0.0,1.3850181913375854,-9.585062927007675,323,1.0555555555555556,0.10330886884894751
0.00015213750826660545,24000,0.769745085220784,0.006350975554423713,3,3.1000000000000085,183.91,0.0,1.3853303074836731,-4.642160686254502,363,1.44,0.1172926686675628
0.0005513313304982148,32000,0.6814694601856172,0.005160710473448944,4,4.0,184.62,0.0,1.3852369213104248,-3.2024480676651,385,1.45,0.09161975173557778
-0.0003522375128522981,40000,0.6638930403254926,0.00511910980621451,5,4.0,181.48,0.0,1.385282872915268,-3.842309984564781,400,1.35,0.09953697923208932
0.0012388211143843364,48000,0.8229137866944075,0.006696781100681619,6,4.0,182.87,0.0,1.3848361325263978,-3.7946705377101897,413,1.41,0.12783490116681462
0.00026044243306387214,56000,0.8293433979153633,0.006420173250762673,7,4.0,189.57,0.0,1.3834518361091614,-0.905904706120491,419,1.55,0.10289461442512424
0.00011066208069678396,64000,0.8080644934251905,0.0063726687783218945,8,4.1000000000000085,200.99,0.0,1.3835733044147491,-1.5101855713129044,424,1.78,0.10783644576181853
4.8900255242188e-05,72000,0.7072870575636625,0.005695431465583169,9,4.0,198.72,0.0,1.3826480293273926,-2.6740057814121245,429,1.76,0.11335309341980095
