#{"t_start": 1544715601.9509304, "env_id": "BreakoutNoFrameskip-v4"}
r,l,t
0.0,127,38.625211
2.0,207,44.19397
0.0,125,47.732565
2.0,200,72.881105
3.0,254,80.967516
1.0,178,86.010639
3.0,272,94.765895
1.0,177,100.501387
0.0,127,104.322047
0.0,127,108.073422
0.0,129,111.950604
0.0,125,115.445752
1.0,173,120.54722
0.0,129,124.599663
0.0,129,128.616327
1.0,153,133.001024
0.0,127,137.089724
0.0,127,141.005941
0.0,125,145.014475
1.0,173,150.458436
0.0,129,154.403424
0.0,127,158.473024
0.0,127,162.526356
1.0,157,167.717363
0.0,129,171.964274
0.0,127,176.118601
0.0,129,180.071168
0.0,123,183.853887
1.0,173,189.413496
1.0,178,195.142444
2.0,185,201.018513
