#{"t_start": 1544715599.28548, "env_id": "BreakoutNoFrameskip-v4"}
r,l,t
0.0,129,41.35345
3.0,252,48.446514
0.0,129,52.110584
5.0,297,80.329109
1.0,173,85.948493
1.0,155,90.10364
5.0,349,101.757287
0.0,129,105.528303
0.0,129,109.420209
1.0,157,114.27915
1.0,152,118.738747
0.0,129,122.394529
0.0,129,126.418766
0.0,129,130.291399
5.0,350,141.63365
4.0,278,150.957721
1.0,171,156.311472
0.0,127,160.483474
0.0,129,164.585714
1.0,176,170.414917
0.0,127,174.585508
2.0,223,182.151968
0.0,127,185.934753
1.0,155,191.104064
0.0,129,194.902535
1.0,173,200.516625
2.0,201,207.125091
