#{"t_start": 1544715602.2432666, "env_id": "BreakoutNoFrameskip-v4"}
r,l,t
3.0,233,41.281014
0.0,125,44.644861
0.0,129,48.406621
2.0,225,74.549345
1.0,152,78.954357
2.0,202,84.884537
0.0,127,88.60011
2.0,201,95.141694
3.0,252,103.239037
0.0,127,107.174419
3.0,218,113.863787
1.0,155,118.27985
3.0,252,126.485687
0.0,125,130.168465
2.0,220,137.147484
0.0,127,141.168275
3.0,233,148.835893
1.0,157,153.777283
1.0,157,158.858253
3.0,250,167.397261
1.0,173,173.216399
1.0,178,179.145388
1.0,171,184.587927
2.0,206,191.219982
1.0,175,196.890644
0.0,127,200.690952
