#{"t_start": 1544715602.3523276, "env_id": "BreakoutNoFrameskip-v4"}
r,l,t
5.0,332,44.165473
1.0,157,48.821894
3.0,250,75.636099
0.0,127,79.376705
0.0,129,83.268644
3.0,252,90.799721
0.0,129,94.895797
0.0,129,98.929272
0.0,127,102.647367
3.0,235,110.089199
4.0,260,118.01954
1.0,173,123.530295
1.0,157,128.424675
2.0,222,135.332615
3.0,215,142.377824
0.0,127,146.303103
1.0,173,151.758356
1.0,173,157.518607
0.0,129,161.64327
1.0,175,167.47644
1.0,155,172.5365
1.0,175,178.404794
3.0,249,186.840244
0.0,127,190.558324
1.0,155,195.477989
1.0,175,200.955416
