#{"t_start": 1544715602.3453393, "env_id": "BreakoutNoFrameskip-v4"}
r,l,t
0.0,125,38.161151
0.0,125,41.324835
0.0,127,44.713385
0.0,127,48.403757
4.0,321,77.418566
5.0,352,88.413407
1.0,175,93.932096
0.0,129,98.003797
2.0,203,104.51211
3.0,251,112.437037
1.0,152,116.774268
1.0,175,122.172639
4.0,274,130.841665
2.0,187,136.859378
3.0,252,145.269523
1.0,155,150.163265
0.0,129,154.115562
1.0,174,159.901808
1.0,155,164.899623
1.0,177,170.85825
1.0,173,176.734894
3.0,270,185.658344
0.0,129,189.601035
2.0,224,196.9837
0.0,127,200.787074
