#{"t_start": 1544715595.4491072, "env_id": "BreakoutNoFrameskip-v4"}
r,l,t
3.0,234,48.135978
2.0,202,53.942374
0.0,129,76.730712
0.0,125,80.440662
0.0,125,83.98231
4.0,302,93.324287
0.0,129,97.250304
1.0,153,102.110781
3.0,252,110.203031
3.0,274,119.000834
2.0,222,125.61183
0.0,123,129.332721
3.0,246,137.11809
0.0,127,141.017207
0.0,127,144.861855
3.0,252,153.260182
2.0,187,159.157217
0.0,125,163.286733
1.0,171,168.844007
0.0,127,172.930476
1.0,155,178.060541
0.0,127,182.214755
1.0,155,187.09792
4.0,295,196.951824
0.0,129,200.954003
0.0,127,204.950743
1.0,175,210.674264
