#{"t_start": 1544715601.6460204, "env_id": "BreakoutNoFrameskip-v4"}
r,l,t
1.0,175,40.211106
0.0,129,43.52967
0.0,129,47.30743
4.0,300,75.760542
0.0,129,79.483577
0.0,129,83.481935
0.0,127,86.656205
3.0,268,95.467656
1.0,153,100.333908
2.0,204,106.689338
2.0,204,113.069878
6.0,398,125.693037
2.0,209,132.095497
3.0,270,141.082844
1.0,153,146.042333
4.0,300,155.977884
2.0,217,163.26273
0.0,129,167.389642
1.0,173,173.131288
6.0,362,185.577814
1.0,175,191.164163
2.0,224,198.514863
2.0,201,205.150736
