#{"t_start": 1544715602.0835097, "env_id": "BreakoutNoFrameskip-v4"}
r,l,t
1.0,174,39.724486
0.0,129,43.030211
0.0,127,46.786165
1.0,157,70.343457
1.0,172,75.679069
0.0,129,79.456427
1.0,175,84.525504
3.0,252,92.280975
0.0,123,96.397778
3.0,231,103.720761
5.0,316,113.834801
5.0,334,124.387814
0.0,127,128.322603
0.0,129,131.880357
0.0,127,135.922771
2.0,222,143.268698
2.0,206,149.961616
0.0,127,153.773049
2.0,200,160.505304
1.0,173,166.206928
1.0,155,171.353356
0.0,125,175.414496
3.0,252,183.739678
0.0,129,188.009597
1.0,157,192.718418
3.0,270,201.676272
