#{"t_start": 1544715602.1719992, "env_id": "BreakoutNoFrameskip-v4"}
r,l,t
0.0,127,38.410125
3.0,252,45.495677
0.0,125,49.059295
1.0,173,73.24673
2.0,220,80.252748
3.0,270,88.223213
1.0,155,92.998298
4.0,274,102.068442
2.0,201,108.446241
2.0,222,115.187199
0.0,127,118.85024
1.0,155,123.747874
2.0,183,129.502224
2.0,219,136.346318
2.0,230,143.975219
1.0,153,148.80479
3.0,230,156.380373
4.0,296,166.462281
3.0,252,175.155797
1.0,171,180.602727
0.0,129,184.773469
1.0,157,189.697995
7.0,445,204.895975
