#{"t_start": 1544715598.4846156, "env_id": "BreakoutNoFrameskip-v4"}
r,l,t
5.0,372,49.414174
2.0,201,74.399662
0.0,129,78.437239
2.0,204,84.647838
0.0,129,88.127044
1.0,173,93.421872
2.0,203,100.13323
0.0,129,103.958735
2.0,219,110.913068
0.0,127,114.617496
1.0,174,119.824181
2.0,181,125.286376
0.0,129,129.247535
2.0,204,135.446723
2.0,224,142.772177
0.0,129,146.988778
2.0,224,154.247442
0.0,127,158.143125
3.0,249,166.587051
2.0,205,173.551631
0.0,125,177.591826
0.0,125,181.622518
0.0,129,185.483219
7.0,414,199.587527
1.0,173,205.024873
