#{"t_start": 1544715599.8687165, "env_id": "BreakoutNoFrameskip-v4"}
r,l,t
0.0,129,40.785918
1.0,173,45.207901
1.0,175,50.453518
0.0,129,73.215852
3.0,252,81.103577
2.0,203,87.100645
1.0,175,92.475592
3.0,252,100.79143
0.0,123,104.416608
3.0,247,112.261742
0.0,129,116.090042
3.0,254,123.916095
0.0,127,127.790048
1.0,173,132.962594
1.0,173,138.520669
4.0,299,148.527346
1.0,153,153.316999
0.0,129,157.311363
3.0,234,165.285742
0.0,127,169.36719
0.0,127,173.494043
4.0,299,183.600674
2.0,183,189.857355
1.0,173,195.066871
0.0,127,199.084789
1.0,157,204.067639
