#{"t_start": 1544715602.369424, "env_id": "BreakoutNoFrameskip-v4"}
r,l,t
0.0,129,38.283057
0.0,125,41.44762
3.0,272,49.527214
0.0,129,72.337908
3.0,253,80.421497
3.0,248,87.625707
2.0,208,94.42919
0.0,129,98.456756
0.0,129,102.253462
0.0,127,106.136571
2.0,222,113.156579
2.0,207,119.236027
0.0,127,123.208369
0.0,127,127.003812
2.0,200,133.088953
1.0,155,138.028054
0.0,125,142.010497
0.0,125,145.880387
0.0,129,149.901695
1.0,171,155.396533
3.0,254,163.986737
0.0,129,168.312322
1.0,172,173.978256
1.0,173,179.576305
0.0,125,183.459867
0.0,129,187.728633
0.0,127,191.382916
0.0,129,195.499986
1.0,171,200.845535
0.0,123,204.87317
