#{"t_start": 1544715600.9822478, "env_id": "BreakoutNoFrameskip-v4"}
r,l,t
0.0,129,39.686227
0.0,127,42.898018
0.0,125,46.257861
3.0,250,72.841043
1.0,173,78.101854
0.0,127,82.075023
0.0,125,85.436352
3.0,216,92.070914
0.0,125,96.021496
4.0,317,106.321883
1.0,157,111.09125
2.0,202,117.275205
0.0,127,120.932157
2.0,202,127.369933
2.0,205,133.584175
4.0,277,142.939077
0.0,125,146.848492
0.0,127,150.819415
0.0,129,154.627981
0.0,129,158.856291
0.0,127,162.899301
0.0,127,166.90385
1.0,175,172.860179
2.0,200,179.554618
3.0,254,188.164436
1.0,174,193.471402
0.0,129,197.55021
