grad_norm,P09:episode_rewards,policy_loss,frames,epoch_idx,PMM:episode_rewards,policy_entropy,fps,explained_variance,advantage_norm,episode_length,P01:episode_rewards,value_loss
51.844276367019454,3.0,-0.20786054694130143,8000,1,0.9111111111111111,1.326117796599865,521,-2.4868645054101943,5.458773506209254,164.66666666666666,0.0,3.4899802104587936
0.12333134040545725,3.0,1.3434531065286136e-05,16000,2,1.1333333333333333,1.3850295734405518,314,-3.546912296414375,0.7472382722049952,174.64444444444445,0.0,0.0061099869215786385
0.12439772315848303,3.0,-9.901233148411848e-05,24000,3,1.4,1.384376471042633,353,-3.148643305897713,0.8063140563294291,185.24,0.0,0.006541515353628711
0.1467030706947194,3.0,-0.00032674529516953045,32000,4,1.48,1.3833610379695893,379,-1.8898947727680206,0.7787318260967732,186.86,0.0,0.0062125122075667605
0.11709582646764932,3.0,0.0004925730056129396,40000,5,1.42,1.3816282367706298,394,-2.5530601680278777,0.7298196962103247,183.99,0.0,0.005582694101749439
0.13002125297367267,3.0,-0.0005849020119421766,48000,6,1.29,1.3834012842178345,404,-2.5345898175239565,0.7109982698783278,179.4,0.0,0.005570494930957466
0.1017766581965485,3.0,-0.0005651256027340423,56000,7,1.15,1.384660347700119,409,-2.8020966225862503,0.6093618883937597,173.42,0.0,0.0043841708624540844
0.11341559335235975,3.0,-4.933827382046729e-05,64000,8,1.09,1.3844482266902924,414,-1.5514357423782348,0.779605604968965,171.56,0.0,0.00584059973121839
