#{"t_start": 1546138361.539831, "env_id": "BreakoutNoFrameskip-v4"}
r,l,t
2.0,198,111.286325
0.0,125,120.281389
0.0,129,129.863185
