#{"t_start": 1546138363.990363, "env_id": "BreakoutNoFrameskip-v4"}
r,l,t
1.0,153,106.056199
1.0,175,118.348976
