#{"t_start": 1546138363.9870024, "env_id": "BreakoutNoFrameskip-v4"}
r,l,t
2.0,223,110.909181
0.0,127,120.341242
0.0,127,129.577634
