#{"t_start": 1546138366.4697664, "env_id": "BreakoutNoFrameskip-v4"}
r,l,t
2.0,222,108.337195
1.0,171,121.679798
0.0,129,131.668608
