#{"t_start": 1546138364.7548099, "env_id": "BreakoutNoFrameskip-v4"}
r,l,t
4.0,281,115.144065
0.0,127,124.425819
