#{"t_start": 1546138372.5816429, "env_id": "BreakoutNoFrameskip-v4"}
r,l,t
0.0,125,95.814036
1.0,157,106.364641
1.0,177,119.429
