#{"t_start": 1546138366.1066823, "env_id": "BreakoutNoFrameskip-v4"}
r,l,t
1.0,155,104.132244
1.0,173,116.279861
1.0,175,130.368229
