#{"t_start": 1546138370.9048724, "env_id": "BreakoutNoFrameskip-v4"}
r,l,t
0.0,127,97.673365
1.0,173,109.257254
0.0,129,119.006978
