#{"t_start": 1546138362.5903416, "env_id": "BreakoutNoFrameskip-v4"}
r,l,t
3.0,247,114.503766
3.0,218,131.228186
