#{"t_start": 1546138364.6254425, "env_id": "BreakoutNoFrameskip-v4"}
r,l,t
2.0,204,108.634779
1.0,178,122.795737
0.0,125,132.188119
