#{"t_start": 1546138362.823047, "env_id": "BreakoutNoFrameskip-v4"}
r,l,t
4.0,277,116.82569
1.0,153,128.225953
