#{"t_start": 1546138364.896619, "env_id": "BreakoutNoFrameskip-v4"}
r,l,t
1.0,153,105.178652
1.0,177,117.765381
1.0,155,129.485089
