#{"t_start": 1546138363.8678052, "env_id": "BreakoutNoFrameskip-v4"}
r,l,t
1.0,173,107.600233
1.0,153,118.222159
1.0,173,132.135298
