#{"t_start": 1546138364.0169358, "env_id": "BreakoutNoFrameskip-v4"}
r,l,t
1.0,155,106.187252
1.0,155,116.99031
1.0,153,128.330419
