#{"t_start": 1546138364.7098188, "env_id": "BreakoutNoFrameskip-v4"}
r,l,t
2.0,222,110.075669
0.0,129,119.700721
1.0,175,133.727641
