#{"t_start": 1546138364.670481, "env_id": "BreakoutNoFrameskip-v4"}
r,l,t
2.0,201,108.427655
2.0,201,124.040542
