#{"t_start": 1544715601.8993702, "env_id": "BreakoutNoFrameskip-v4"}
r,l,t
2.0,204,41.794079
2.0,201,46.637791
0.0,129,50.015093
3.0,254,75.714887
4.0,280,83.595596
1.0,173,88.881875
1.0,155,93.875463
1.0,176,98.216893
0.0,129,102.233603
2.0,218,108.986059
2.0,204,114.044895
2.0,202,118.933188
2.0,183,124.427763
1.0,173,129.498881
3.0,280,138.024905
2.0,203,144.843545
2.0,222,151.279125
1.0,176,157.419201
0.0,129,161.754831
2.0,225,169.619034
0.0,123,173.68938
0.0,129,177.931654
1.0,153,183.171175
2.0,185,189.455486
0.0,123,193.173697
1.0,175,199.097612
3.0,267,208.847313
