#{"t_start": 1544715597.690188, "env_id": "BreakoutNoFrameskip-v4"}
r,l,t
0.0,129,43.762659
2.0,202,48.885112
0.0,129,51.962828
0.0,125,74.292504
4.0,257,81.009518
2.0,204,86.379368
0.0,127,90.188564
3.0,233,97.934937
1.0,176,102.314804
2.0,204,109.159018
0.0,127,112.494094
0.0,129,115.176846
0.0,127,118.800426
0.0,129,122.024569
0.0,129,124.880427
0.0,127,128.743831
5.0,311,137.868739
0.0,125,141.732621
0.0,129,146.105283
2.0,204,152.177178
2.0,198,158.515722
4.0,302,169.393284
3.0,248,178.028741
3.0,252,186.930309
2.0,224,194.525339
0.0,127,198.467733
0.0,127,202.639938
1.0,173,208.818269
