#{"t_start": 1544715602.343925, "env_id": "BreakoutNoFrameskip-v4"}
r,l,t
3.0,218,41.758927
0.0,129,44.601603
0.0,129,47.768655
5.0,331,75.818785
1.0,176,80.311995
2.0,222,87.135183
0.0,125,91.005929
4.0,279,99.079401
1.0,157,104.287009
1.0,153,108.551846
0.0,127,110.839508
2.0,225,117.40106
3.0,250,124.479781
1.0,178,129.823327
0.0,129,132.989461
2.0,224,140.401555
1.0,155,145.509799
1.0,177,150.339572
0.0,129,154.587506
2.0,225,162.490084
0.0,125,166.756723
1.0,157,171.858609
0.0,127,176.194028
3.0,246,184.974131
0.0,129,189.126389
1.0,173,194.627478
0.0,129,198.879264
0.0,127,203.1832
