#{"t_start": 1544715602.1511106, "env_id": "BreakoutNoFrameskip-v4"}
r,l,t
2.0,225,42.179686
0.0,127,44.894175
0.0,125,48.061125
0.0,127,70.609314
0.0,127,74.068908
1.0,155,77.376994
0.0,129,80.585818
1.0,155,85.263885
0.0,127,89.203677
0.0,127,93.18706
0.0,127,96.468705
1.0,170,101.372258
1.0,157,106.094095
3.0,256,112.792044
3.0,268,119.520297
0.0,125,123.384468
0.0,129,127.507441
3.0,270,134.803145
5.0,374,147.483502
0.0,125,150.948866
1.0,175,157.038364
0.0,127,161.302002
2.0,190,167.863616
2.0,202,174.856006
1.0,175,180.825909
1.0,175,187.007543
3.0,274,196.030565
0.0,127,200.217164
0.0,129,204.822033
