#{"t_start": 1544715601.8884676, "env_id": "BreakoutNoFrameskip-v4"}
r,l,t
1.0,155,40.4166
1.0,157,44.278423
2.0,199,49.445786
0.0,127,71.847475
3.0,253,78.433497
5.0,334,88.336935
1.0,171,93.927456
2.0,223,99.981638
1.0,152,104.919191
1.0,173,109.482457
0.0,127,112.345125
0.0,123,115.990846
2.0,199,120.488324
1.0,157,125.544985
1.0,173,130.605186
0.0,125,133.561668
3.0,250,142.163466
3.0,251,149.779463
1.0,152,154.628979
2.0,205,161.853052
4.0,321,173.160392
0.0,129,177.50933
2.0,224,185.482834
5.0,331,196.671648
1.0,178,202.810194
0.0,127,207.328753
