#{"t_start": 1544715601.7301972, "env_id": "BreakoutNoFrameskip-v4"}
r,l,t
2.0,181,41.281779
1.0,159,45.058558
1.0,172,49.655416
1.0,173,73.277077
0.0,129,76.237934
1.0,152,80.402128
2.0,221,86.563925
0.0,125,90.571134
1.0,177,95.97688
2.0,204,101.7983
0.0,129,105.681733
0.0,127,109.235294
0.0,129,111.651493
1.0,173,116.846389
2.0,201,121.719005
3.0,250,129.425953
2.0,224,135.76582
2.0,203,142.762885
1.0,155,147.639608
0.0,127,150.9185
5.0,349,163.488108
0.0,127,167.698191
5.0,333,179.577113
6.0,344,191.599494
1.0,174,197.332051
2.0,201,204.457202
0.0,127,208.879995
