#{"t_start": 1544715598.1314838, "env_id": "BreakoutNoFrameskip-v4"}
r,l,t
2.0,201,45.496822
1.0,177,49.686205
0.0,125,52.899126
0.0,127,75.409777
0.0,127,78.606935
0.0,127,81.30904
1.0,173,85.809279
1.0,152,90.455681
1.0,172,95.879363
0.0,127,99.783778
1.0,157,103.849647
2.0,200,110.193776
2.0,206,114.974271
0.0,129,119.006801
2.0,220,124.181266
1.0,175,129.969502
5.0,328,139.215615
1.0,173,145.218328
0.0,125,149.276071
0.0,125,152.450105
1.0,155,157.352644
0.0,129,161.651888
1.0,177,167.802651
4.0,301,178.412155
3.0,252,187.425126
9.0,405,201.463977
0.0,127,205.588531
1.0,173,211.888156
