#{"t_start": 1544715602.258431, "env_id": "BreakoutNoFrameskip-v4"}
r,l,t
1.0,155,40.02837
1.0,177,44.352478
1.0,175,48.916999
5.0,369,77.947564
2.0,225,84.27756
0.0,127,88.057762
0.0,127,91.838081
1.0,157,96.415977
0.0,129,99.817354
0.0,129,104.030642
0.0,127,107.409381
5.0,330,116.413242
4.0,300,124.773393
1.0,171,129.865784
0.0,129,133.046081
2.0,202,139.642964
2.0,201,146.335411
2.0,184,151.478469
3.0,250,160.368036
3.0,251,169.200156
1.0,155,174.472809
1.0,173,180.321277
0.0,129,184.804685
1.0,173,190.414593
2.0,224,197.97288
0.0,129,202.201684
0.0,129,206.805413
