#{"t_start": 1544715597.7104044, "env_id": "BreakoutNoFrameskip-v4"}
r,l,t
2.0,200,45.880606
0.0,129,48.824501
0.0,129,51.862536
1.0,175,75.919105
0.0,127,79.075742
1.0,178,83.515848
2.0,202,89.117004
3.0,231,96.463577
0.0,129,100.429597
0.0,129,103.532362
3.0,213,110.356292
0.0,125,113.554327
0.0,125,116.203398
4.0,303,124.218547
3.0,255,132.549349
0.0,129,136.250543
9.0,382,148.39718
1.0,175,153.401755
2.0,205,160.206896
1.0,155,165.602625
0.0,129,170.006424
7.0,428,185.297776
0.0,127,189.645844
1.0,153,194.507981
1.0,154,199.46188
0.0,129,203.714814
3.0,249,212.860878
