#{"t_start": 1544715602.3490877, "env_id": "BreakoutNoFrameskip-v4"}
r,l,t
1.0,173,40.44187
0.0,125,43.524871
2.0,184,48.063054
0.0,129,70.622348
0.0,129,74.0549
0.0,129,76.656218
0.0,129,80.061204
2.0,185,85.430629
2.0,202,91.836173
1.0,155,96.327721
5.0,310,105.896945
1.0,157,109.605465
1.0,177,114.705079
2.0,200,119.193082
0.0,129,123.170878
2.0,224,130.119604
1.0,157,133.968343
0.0,129,138.19647
1.0,157,143.420215
2.0,188,148.960153
3.0,276,158.492103
6.0,380,172.008628
1.0,175,178.135007
0.0,127,182.416956
3.0,230,190.240988
0.0,129,194.261404
0.0,127,198.44095
0.0,127,202.694595
