#{"t_start": 1544715600.4223316, "env_id": "BreakoutNoFrameskip-v4"}
r,l,t
1.0,155,41.864416
2.0,205,46.827408
3.0,250,72.917401
0.0,127,76.17887
0.0,127,78.822115
0.0,127,82.126118
1.0,157,86.68944
0.0,125,90.545427
1.0,155,95.597697
0.0,129,98.738865
1.0,153,103.181407
2.0,220,109.883959
1.0,155,113.212848
0.0,127,117.124278
1.0,173,120.723797
3.0,251,129.037795
0.0,129,132.617543
1.0,175,137.05044
0.0,125,141.266377
2.0,225,148.788241
2.0,200,154.570172
0.0,125,158.806963
1.0,176,164.924644
0.0,129,169.169773
2.0,222,176.894838
0.0,127,181.140786
0.0,125,185.395213
1.0,153,190.488926
1.0,157,195.356063
2.0,205,202.379545
0.0,129,207.034844
