#{"t_start": 1544715600.1948583, "env_id": "BreakoutNoFrameskip-v4"}
r,l,t
2.0,183,42.89048
2.0,202,47.879543
1.0,176,71.462473
0.0,127,74.918447
0.0,127,77.795113
1.0,155,82.00735
0.0,129,85.512753
1.0,155,90.062136
0.0,125,93.73558
2.0,203,99.503344
2.0,182,105.222149
3.0,249,111.866518
0.0,125,115.37774
2.0,220,120.745311
2.0,220,127.77888
2.0,201,133.7874
0.0,127,136.506409
0.0,125,140.699349
0.0,127,144.77934
2.0,202,150.789711
0.0,127,154.66235
2.0,202,161.773299
2.0,202,168.902997
2.0,220,176.501967
15.0,536,195.532352
1.0,153,200.693357
2.0,223,208.713475
