#{"t_start": 1544715595.6443841, "env_id": "BreakoutNoFrameskip-v4"}
r,l,t
2.0,204,48.060842
0.0,127,50.938886
0.0,125,53.845588
3.0,217,78.891227
1.0,155,82.73246
0.0,129,86.218464
1.0,153,90.317212
0.0,125,93.911217
2.0,182,99.881663
1.0,157,103.883356
0.0,125,107.582423
1.0,175,112.817368
0.0,127,115.979432
0.0,127,119.093482
2.0,224,124.92928
0.0,125,128.290949
0.0,125,132.176844
0.0,125,135.391396
2.0,200,140.816716
0.0,129,145.140825
1.0,172,150.892341
0.0,129,154.352043
3.0,270,163.494954
4.0,321,175.034202
0.0,127,179.094849
2.0,202,186.179031
3.0,233,194.473739
0.0,127,198.209744
2.0,192,204.713536
0.0,129,208.985376
