fps,advantage_norm,grad_norm,episode_length,policy_loss,explained_variance,P09:episode_rewards,P01:episode_rewards,value_loss,frames,epoch_idx,policy_entropy,PMM:episode_rewards
537,4.644413614161312,31.78798817684002,163.15217391304347,0.07789841829093348,-7.66922554910183,2.0,0.0,1.2753903292050426,8000,1,1.31934295989573,0.9782608695652174
330,0.6909085818007589,0.1146053725995873,166.0,0.0007474649227515328,-5.0582045632600785,3.0,0.0,0.005174410625340897,16000,2,1.381002538204193,1.0104166666666667
373,0.552109986776486,0.08990226328074145,166.23,0.0007807649533788207,-7.491536986231804,3.0,0.0,0.004403103458371333,24000,3,1.383479026556015,1.02
401,0.6946112476475537,0.08818410379926825,163.94,0.00030294743288322934,-3.883348367214203,2.0,0.0,0.005241530454347867,32000,4,1.3850515854358674,0.99
421,0.8140075865015387,0.09569685308728375,180.38,-0.0003775193361798301,-1.5533916473388671,3.0,0.0,0.00625086205185653,40000,5,1.3853224861621856,1.33
430,0.7378028409555555,0.11635271401602719,185.25,-0.0005698281175136799,-3.093409024477005,3.0,0.0,0.005992409909845264,48000,6,1.3853646397590638,1.44
432,0.707145465835929,0.085416661545771,179.16,-0.0006380445108516142,-1.6975028681755067,3.0,0.0,0.005316651910898145,56000,7,1.3858093798160553,1.29
432,0.8872317910194397,0.11761194338449908,189.92,0.0005334863487223628,-1.5195118224620818,4.0,0.0,0.007034782873688528,64000,8,1.3853903639316558,1.54
433,0.7198079789057374,0.09651408936806204,195.97,-0.00015816995521163334,-2.717439950108528,4.0,0.0,0.00539338105250863,72000,9,1.3837763667106628,1.75
