#{"t_start": 1546138369.7661133, "env_id": "BreakoutNoFrameskip-v4"}
r,l,t
3.0,248,110.515162
3.0,248,132.046349
