#{"t_start": 1546138372.6569424, "env_id": "BreakoutNoFrameskip-v4"}
r,l,t
0.0,125,97.881158
5.0,350,127.136283
