#{"t_start": 1546138370.5281994, "env_id": "BreakoutNoFrameskip-v4"}
r,l,t
1.0,171,103.831326
4.0,299,128.863258
