#{"t_start": 1546138371.3172941, "env_id": "BreakoutNoFrameskip-v4"}
r,l,t
3.0,248,109.027198
0.0,129,119.419016
