#{"t_start": 1546138373.0291607, "env_id": "BreakoutNoFrameskip-v4"}
r,l,t
3.0,248,107.334949
0.0,125,117.271483
