#{"t_start": 1546138373.0088758, "env_id": "BreakoutNoFrameskip-v4"}
r,l,t
0.0,125,97.59546
2.0,202,112.942322
0.0,125,123.397298
