#{"t_start": 1546138370.503013, "env_id": "BreakoutNoFrameskip-v4"}
r,l,t
0.0,127,100.229419
0.0,127,109.076921
0.0,129,119.549364
