#{"t_start": 1546138372.9319468, "env_id": "BreakoutNoFrameskip-v4"}
r,l,t
0.0,125,97.688531
4.0,317,123.87604
