#{"t_start": 1546138367.2821946, "env_id": "BreakoutNoFrameskip-v4"}
r,l,t
0.0,125,103.268315
1.0,176,116.070954
0.0,129,126.77582
