#{"t_start": 1546138372.7213295, "env_id": "BreakoutNoFrameskip-v4"}
r,l,t
1.0,152,99.923491
0.0,129,108.860225
