#{"t_start": 1546138366.3068988, "env_id": "BreakoutNoFrameskip-v4"}
r,l,t
3.0,248,113.996752
0.0,127,124.169322
