#{"t_start": 1546138370.8876507, "env_id": "BreakoutNoFrameskip-v4"}
r,l,t
2.0,200,105.662871
0.0,129,115.323521
0.0,129,126.27238
