#{"t_start": 1546138372.4917119, "env_id": "BreakoutNoFrameskip-v4"}
r,l,t
3.0,246,107.498617
0.0,127,117.781833
