#{"t_start": 1546138370.7010775, "env_id": "BreakoutNoFrameskip-v4"}
r,l,t
2.0,198,105.638374
1.0,173,119.466612
