#{"t_start": 1544715587.462258, "env_id": "BreakoutNoFrameskip-v4"}
r,l,t
3.0,246,56.732301
0.0,125,60.421761
0.0,129,63.692736
4.0,301,89.947115
0.0,129,92.416669
0.0,127,96.340339
1.0,155,99.69655
0.0,125,102.421566
4.0,283,108.559739
0.0,125,111.552915
0.0,129,115.311766
1.0,155,119.255361
0.0,127,121.739616
0.0,129,124.706383
1.0,159,128.786833
2.0,223,134.217333
0.0,127,137.902013
0.0,129,141.634285
8.0,376,150.73319
1.0,175,154.865177
2.0,202,160.4742
2.0,202,165.112918
0.0,127,168.02531
1.0,157,172.316242
0.0,129,174.894356
0.0,127,177.511466
1.0,173,181.309315
0.0,127,183.870516
0.0,129,186.151675
0.0,125,188.58015
3.0,252,196.059419
1.0,175,201.187839
0.0,125,204.163723
2.0,182,208.389726
1.0,151,211.39939
3.0,253,216.429834
