#{"t_start": 1544715597.1302712, "env_id": "BreakoutNoFrameskip-v4"}
r,l,t
0.0,129,43.624026
5.0,333,53.562155
1.0,154,76.678984
1.0,157,79.674521
0.0,127,82.206607
2.0,199,87.485169
0.0,129,90.532546
5.0,326,97.743131
1.0,176,101.852412
4.0,297,110.336957
1.0,176,113.787629
0.0,129,117.517773
0.0,127,120.076325
2.0,224,126.028637
1.0,155,130.151243
1.0,157,134.284254
2.0,222,139.299335
1.0,173,143.378993
3.0,252,150.682179
3.0,252,156.373314
5.0,346,165.344368
0.0,127,167.963231
3.0,250,173.628526
5.0,350,181.403543
0.0,129,184.796288
0.0,129,188.468259
0.0,129,192.181687
2.0,225,197.761495
2.0,200,201.848197
0.0,129,204.036929
