#{"t_start": 1544715602.3878782, "env_id": "BreakoutNoFrameskip-v4"}
r,l,t
3.0,230,41.359267
1.0,175,46.630706
0.0,125,49.485455
0.0,129,72.47966
0.0,129,74.453609
5.0,328,82.554347
5.0,346,90.979208
3.0,251,96.516279
1.0,173,101.345484
3.0,252,107.418122
0.0,129,110.655674
3.0,250,116.904884
0.0,129,119.918735
7.0,409,131.332016
0.0,129,133.930846
0.0,123,136.90497
1.0,155,140.737067
3.0,257,147.503842
0.0,127,150.420783
8.0,354,159.590902
2.0,220,164.155859
1.0,171,167.997404
1.0,175,171.26866
0.0,123,173.685409
0.0,127,177.207065
1.0,175,182.33702
0.0,129,186.115982
2.0,203,191.055984
1.0,157,194.547242
1.0,176,197.67475
0.0,127,199.963309
0.0,127,203.369088
