#{"t_start": 1544715601.6749506, "env_id": "BreakoutNoFrameskip-v4"}
r,l,t
3.0,253,42.743182
0.0,129,46.581773
2.0,205,71.151431
1.0,173,74.909675
2.0,224,80.342304
2.0,204,85.235236
1.0,170,89.124096
0.0,129,92.056485
2.0,200,96.270848
4.0,305,104.875737
0.0,127,107.364526
2.0,204,112.757822
0.0,127,115.34095
1.0,157,119.333642
0.0,125,122.781935
0.0,127,125.911279
0.0,127,129.352763
1.0,173,133.218813
0.0,129,136.160942
4.0,302,143.724361
4.0,304,151.510077
1.0,175,156.25871
2.0,220,161.282119
0.0,127,163.729404
1.0,173,167.770389
2.0,202,171.728112
0.0,127,174.137106
0.0,125,177.725641
1.0,171,182.365853
1.0,172,187.308259
2.0,202,192.236542
0.0,123,195.039173
1.0,155,197.876943
0.0,127,200.115655
3.0,250,206.207459
