#{"t_start": 1544715602.3118227, "env_id": "BreakoutNoFrameskip-v4"}
r,l,t
1.0,173,39.793822
5.0,329,49.260882
5.0,330,76.033962
0.0,129,79.306546
0.0,129,82.401346
3.0,252,88.402015
0.0,129,91.356847
3.0,270,97.408275
5.0,328,106.315106
0.0,129,108.826938
1.0,152,113.142118
0.0,125,115.558464
0.0,125,118.819914
2.0,187,123.935979
1.0,157,128.349176
1.0,155,131.854789
1.0,157,135.412393
2.0,185,139.840535
0.0,129,142.873044
0.0,127,146.552758
2.0,202,150.997826
2.0,202,156.150881
2.0,184,160.529089
3.0,249,165.992475
0.0,125,168.720542
1.0,173,171.807269
3.0,272,179.037161
0.0,127,182.701615
1.0,175,187.446542
0.0,129,190.677322
2.0,216,195.37308
1.0,173,198.560549
1.0,173,202.367038
