#{"t_start": 1544715602.2613013, "env_id": "BreakoutNoFrameskip-v4"}
r,l,t
0.0,127,38.41711
1.0,173,43.061926
1.0,155,47.85097
0.0,127,70.218382
1.0,175,74.024999
1.0,175,77.45367
0.0,127,81.160452
1.0,175,85.122573
1.0,170,88.918647
1.0,176,92.56372
0.0,127,95.35071
0.0,129,98.934715
0.0,125,102.039711
0.0,125,105.287006
0.0,127,107.735645
0.0,129,110.882799
0.0,129,113.95757
5.0,330,122.862141
2.0,202,128.501635
4.0,299,135.584557
0.0,129,138.210642
0.0,127,141.46307
0.0,129,145.218777
2.0,202,149.790816
0.0,129,152.600445
0.0,127,156.015085
0.0,125,158.915142
0.0,125,161.663259
1.0,171,165.183105
0.0,125,167.876442
0.0,129,170.088165
0.0,129,172.941957
0.0,129,175.71783
3.0,274,183.997696
0.0,127,187.295631
0.0,127,190.279832
2.0,200,194.899629
1.0,173,198.005562
1.0,171,201.572842
1.0,175,205.799333
