#{"t_start": 1544715596.173157, "env_id": "BreakoutNoFrameskip-v4"}
r,l,t
0.0,127,44.507678
0.0,127,47.853999
3.0,219,54.443168
1.0,173,78.214384
0.0,125,80.361097
1.0,155,83.41373
4.0,280,90.85683
3.0,248,96.695194
4.0,319,104.243198
1.0,173,109.152937
0.0,129,111.969843
0.0,125,114.360475
0.0,127,117.849479
2.0,200,122.637292
0.0,127,125.579138
0.0,129,129.340739
1.0,173,134.183924
4.0,301,141.040797
0.0,129,143.949338
1.0,173,148.540668
0.0,129,152.091644
2.0,225,157.137625
0.0,125,160.402061
0.0,129,163.74963
0.0,123,166.146784
0.0,125,168.75157
3.0,270,174.809003
2.0,204,178.807468
2.0,201,183.787817
0.0,127,187.61397
2.0,202,193.300509
1.0,157,197.190445
1.0,178,201.092632
0.0,123,203.321552
0.0,123,205.443526
1.0,159,209.357577
