#{"t_start": 1544715593.893983, "env_id": "BreakoutNoFrameskip-v4"}
r,l,t
0.0,129,46.860305
0.0,129,50.220764
0.0,127,53.990061
5.0,335,81.957929
1.0,157,84.881921
2.0,200,90.289686
0.0,129,93.114949
4.0,299,100.198517
8.0,427,111.408833
0.0,127,114.193022
0.0,129,116.66986
1.0,175,121.513396
0.0,129,124.09452
0.0,129,127.372832
0.0,123,130.864317
1.0,173,135.767962
1.0,176,139.73971
2.0,184,144.073272
3.0,250,150.222155
0.0,127,153.854402
2.0,224,159.001311
0.0,129,162.173188
2.0,186,166.71099
1.0,178,170.687917
1.0,153,174.024049
1.0,173,177.571956
0.0,127,179.820404
0.0,127,182.257091
2.0,205,188.118913
0.0,129,191.88804
0.0,125,195.418149
1.0,171,199.599021
0.0,129,202.317561
0.0,129,204.859779
0.0,129,207.016492
1.0,173,210.880368
