#{"t_start": 1544715600.6930275, "env_id": "BreakoutNoFrameskip-v4"}
r,l,t
1.0,173,41.403742
0.0,129,44.689414
0.0,127,48.605707
2.0,225,74.063485
1.0,175,76.976981
0.0,127,79.724067
0.0,127,83.3597
0.0,125,85.925224
0.0,129,88.813595
6.0,360,97.059699
0.0,125,100.48278
0.0,129,103.774695
0.0,129,107.005844
0.0,125,109.427069
1.0,151,113.379696
4.0,299,120.710583
0.0,125,124.266874
0.0,129,127.880977
2.0,205,132.797234
0.0,127,135.411409
0.0,127,138.286353
4.0,280,146.06819
1.0,169,149.958826
3.0,230,155.693409
1.0,173,159.864576
0.0,127,162.768813
1.0,159,165.892361
2.0,219,170.772922
5.0,348,178.928336
0.0,125,182.344036
0.0,125,185.913111
1.0,157,190.185551
1.0,176,194.479673
0.0,129,196.867411
1.0,157,199.700001
0.0,129,202.188324
0.0,129,205.965264
