#{"t_start": 1544715600.8371937, "env_id": "BreakoutNoFrameskip-v4"}
r,l,t
2.0,202,42.191198
1.0,173,47.177269
0.0,129,50.428941
2.0,199,74.764181
0.0,127,76.863519
4.0,281,83.996519
3.0,232,89.455755
1.0,155,93.100997
1.0,172,96.511796
5.0,350,106.469328
1.0,178,109.954784
3.0,230,116.035943
0.0,129,119.098143
1.0,173,123.934091
0.0,127,127.290657
6.0,381,136.722562
1.0,172,140.667006
1.0,177,145.63577
0.0,129,148.763059
2.0,200,153.151961
1.0,157,157.391739
0.0,129,160.372608
4.0,300,167.196562
1.0,175,170.750284
0.0,125,172.964622
1.0,151,176.097773
4.0,314,185.768439
0.0,127,189.082233
1.0,154,192.860376
5.0,354,200.145224
4.0,301,207.298666
