#{"t_start": 1544715600.2347224, "env_id": "BreakoutNoFrameskip-v4"}
r,l,t
2.0,223,43.339912
3.0,267,51.033657
0.0,127,73.622451
1.0,173,76.901285
2.0,206,82.318038
5.0,352,90.727218
1.0,173,94.338944
2.0,198,98.870085
0.0,125,102.464208
3.0,272,109.031247
0.0,129,112.040909
0.0,129,115.396147
6.0,416,126.394997
5.0,329,135.00919
3.0,230,140.299432
0.0,127,143.535172
1.0,176,148.489125
0.0,127,151.277776
0.0,129,153.905629
3.0,248,160.542357
0.0,129,163.356997
4.0,301,170.00401
0.0,127,172.214493
0.0,123,174.805555
2.0,201,179.824506
2.0,221,186.463463
0.0,129,189.921368
3.0,252,195.945753
2.0,223,200.236887
0.0,127,202.683481
0.0,127,206.437734
