#{"t_start": 1544715601.4134667, "env_id": "BreakoutNoFrameskip-v4"}
r,l,t
3.0,250,42.912486
2.0,222,49.508041
0.0,127,71.853863
0.0,127,74.558288
0.0,129,76.715386
4.0,320,85.083769
0.0,129,87.874393
0.0,129,90.804653
4.0,321,98.269043
0.0,129,101.934143
0.0,127,105.216501
1.0,155,108.356893
0.0,125,111.482706
3.0,228,116.987328
4.0,299,125.183486
0.0,129,129.040997
0.0,129,131.787314
1.0,157,135.046907
1.0,152,138.640132
2.0,202,143.829674
1.0,155,148.139546
0.0,127,150.852975
1.0,169,155.114778
0.0,127,158.416314
5.0,349,166.09825
3.0,248,171.158952
2.0,202,175.404199
2.0,186,180.722986
4.0,301,189.746403
0.0,129,192.590108
1.0,153,195.956075
2.0,202,199.6706
1.0,155,202.952222
0.0,127,206.293531
