#{"t_start": 1544715601.8611434, "env_id": "BreakoutNoFrameskip-v4"}
r,l,t
3.0,230,41.886773
0.0,125,45.434344
0.0,129,49.000815
0.0,129,71.406016
4.0,301,77.769475
4.0,299,85.767108
10.0,433,95.578707
0.0,127,99.081401
1.0,155,103.3037
2.0,220,108.227619
3.0,247,114.602211
1.0,173,118.752939
0.0,129,122.392098
1.0,157,126.764938
3.0,248,132.759359
1.0,157,136.384484
3.0,232,141.939207
1.0,157,146.46875
1.0,173,150.254573
2.0,202,155.344353
1.0,172,159.514978
3.0,251,164.877883
0.0,129,167.82083
0.0,127,170.149164
1.0,171,173.674008
2.0,224,179.728843
4.0,319,189.183624
1.0,171,193.361347
5.0,311,199.397227
2.0,224,205.288709
