#{"t_start": 1546138368.4093978, "env_id": "BreakoutNoFrameskip-v4"}
r,l,t
0.0,127,102.878327
1.0,175,116.987714
1.0,155,128.570905
