#{"t_start": 1546138367.638447, "env_id": "BreakoutNoFrameskip-v4"}
r,l,t
0.0,127,103.709168
0.0,127,113.413716
0.0,125,123.193833
0.0,127,132.368384
