#{"t_start": 1546138369.974524, "env_id": "BreakoutNoFrameskip-v4"}
r,l,t
0.0,127,101.432395
2.0,202,117.954458
0.0,127,126.910913
