#{"t_start": 1546138367.3656514, "env_id": "BreakoutNoFrameskip-v4"}
r,l,t
3.0,252,114.715618
1.0,157,126.831826
0.0,129,136.684402
