#{"t_start": 1546138372.0124366, "env_id": "BreakoutNoFrameskip-v4"}
r,l,t
2.0,220,107.205999
0.0,129,117.512786
0.0,125,126.335472
