#{"t_start": 1546138371.381645, "env_id": "BreakoutNoFrameskip-v4"}
r,l,t
2.0,202,106.332514
1.0,157,119.167593
