#{"t_start": 1546138373.031668, "env_id": "BreakoutNoFrameskip-v4"}
r,l,t
0.0,127,98.39776
0.0,127,108.100258
0.0,127,118.039443
1.0,170,130.930749
