#{"t_start": 1546138372.7223203, "env_id": "BreakoutNoFrameskip-v4"}
r,l,t
0.0,127,98.7199
1.0,157,111.051654
3.0,234,129.555939
