#{"t_start": 1546138365.760028, "env_id": "BreakoutNoFrameskip-v4"}
r,l,t
1.0,175,110.375592
2.0,201,125.81116
