#{"t_start": 1546138367.625855, "env_id": "BreakoutNoFrameskip-v4"}
r,l,t
4.0,300,119.115227
1.0,169,131.6854
