#{"t_start": 1546138370.3753853, "env_id": "BreakoutNoFrameskip-v4"}
r,l,t
1.0,173,105.546143
0.0,125,114.569299
0.0,127,123.951524
0.0,129,133.907706
