#{"t_start": 1546138367.5419462, "env_id": "BreakoutNoFrameskip-v4"}
r,l,t
4.0,296,118.90161
0.0,125,127.484229
