#{"t_start": 1546138368.974476, "env_id": "BreakoutNoFrameskip-v4"}
r,l,t
3.0,252,113.077608
3.0,251,133.173862
