#{"t_start": 1546138368.7699683, "env_id": "BreakoutNoFrameskip-v4"}
r,l,t
3.0,270,114.946598
0.0,127,124.08883
0.0,127,134.02506
