#{"t_start": 1546138368.5177696, "env_id": "BreakoutNoFrameskip-v4"}
r,l,t
0.0,127,102.867113
0.0,127,112.562238
1.0,176,126.115975
