#{"t_start": 1546138366.3528519, "env_id": "BreakoutNoFrameskip-v4"}
r,l,t
0.0,129,105.239723
1.0,155,117.390496
1.0,177,131.150062
