#{"t_start": 1546138370.9980607, "env_id": "BreakoutNoFrameskip-v4"}
r,l,t
0.0,129,98.296366
1.0,171,108.834428
2.0,198,123.696292
