#{"t_start": 1546138369.3248496, "env_id": "BreakoutNoFrameskip-v4"}
r,l,t
0.0,125,99.706599
0.0,127,107.55287
2.0,200,122.325237
