#{"t_start": 1546138366.430667, "env_id": "BreakoutNoFrameskip-v4"}
r,l,t
0.0,125,102.633361
0.0,125,110.368844
2.0,203,125.317413
