#{"t_start": 1546138368.958449, "env_id": "BreakoutNoFrameskip-v4"}
r,l,t
2.0,198,105.287568
0.0,123,112.330578
1.0,157,124.625811
