#{"t_start": 1546138372.6743145, "env_id": "BreakoutNoFrameskip-v4"}
r,l,t
2.0,200,101.709695
2.0,198,115.457039
