#{"t_start": 1546138372.7929637, "env_id": "BreakoutNoFrameskip-v4"}
r,l,t
0.0,127,96.418381
1.0,172,106.985954
2.0,198,121.821876
