#{"t_start": 1546138370.9415224, "env_id": "BreakoutNoFrameskip-v4"}
r,l,t
1.0,173,101.602013
5.0,348,126.806654
