#{"t_start": 1546138370.804343, "env_id": "BreakoutNoFrameskip-v4"}
r,l,t
0.0,125,98.28405
2.0,200,110.996237
2.0,202,126.371557
