#{"t_start": 1546138367.4460413, "env_id": "BreakoutNoFrameskip-v4"}
r,l,t
0.0,123,101.437511
1.0,155,110.797195
2.0,200,126.112785
