#{"t_start": 1546138370.3647547, "env_id": "BreakoutNoFrameskip-v4"}
r,l,t
0.0,127,98.811835
2.0,198,111.406934
0.0,129,121.429764
