#{"t_start": 1546138370.1027503, "env_id": "BreakoutNoFrameskip-v4"}
r,l,t
2.0,198,104.122578
2.0,199,117.956428
