#{"t_start": 1546138366.984931, "env_id": "BreakoutNoFrameskip-v4"}
r,l,t
0.0,129,102.334909
2.0,182,113.375881
0.0,125,123.425484
