#{"t_start": 1546138372.036514, "env_id": "BreakoutNoFrameskip-v4"}
r,l,t
2.0,217,103.464424
0.0,127,111.480438
0.0,127,120.988939
