#{"t_start": 1546138369.5917215, "env_id": "BreakoutNoFrameskip-v4"}
r,l,t
1.0,153,101.271994
5.0,351,126.558065
