#{"t_start": 1546138365.0247724, "env_id": "BreakoutNoFrameskip-v4"}
r,l,t
5.0,350,120.231231
0.0,127,129.215097
