#{"t_start": 1544715601.8519628, "env_id": "BreakoutNoFrameskip-v4"}
r,l,t
2.0,226,42.713955
1.0,172,47.496468
0.0,129,50.203266
2.0,198,75.240116
2.0,221,79.720485
0.0,127,82.579928
0.0,125,85.514157
0.0,125,89.044835
1.0,153,93.178558
0.0,129,97.158554
2.0,223,104.315167
0.0,125,108.075201
0.0,129,112.321193
3.0,248,120.349291
0.0,129,124.23023
0.0,129,128.467905
0.0,125,132.169084
1.0,173,138.040251
0.0,129,142.262813
2.0,187,148.386277
0.0,125,152.386921
2.0,201,159.5337
1.0,157,164.860146
1.0,173,170.364546
1.0,175,176.0943
0.0,127,180.246865
2.0,202,187.20928
2.0,224,194.594424
2.0,202,201.213282
