#{"t_start": 1544715593.8005667, "env_id": "BreakoutNoFrameskip-v4"}
r,l,t
1.0,157,48.689312
2.0,222,54.959102
0.0,127,57.867188
3.0,254,83.979873
0.0,129,86.714637
2.0,203,91.098855
2.0,202,96.750429
0.0,129,100.236792
1.0,153,104.746469
3.0,249,112.713583
1.0,155,117.588134
0.0,129,121.854294
0.0,129,125.751824
0.0,125,129.548022
3.0,252,137.856944
1.0,173,143.66503
1.0,173,149.378765
1.0,155,154.374636
0.0,125,158.285668
3.0,250,167.365847
0.0,127,171.397104
0.0,129,175.364788
0.0,127,179.379693
2.0,200,186.349671
2.0,223,193.924163
1.0,173,199.625543
3.0,229,207.110643
0.0,129,211.187905
