#{"t_start": 1544715591.57596, "env_id": "BreakoutNoFrameskip-v4"}
r,l,t
0.0,127,49.98642
0.0,127,53.328847
1.0,173,58.276425
2.0,224,83.359375
2.0,200,87.906243
0.0,127,90.536921
1.0,170,94.454677
1.0,176,99.368545
3.0,252,106.995666
2.0,184,112.603195
1.0,155,117.658253
0.0,125,121.653184
1.0,157,126.649845
0.0,127,130.446015
1.0,157,135.319406
0.0,127,139.392429
1.0,173,145.069958
0.0,127,149.146662
3.0,246,157.481193
0.0,127,161.509466
0.0,127,165.892525
0.0,129,170.155428
0.0,129,174.495496
0.0,127,178.292481
0.0,127,182.266428
3.0,252,191.042347
2.0,200,197.840435
1.0,170,203.38829
0.0,125,207.307392
0.0,129,211.308485
