#{"t_start": 1544715600.8239176, "env_id": "BreakoutNoFrameskip-v4"}
r,l,t
2.0,200,43.085936
0.0,125,46.270016
0.0,129,49.842657
0.0,127,71.986001
2.0,204,77.171258
1.0,171,80.603503
3.0,248,86.689749
1.0,155,91.211723
0.0,125,94.499077
3.0,268,103.092089
0.0,129,107.212446
1.0,153,112.193259
0.0,129,116.098966
4.0,321,126.607797
0.0,129,130.766986
1.0,173,136.583368
8.0,352,148.615477
3.0,248,157.478757
7.0,429,172.254835
0.0,127,176.378435
0.0,129,180.722974
1.0,173,186.469711
3.0,269,195.528658
1.0,173,201.16539
0.0,127,205.241467
