#{"t_start": 1544715602.3208241, "env_id": "BreakoutNoFrameskip-v4"}
r,l,t
0.0,127,39.24291
3.0,251,46.407019
4.0,297,73.831122
1.0,178,77.448288
0.0,129,80.078792
9.0,395,91.151637
2.0,203,97.329361
4.0,297,106.98614
8.0,352,118.865545
0.0,129,122.782488
0.0,129,126.863184
0.0,127,130.724463
0.0,129,135.029837
4.0,295,145.160307
0.0,127,149.151214
0.0,127,153.485724
0.0,129,157.779254
0.0,129,161.986872
0.0,127,165.883997
0.0,127,169.97923
0.0,129,174.065032
0.0,129,178.397316
2.0,202,185.224637
1.0,157,190.303329
2.0,200,196.949869
0.0,125,200.768394
