#{"t_start": 1544715597.2853124, "env_id": "BreakoutNoFrameskip-v4"}
r,l,t
1.0,155,45.140393
0.0,129,48.29642
1.0,157,53.01427
0.0,127,74.88953
4.0,302,82.632712
1.0,171,86.116606
0.0,129,89.412133
1.0,151,93.530643
0.0,123,96.916026
5.0,350,108.191891
2.0,224,115.627632
0.0,129,119.564633
1.0,177,125.191849
0.0,129,129.103905
3.0,250,137.411684
2.0,204,144.326507
3.0,235,152.258166
1.0,155,157.5009
0.0,127,161.96772
2.0,220,169.46901
0.0,127,173.306134
3.0,270,182.718784
1.0,173,188.38905
0.0,127,192.592311
0.0,125,196.554781
1.0,175,202.185911
0.0,129,206.159861
