#{"t_start": 1544715601.8780928, "env_id": "BreakoutNoFrameskip-v4"}
r,l,t
0.0,129,39.775449
2.0,183,44.742397
10.0,403,75.342168
0.0,129,77.725245
0.0,125,80.345939
2.0,204,85.228368
1.0,155,89.696788
3.0,275,98.112757
2.0,191,104.125845
0.0,127,107.93507
3.0,252,116.520948
0.0,127,120.272638
4.0,263,128.988595
2.0,204,135.851551
1.0,173,141.580411
2.0,204,148.276626
0.0,125,152.289904
1.0,155,157.901025
0.0,129,161.984701
3.0,235,169.882234
2.0,205,176.747652
0.0,127,180.910256
0.0,125,184.955599
2.0,201,191.75943
0.0,125,195.533997
0.0,129,199.606482
