#{"t_start": 1544715602.291009, "env_id": "BreakoutNoFrameskip-v4"}
r,l,t
2.0,202,41.696166
0.0,127,44.996173
2.0,206,49.920421
1.0,155,73.892073
1.0,153,77.04022
5.0,328,84.760293
0.0,127,88.328563
0.0,129,91.82819
0.0,129,95.46702
0.0,125,99.391516
0.0,127,103.158508
0.0,129,107.147056
1.0,174,112.852893
0.0,127,116.848031
6.0,400,130.115928
1.0,173,135.997774
1.0,155,141.055289
0.0,127,145.130941
1.0,157,150.110043
1.0,175,156.431982
1.0,176,162.284962
2.0,202,168.862298
0.0,129,173.024129
1.0,155,178.320444
0.0,127,182.414721
1.0,177,188.523747
1.0,157,193.367358
0.0,129,197.454248
2.0,204,204.17573
