#{"t_start": 1544715602.131393, "env_id": "BreakoutNoFrameskip-v4"}
r,l,t
1.0,175,40.810841
1.0,173,45.880367
0.0,125,48.879319
0.0,127,71.131373
0.0,127,74.583766
4.0,301,80.864408
0.0,129,84.213912
1.0,174,89.087343
0.0,127,92.537756
1.0,153,97.143988
5.0,328,107.819168
3.0,276,117.166632
3.0,248,125.011863
4.0,297,135.338911
0.0,129,139.285068
1.0,155,144.52196
0.0,127,148.430204
1.0,157,153.942137
0.0,127,158.157037
0.0,127,162.303204
2.0,223,169.714956
0.0,125,173.596015
0.0,125,177.863894
0.0,125,181.827351
3.0,270,191.076428
4.0,266,199.956361
