#{"t_start": 1544715602.3743339, "env_id": "BreakoutNoFrameskip-v4"}
r,l,t
0.0,129,39.276003
0.0,125,42.517908
0.0,127,46.130079
2.0,222,70.990819
0.0,125,74.373554
0.0,127,76.909692
0.0,129,79.614186
5.0,350,88.941456
0.0,127,92.406831
3.0,268,100.792086
0.0,125,104.657861
4.0,300,114.724666
2.0,202,121.214972
2.0,202,127.889034
0.0,127,131.667794
2.0,204,138.62292
1.0,155,143.777541
0.0,129,147.834145
0.0,127,151.906247
0.0,125,156.368479
0.0,127,160.395344
1.0,157,165.504653
1.0,173,171.104771
1.0,173,177.156866
1.0,155,182.192475
2.0,223,189.703635
2.0,202,196.365288
2.0,200,202.882841
