#{"t_start": 1544715590.3767464, "env_id": "BreakoutNoFrameskip-v4"}
r,l,t
2.0,185,53.062548
1.0,156,57.380026
2.0,224,82.261302
0.0,129,85.878969
0.0,127,88.430343
0.0,129,90.857652
0.0,127,93.769128
1.0,171,98.05379
0.0,127,101.70059
0.0,127,105.08784
6.0,399,118.380869
0.0,127,122.346296
0.0,129,126.294701
0.0,129,130.293616
2.0,202,136.67994
2.0,200,143.26169
1.0,173,149.187353
0.0,127,153.313374
3.0,272,162.36654
0.0,129,166.894452
0.0,129,171.166089
1.0,173,176.984665
0.0,129,180.907421
2.0,224,188.610141
1.0,155,193.765551
0.0,129,197.955927
3.0,272,207.077776
2.0,198,213.553113
