#{"t_start": 1544715599.2244809, "env_id": "BreakoutNoFrameskip-v4"}
r,l,t
0.0,125,42.272305
0.0,127,45.601568
3.0,269,52.692734
0.0,129,75.681431
2.0,223,80.802657
1.0,175,84.402954
5.0,354,94.557934
0.0,129,98.134026
2.0,223,105.31808
1.0,175,110.853543
0.0,125,114.953815
2.0,198,121.251775
6.0,360,133.218584
0.0,125,137.327676
2.0,205,144.313991
3.0,251,152.665289
1.0,175,158.880961
1.0,155,164.053844
0.0,127,168.171904
4.0,277,177.442157
2.0,220,185.064431
0.0,127,189.203701
0.0,125,193.10922
0.0,129,197.174661
0.0,125,201.138957
2.0,198,207.682713
