#{"t_start": 1544715600.7759516, "env_id": "BreakoutNoFrameskip-v4"}
r,l,t
0.0,127,40.787956
1.0,175,45.424496
0.0,127,49.14432
1.0,173,72.562821
0.0,125,75.944635
0.0,127,78.463107
6.0,279,84.84888
0.0,129,88.145393
0.0,127,91.734439
0.0,125,94.904877
0.0,129,99.133705
1.0,169,104.307109
2.0,225,111.760643
0.0,129,115.711685
2.0,202,122.22263
1.0,174,127.876759
0.0,127,131.72691
0.0,127,135.911852
2.0,202,142.784447
1.0,157,147.770224
1.0,173,153.524076
1.0,157,159.123657
2.0,188,165.575093
0.0,129,169.464471
0.0,129,173.423741
0.0,125,177.56923
3.0,253,186.341635
1.0,170,191.958233
1.0,175,197.662398
0.0,127,201.582997
