#{"t_start": 1544715591.5440097, "env_id": "BreakoutNoFrameskip-v4"}
r,l,t
1.0,155,50.877488
2.0,202,56.763064
2.0,202,80.843612
1.0,153,85.13503
0.0,129,87.739703
0.0,125,90.251943
2.0,200,95.052796
0.0,127,98.545039
1.0,157,102.829176
1.0,152,107.381107
0.0,125,111.245589
0.0,125,114.933985
2.0,184,120.944612
0.0,127,124.827939
0.0,127,128.747618
0.0,127,132.725059
1.0,171,138.265512
1.0,173,143.777889
0.0,129,148.046776
1.0,173,153.793502
0.0,127,157.806466
2.0,222,165.531225
3.0,252,174.423608
0.0,129,178.31171
0.0,127,182.295963
0.0,123,186.256221
0.0,127,190.430792
0.0,129,194.74765
0.0,127,198.928238
6.0,401,212.452814
