fps,episode_length,P01:episode_rewards,policy_loss,grad_norm,PMM:episode_rewards,frames,epoch_idx,policy_entropy,value_loss,advantage_norm,P09:episode_rewards,explained_variance
530,162.7674418604651,0.0,0.07571821963238108,28.100175232466245,0.9302325581395349,8000,1,1.3431540527939796,1.0566656964023582,4.439855995457619,2.0,-5.736752932071686
337,170.42222222222222,0.0,0.0012714941533158708,0.09814384228420588,1.1,16000,2,1.3849598681926727,0.005996385387375085,0.7561536943167448,3.0,-4.3598487603664395
381,180.35,0.0,-0.001312813955519232,0.08166120891242726,1.37,24000,3,1.3839585971832276,0.005346012489949317,0.6760641374439001,4.0,-3.4560351508855818
398,182.34,0.0,-0.0004372554348083213,0.08060465996145978,1.39,32000,4,1.383835437297821,0.005508090895473288,0.734654490351677,4.1000000000000085,-1.4523882400989532
409,188.84,0.0,0.00044582682254258545,0.07308459400917802,1.52,40000,5,1.384494502544403,0.005710163132107482,0.735703067779541,4.0,-1.2533438450098038
414,184.21,0.0,0.0004826151703309733,0.06207635921992128,1.46,48000,6,1.3847946667671203,0.005590112884437986,0.7175531018897892,4.0,-1.341090287566185
417,169.46,0.0,-0.00023379543010378255,0.051622124519407196,1.09,56000,7,1.384771281480789,0.004167822561594221,0.5597397116012871,3.0,-3.0694602900743484
419,164.59,0.0,0.0038649990528574563,0.07459649240355107,0.92,64000,8,1.3853189909458161,0.004599489795639329,0.5641470023617149,3.0,-2.234038445353508
