#{"t_start": 1544715589.0629284, "env_id": "BreakoutNoFrameskip-v4"}
r,l,t
1.0,155,53.177534
1.0,155,57.28759
1.0,173,61.768393
0.0,125,83.744244
0.0,129,86.651726
0.0,127,89.955503
0.0,127,94.259031
3.0,274,102.334024
0.0,125,105.197148
2.0,198,110.492525
0.0,127,113.213715
1.0,172,117.813303
1.0,173,123.114428
0.0,129,126.046265
0.0,125,129.464197
0.0,127,133.026229
1.0,155,137.282754
0.0,127,140.988619
1.0,155,145.114095
0.0,127,148.512889
1.0,157,153.401909
4.0,320,164.242729
0.0,127,168.826675
0.0,123,173.044634
4.0,322,184.247219
0.0,127,188.416558
2.0,222,196.585699
1.0,173,202.415902
0.0,127,206.512677
1.0,154,211.595982
0.0,129,215.971113
0.0,127,220.179336
