#{"t_start": 1544715597.8232067, "env_id": "BreakoutNoFrameskip-v4"}
r,l,t
2.0,202,45.848611
1.0,175,50.467654
0.0,129,53.496272
3.0,272,79.537515
2.0,184,85.454217
1.0,155,89.954394
2.0,225,96.022898
0.0,129,98.955724
3.0,236,105.084657
3.0,250,112.815701
4.0,280,119.946672
0.0,129,123.507056
2.0,200,129.287525
3.0,270,137.28316
9.0,425,151.020562
5.0,350,163.935525
0.0,125,167.882122
3.0,232,175.946413
1.0,175,182.004086
1.0,175,188.199688
3.0,250,196.822434
2.0,224,204.459349
2.0,224,212.489204
0.0,129,216.4666
