#{"t_start": 1544715602.0190327, "env_id": "BreakoutNoFrameskip-v4"}
r,l,t
2.0,202,41.669039
2.0,223,47.56371
2.0,223,72.17675
0.0,127,75.265201
4.0,297,84.889088
0.0,127,88.319529
2.0,199,92.967744
0.0,129,96.39121
2.0,221,102.321043
0.0,127,105.535799
2.0,219,111.873803
1.0,174,116.411423
0.0,125,119.841399
0.0,127,123.363104
2.0,226,129.923698
0.0,127,133.410592
2.0,224,140.132788
1.0,152,145.130641
0.0,127,149.098622
2.0,220,157.081102
3.0,228,164.950564
1.0,155,170.109227
5.0,352,183.152206
1.0,173,188.978992
2.0,202,195.67295
2.0,203,202.619501
1.0,172,208.685297
