#{"t_start": 1544715601.6220677, "env_id": "BreakoutNoFrameskip-v4"}
r,l,t
2.0,203,42.096443
1.0,157,46.171352
0.0,129,49.321428
9.0,403,79.697385
0.0,129,83.788149
0.0,127,87.00087
4.0,265,93.697157
0.0,129,97.281544
3.0,248,103.616298
0.0,127,107.553077
2.0,198,112.62957
0.0,127,115.892743
0.0,125,119.233266
0.0,127,123.098935
1.0,155,127.301934
0.0,129,130.775473
0.0,129,134.542163
1.0,157,138.829702
2.0,200,145.557785
0.0,127,149.567306
0.0,129,153.88353
1.0,173,160.057881
2.0,202,166.897175
0.0,129,171.076561
2.0,222,179.002079
2.0,198,186.09814
0.0,129,190.26327
0.0,129,194.474804
3.0,250,203.091974
0.0,127,207.358796
