#{"t_start": 1544715602.443015, "env_id": "BreakoutNoFrameskip-v4"}
r,l,t
0.0,127,38.890618
1.0,173,43.637292
0.0,129,46.83188
1.0,155,69.655427
1.0,155,73.371729
0.0,127,76.677448
0.0,129,81.021274
0.0,127,84.678138
2.0,183,89.840976
4.0,320,97.992239
0.0,127,101.074718
0.0,127,104.244686
0.0,127,108.416062
2.0,222,114.132635
4.0,276,122.098742
0.0,129,125.53148
8.0,478,140.211911
6.0,361,152.770738
4.0,303,163.828247
3.0,272,173.227825
6.0,382,187.390795
0.0,129,191.350621
3.0,268,200.580837
