#{"t_start": 1544715602.3267324, "env_id": "BreakoutNoFrameskip-v4"}
r,l,t
2.0,204,41.432399
2.0,200,46.555612
1.0,173,69.961225
1.0,155,73.875891
0.0,129,77.092108
0.0,127,81.384267
0.0,127,85.004986
2.0,202,90.514492
1.0,174,94.593882
1.0,173,99.219499
3.0,226,105.295543
1.0,175,110.321658
2.0,202,115.488544
2.0,202,121.412368
0.0,127,124.902069
0.0,129,128.577664
0.0,127,131.930401
0.0,125,135.265742
6.0,362,147.365451
0.0,127,151.510977
0.0,127,156.066002
0.0,127,160.384964
0.0,129,164.580924
0.0,125,168.534959
2.0,202,175.541514
8.0,374,189.253651
0.0,129,193.421835
0.0,129,197.495068
2.0,223,205.490413
1.0,157,210.564671
