#{"t_start": 1544715597.1576812, "env_id": "BreakoutNoFrameskip-v4"}
r,l,t
2.0,204,46.595421
0.0,127,49.787019
3.0,268,75.825366
0.0,129,78.777101
0.0,127,82.025875
1.0,171,87.98394
0.0,129,91.264144
0.0,125,94.767874
1.0,155,97.977277
2.0,220,104.170124
0.0,123,107.22965
3.0,273,115.24108
1.0,155,119.204392
0.0,129,122.329783
1.0,173,127.529379
4.0,323,136.900768
2.0,202,142.740616
2.0,222,150.229655
0.0,129,154.235921
0.0,129,158.642233
2.0,202,165.963396
1.0,178,171.833813
0.0,125,175.888437
2.0,202,182.942544
1.0,175,189.135545
1.0,173,195.010599
0.0,127,199.176669
1.0,175,204.953865
