#{"t_start": 1544715597.7897444, "env_id": "BreakoutNoFrameskip-v4"}
r,l,t
0.0,127,43.522179
0.0,125,46.986749
0.0,127,50.210553
0.0,127,53.208703
1.0,155,76.060064
1.0,157,80.003513
0.0,129,83.947501
0.0,127,87.960814
1.0,173,92.732386
1.0,173,96.80434
0.0,129,99.849722
0.0,127,103.358701
0.0,127,106.501041
2.0,205,112.639292
2.0,202,117.54526
0.0,129,120.989477
1.0,157,125.37549
1.0,170,130.277205
1.0,175,135.093009
0.0,127,138.832284
1.0,176,143.979012
0.0,127,148.111474
5.0,327,159.70994
4.0,280,169.678437
1.0,155,174.716623
0.0,127,178.983355
1.0,153,184.272249
1.0,173,190.557633
0.0,129,194.500799
0.0,129,198.837003
5.0,350,211.230394
