#{"t_start": 1544715596.3596458, "env_id": "BreakoutNoFrameskip-v4"}
r,l,t
0.0,129,45.054412
4.0,302,53.441041
0.0,129,75.392874
2.0,186,80.333942
1.0,171,85.312964
3.0,270,93.59427
2.0,200,98.408259
0.0,129,101.634696
1.0,153,105.513206
3.0,271,113.574619
4.0,324,122.314175
0.0,129,125.939263
3.0,230,132.652042
3.0,250,140.005777
0.0,125,143.329337
1.0,176,149.024174
1.0,173,154.708563
0.0,125,158.827788
0.0,129,163.403705
1.0,157,168.641567
10.0,452,185.028804
0.0,127,189.434625
1.0,174,195.316001
0.0,127,199.429613
4.0,297,209.869348
2.0,198,216.564485
