#{"t_start": 1544715601.903528, "env_id": "BreakoutNoFrameskip-v4"}
r,l,t
1.0,175,40.888316
0.0,129,44.318258
0.0,127,47.43736
0.0,125,50.076882
2.0,200,74.653667
2.0,224,81.514894
0.0,129,85.271597
1.0,171,90.042889
0.0,127,92.72904
1.0,175,97.432925
1.0,157,101.216015
3.0,274,109.369446
0.0,127,112.283448
0.0,129,115.572042
0.0,127,119.034956
3.0,272,127.199558
3.0,232,134.105506
2.0,187,139.329636
0.0,129,143.482772
0.0,127,147.373601
0.0,129,151.61095
0.0,127,156.167419
0.0,125,160.438446
3.0,271,169.774745
1.0,173,175.659339
0.0,127,180.025999
0.0,127,184.332867
0.0,129,188.810229
4.0,318,199.662829
0.0,127,203.998665
1.0,174,209.919408
