P01:episode_rewards,frames,PMM:episode_rewards,grad_norm,fps,advantage_norm,policy_entropy,value_loss,explained_variance,P09:episode_rewards,episode_length,epoch_idx,policy_loss
0.0,8000,0.9761904761904762,51.701497653756476,534,6.136297348905355,1.3271231326460837,1.8722106051882519,-6.5592756116390225,2.0,166.85714285714286,1,0.2539627322230081
0.0,16000,1.0,0.09054821593351647,321,0.6260733178909867,1.3856094288825989,0.0047401421034140865,-7.15589025080204,2.0,166.06315789473683,2,0.0010052957224252169
0.0,24000,1.11,0.10261153182676887,376,0.6910771827958524,1.385403617620468,0.005381441578983868,-4.102701307535171,3.0,170.6,3,-0.0007579258852638305
0.0,32000,1.16,0.09105896997180776,408,0.6657254495285452,1.3836515724658967,0.005194438833686945,-4.705163663029671,3.0,174.26,4,4.598415958753321e-05
0.0,40000,1.19,0.0953327509717558,426,0.6628070350922645,1.384264360666275,0.005065822575697893,-3.956034928560257,3.0,175.62,5,0.0003039703631657176
0.0,48000,1.17,0.0811908880715783,435,0.7805272826179862,1.3838345408439636,0.006079047669600186,-1.712897036075592,3.0,174.67,6,0.00012372454639262287
0.0,56000,1.46,0.08155451208617792,435,0.7473857013322412,1.3830703604221344,0.005790668927338629,-2.2366288554668428,4.0,186.07,7,0.0004992356487855432
0.0,64000,1.65,0.09611618664186422,433,0.753393478449434,1.3850868678092956,0.005945434118148114,-1.790256341099739,4.0,193.74,8,0.00012191557529149577
0.0,72000,1.59,0.10268357371280619,434,0.70963567558676,1.3846784794330598,0.0057788961677943005,-1.8381790339946746,4.0,191.07,9,0.00045690117935009766
