#{"t_start": 1544715601.9163089, "env_id": "BreakoutNoFrameskip-v4"}
r,l,t
2.0,223,40.863386
0.0,127,43.932106
0.0,127,47.398167
3.0,271,73.297546
0.0,127,76.981061
0.0,125,80.992252
0.0,127,84.357453
8.0,377,95.438288
2.0,222,102.175654
0.0,127,105.946485
0.0,127,109.732252
0.0,127,113.498222
2.0,202,119.643861
2.0,203,125.57082
0.0,123,129.136809
1.0,173,134.588622
2.0,207,141.063181
1.0,173,146.177291
8.0,356,158.296734
2.0,224,165.833065
0.0,129,169.758376
5.0,368,182.590036
0.0,123,186.771444
4.0,319,197.336977
0.0,127,201.466558
0.0,129,205.736696
