#{"t_start": 1544715602.459699, "env_id": "BreakoutNoFrameskip-v4"}
r,l,t
1.0,177,39.13873
2.0,220,44.77008
1.0,173,68.385924
0.0,129,71.241409
0.0,129,75.055749
1.0,173,80.473558
0.0,129,83.929224
0.0,129,87.188538
0.0,127,90.597879
0.0,129,94.277624
4.0,297,103.517069
2.0,221,110.426861
1.0,157,115.131797
0.0,127,118.920352
1.0,173,123.877223
2.0,202,130.125044
3.0,250,138.009081
0.0,129,141.907693
4.0,295,151.160258
5.0,329,162.519706
0.0,129,166.797084
0.0,129,170.939425
2.0,222,178.426578
0.0,129,182.367718
5.0,348,194.39674
1.0,173,200.085459
0.0,125,204.238552
