#{"t_start": 1544715599.7261596, "env_id": "BreakoutNoFrameskip-v4"}
r,l,t
0.0,129,40.623635
1.0,173,44.755634
1.0,157,49.102945
1.0,153,71.538195
2.0,202,77.388029
2.0,201,83.599433
4.0,301,92.049265
2.0,222,98.834076
3.0,274,107.285802
0.0,125,111.008352
0.0,127,114.836153
1.0,174,119.906243
0.0,129,123.69171
0.0,129,127.19588
0.0,127,131.010195
1.0,157,135.793937
1.0,173,141.129315
2.0,200,147.438024
2.0,222,154.216729
6.0,392,167.987685
3.0,250,176.43552
0.0,125,180.509228
2.0,202,187.289754
4.0,280,196.601658
1.0,157,201.782357
