#{"t_start": 1544715602.5377996, "env_id": "BreakoutNoFrameskip-v4"}
r,l,t
3.0,248,40.969631
2.0,220,46.953127
1.0,155,69.303508
3.0,248,76.652762
4.0,295,85.597522
2.0,199,91.228212
0.0,127,94.905076
1.0,173,100.257567
2.0,203,106.366416
5.0,352,117.439155
1.0,175,122.623823
4.0,299,131.916726
0.0,129,135.788763
0.0,129,139.793785
0.0,127,143.424575
1.0,173,148.632998
0.0,129,152.716326
0.0,127,156.926085
3.0,253,165.403272
0.0,125,169.270413
0.0,125,173.385264
0.0,127,177.524186
0.0,129,181.533527
3.0,270,190.792838
1.0,178,196.552467
2.0,227,204.414815
0.0,127,208.34466
