#{"t_start": 1544715595.143576, "env_id": "BreakoutNoFrameskip-v4"}
r,l,t
0.0,129,45.209689
1.0,173,49.352934
0.0,123,52.562021
2.0,181,75.994007
2.0,204,81.831767
3.0,248,89.605944
0.0,127,92.766055
2.0,203,98.444279
1.0,175,103.755376
1.0,173,108.826004
2.0,202,115.09664
0.0,125,118.87674
0.0,129,122.525462
5.0,349,133.390151
2.0,222,140.238662
1.0,178,145.784837
1.0,173,151.186637
1.0,175,156.361591
0.0,127,160.378433
0.0,129,164.643243
2.0,208,171.522189
1.0,173,177.105941
5.0,350,189.257417
2.0,202,196.151432
1.0,171,201.593747
2.0,208,208.550763
