#{"t_start": 1544715601.9717164, "env_id": "BreakoutNoFrameskip-v4"}
r,l,t
2.0,221,40.759233
0.0,129,43.886879
3.0,269,69.727405
3.0,250,77.157823
6.0,356,87.923711
4.0,301,97.084826
5.0,368,108.717346
4.0,299,118.075354
0.0,125,121.686078
1.0,173,126.835292
1.0,174,132.049185
4.0,321,142.363738
2.0,200,148.355302
1.0,171,153.999307
0.0,127,158.109646
2.0,183,164.124559
0.0,127,168.187779
1.0,175,173.952136
0.0,125,178.019528
1.0,173,183.567869
1.0,176,189.562449
0.0,125,193.35978
0.0,125,197.312956
2.0,200,204.202324
1.0,153,209.080894
