#{"t_start": 1544715593.8478177, "env_id": "BreakoutNoFrameskip-v4"}
r,l,t
1.0,173,47.620487
2.0,203,52.775515
1.0,175,76.79415
1.0,153,79.987778
1.0,176,85.197072
2.0,205,91.703441
0.0,129,94.847586
0.0,129,98.294059
2.0,200,104.386023
1.0,177,109.68956
0.0,127,113.366417
8.0,374,125.241112
3.0,272,133.445156
1.0,155,138.138518
1.0,175,143.520463
2.0,202,149.992223
4.0,283,158.702096
0.0,127,162.849197
0.0,127,167.011917
0.0,129,171.025023
1.0,175,176.826198
3.0,252,185.451985
2.0,202,192.114991
0.0,125,196.279109
6.0,377,209.144868
1.0,157,214.347683
0.0,125,218.204472
