#{"t_start": 1544715602.1739228, "env_id": "BreakoutNoFrameskip-v4"}
r,l,t
0.0,127,38.116521
0.0,127,41.121397
4.0,301,68.527141
2.0,198,73.258461
1.0,178,78.705091
2.0,201,84.632276
3.0,248,91.637437
2.0,222,98.365261
1.0,173,103.508227
0.0,129,107.393792
4.0,320,117.456226
4.0,280,126.036165
0.0,127,129.711214
0.0,127,133.529863
1.0,155,138.269797
0.0,125,142.028887
2.0,188,147.573843
2.0,200,154.226297
2.0,223,161.825917
3.0,268,170.833217
0.0,125,174.841903
0.0,127,179.034794
0.0,127,182.827786
3.0,235,190.955988
3.0,250,199.308858
0.0,127,203.499156
1.0,176,209.24647
