#{"t_start": 1544715591.4937212, "env_id": "BreakoutNoFrameskip-v4"}
r,l,t
2.0,198,50.557982
0.0,129,53.689748
0.0,127,57.17537
3.0,250,82.344265
4.0,262,90.694357
4.0,299,99.145237
2.0,205,105.143579
3.0,250,112.86842
0.0,127,116.732997
0.0,127,120.435365
4.0,318,130.443112
0.0,129,134.063551
2.0,202,140.073228
0.0,127,143.9325
1.0,155,148.670749
0.0,127,152.54981
5.0,329,162.931954
3.0,232,170.999684
0.0,129,175.065706
0.0,129,179.14552
1.0,155,184.22256
2.0,202,191.056518
0.0,127,195.154882
0.0,129,199.366262
0.0,127,203.205034
0.0,127,207.175439
0.0,125,211.18641
3.0,270,220.423877
