#{"t_start": 1544715601.3977427, "env_id": "BreakoutNoFrameskip-v4"}
r,l,t
0.0,129,38.952309
0.0,127,41.958527
0.0,129,45.074742
3.0,272,71.062758
0.0,127,74.598841
2.0,202,81.019386
2.0,198,86.478363
0.0,127,89.78528
2.0,202,95.745815
2.0,198,101.901161
0.0,129,105.586463
1.0,173,110.876606
0.0,125,114.561428
0.0,127,118.202235
10.0,450,132.384687
5.0,346,143.534081
3.0,274,152.146556
1.0,152,157.270375
4.0,298,167.460229
4.0,298,177.607557
0.0,129,181.785398
0.0,127,186.014729
3.0,255,194.389436
2.0,221,201.836001
1.0,155,206.981296
