#{"t_start": 1544715600.795881, "env_id": "BreakoutNoFrameskip-v4"}
r,l,t
0.0,127,39.494662
4.0,273,46.568328
0.0,127,49.965119
5.0,350,78.570484
2.0,224,85.559988
0.0,129,88.819323
0.0,129,92.308546
1.0,173,97.55635
3.0,233,104.586934
5.0,349,115.748643
2.0,221,122.484448
0.0,129,126.009249
1.0,173,131.283312
0.0,127,135.207928
1.0,155,139.821428
0.0,129,143.724053
2.0,207,149.972388
1.0,170,155.560473
0.0,129,159.780915
1.0,157,164.857552
0.0,127,168.993517
2.0,225,176.457645
3.0,272,185.871665
2.0,202,192.526881
4.0,298,202.637326
2.0,204,209.508137
