#{"t_start": 1544715601.8829205, "env_id": "BreakoutNoFrameskip-v4"}
r,l,t
1.0,154,39.123768
2.0,223,44.78123
0.0,127,48.307184
1.0,157,70.71471
0.0,127,74.279923
3.0,270,82.863789
5.0,353,92.844991
0.0,129,96.729844
0.0,127,100.474264
0.0,129,104.021341
4.0,299,113.639161
2.0,202,119.752499
2.0,200,125.570707
0.0,127,129.280235
1.0,175,134.759183
2.0,200,141.022132
5.0,345,151.964188
4.0,297,162.35
0.0,129,166.456543
1.0,153,171.454531
1.0,174,177.138109
3.0,252,185.939371
1.0,157,190.815915
0.0,127,194.765897
3.0,272,204.184471
0.0,127,208.173237
