#{"t_start": 1544715600.644554, "env_id": "BreakoutNoFrameskip-v4"}
r,l,t
0.0,127,39.645993
5.0,307,47.810367
3.0,217,72.095491
0.0,125,75.596339
0.0,127,79.14275
3.0,250,86.751263
2.0,223,92.999276
2.0,204,99.182642
4.0,258,107.188831
1.0,174,112.497234
1.0,175,117.795822
1.0,157,122.462744
1.0,173,127.457849
0.0,127,131.184633
0.0,129,135.113301
0.0,129,138.962856
4.0,289,147.921609
2.0,220,155.235431
0.0,129,159.431698
1.0,157,164.442116
2.0,206,171.268905
3.0,248,179.927285
4.0,321,190.920955
0.0,125,194.736097
3.0,271,204.074398
0.0,127,208.095282
