#{"t_start": 1544715597.0133908, "env_id": "BreakoutNoFrameskip-v4"}
r,l,t
0.0,123,44.048298
0.0,129,47.181444
0.0,125,49.732628
0.0,123,52.005961
2.0,200,73.871495
0.0,127,75.784327
0.0,127,78.558411
2.0,202,83.512106
0.0,127,86.362307
1.0,173,89.869997
1.0,176,93.416407
0.0,129,95.858599
0.0,127,97.962731
2.0,201,101.291639
0.0,127,103.548801
1.0,173,106.512956
1.0,155,109.229515
0.0,127,111.322518
0.0,127,113.598194
2.0,222,117.174519
0.0,125,119.251144
1.0,154,122.072829
0.0,127,124.467609
5.0,352,131.024957
0.0,127,133.574942
1.0,171,136.639368
0.0,129,138.723108
3.0,250,142.952372
2.0,220,146.648077
2.0,203,150.577651
0.0,129,153.284989
0.0,125,155.091984
3.0,232,158.950606
0.0,125,160.8356
2.0,205,164.017277
2.0,187,166.956688
1.0,175,170.26169
1.0,154,172.837601
0.0,127,174.749955
1.0,155,177.1553
5.0,346,183.133633
0.0,127,185.213993
1.0,155,187.586382
0.0,129,189.65633
0.0,127,191.503919
0.0,125,193.405668
2.0,200,197.12183
2.0,200,200.425773
3.0,272,204.863878
4.0,301,209.617707
