#{"t_start": 1544715597.883338, "env_id": "BreakoutNoFrameskip-v4"}
r,l,t
3.0,270,47.206091
6.0,379,72.843647
1.0,173,75.81249
1.0,153,78.970416
0.0,129,82.214846
0.0,129,85.26568
2.0,188,89.17276
1.0,174,92.678355
2.0,208,96.650691
4.0,297,101.793512
1.0,173,104.839712
0.0,129,107.028903
2.0,222,110.931325
0.0,129,113.215519
0.0,127,115.112018
0.0,129,117.106488
2.0,201,120.886238
0.0,127,123.209176
1.0,175,126.24754
0.0,127,128.462115
0.0,129,130.830232
1.0,175,134.172939
3.0,249,138.590416
0.0,125,140.490898
1.0,175,143.68024
0.0,123,145.4807
0.0,127,147.683408
2.0,203,152.022662
5.0,309,157.119201
2.0,223,160.640397
1.0,155,163.033067
1.0,173,165.7606
0.0,127,168.002292
0.0,127,170.320476
3.0,249,174.390083
1.0,173,177.257972
2.0,202,180.682454
1.0,174,183.337604
3.0,228,187.13434
0.0,127,189.144953
0.0,127,190.919455
2.0,201,194.539065
2.0,198,197.961632
1.0,177,200.630794
2.0,200,203.915072
3.0,273,208.295784
0.0,127,209.98909
