#{"t_start": 1544715602.282641, "env_id": "BreakoutNoFrameskip-v4"}
r,l,t
0.0,123,38.781375
3.0,250,44.671345
2.0,202,67.475753
2.0,202,70.185782
2.0,184,74.048903
4.0,281,81.118845
2.0,198,85.265901
1.0,169,88.513955
3.0,251,93.153899
4.0,299,98.521957
0.0,127,100.628198
3.0,250,105.198667
1.0,175,108.2405
1.0,174,111.025749
0.0,125,112.994202
4.0,299,118.812407
0.0,123,120.986495
3.0,250,125.258536
0.0,129,128.126404
0.0,125,130.231506
0.0,125,132.402716
1.0,157,134.869246
1.0,173,137.798697
1.0,155,140.408543
1.0,173,143.391232
1.0,153,146.385016
1.0,155,149.188681
2.0,206,152.60504
4.0,284,157.05696
0.0,125,159.086162
1.0,155,161.49832
1.0,157,164.32622
0.0,127,166.513607
2.0,202,169.742826
0.0,127,171.574594
2.0,198,175.402562
4.0,326,180.580672
2.0,202,183.879266
2.0,222,187.373491
3.0,248,191.926399
0.0,127,193.930837
0.0,127,195.801704
1.0,173,198.570861
2.0,202,201.895742
2.0,202,204.884729
