#{"t_start": 1544715601.9747026, "env_id": "BreakoutNoFrameskip-v4"}
r,l,t
0.0,129,39.265779
1.0,177,43.70474
6.0,384,69.185093
0.0,127,71.257225
0.0,125,73.961218
4.0,277,80.743034
0.0,127,83.172051
2.0,183,87.302783
3.0,252,92.161095
1.0,176,94.94269
1.0,175,98.030882
0.0,125,100.128283
0.0,125,102.293503
0.0,125,104.37893
1.0,173,107.428796
1.0,171,110.30273
0.0,127,112.216059
0.0,129,114.441815
1.0,173,117.738009
4.0,261,122.418498
3.0,226,126.703352
2.0,202,130.672371
4.0,307,135.939259
2.0,186,139.278865
1.0,159,141.730452
3.0,270,147.258397
1.0,155,149.867719
1.0,171,152.645252
1.0,175,155.449177
2.0,202,158.469154
0.0,129,160.56096
1.0,173,163.483759
0.0,129,165.813071
1.0,171,168.586779
1.0,157,171.054086
0.0,129,173.193179
0.0,125,175.455244
2.0,202,178.438415
0.0,125,180.401518
1.0,157,182.882664
0.0,125,184.867668
0.0,129,186.714272
0.0,129,188.746979
1.0,173,191.936042
1.0,173,194.8115
0.0,129,196.651788
0.0,127,198.620833
1.0,157,201.20413
0.0,127,203.146683
0.0,129,204.891291
