#{"t_start": 1544715602.0811608, "env_id": "BreakoutNoFrameskip-v4"}
r,l,t
1.0,177,40.645404
0.0,125,43.450775
0.0,127,45.643696
0.0,125,48.483303
0.0,127,68.515328
2.0,198,72.137554
1.0,155,75.133145
2.0,220,80.792591
0.0,127,83.313985
0.0,127,86.155838
1.0,155,89.164434
3.0,274,94.025753
1.0,155,96.551468
2.0,201,100.209053
1.0,176,103.319833
1.0,171,106.215975
0.0,129,108.500558
2.0,184,111.447093
1.0,160,114.079057
0.0,127,116.396966
2.0,199,120.137461
1.0,175,123.216937
6.0,367,130.505272
1.0,155,133.203669
0.0,127,135.135369
0.0,129,137.213282
0.0,125,139.412112
3.0,255,143.786563
2.0,220,148.453394
1.0,176,151.196048
1.0,174,154.011891
0.0,127,155.923419
0.0,125,157.598118
2.0,204,161.051462
1.0,155,163.691937
0.0,129,166.021667
0.0,129,168.07354
1.0,173,170.797978
0.0,125,172.675083
4.0,316,178.092757
2.0,204,181.498083
3.0,250,185.585305
1.0,155,187.913664
0.0,125,190.153386
2.0,200,193.646249
1.0,173,196.262148
4.0,291,201.168471
0.0,123,203.040086
0.0,125,204.708615
