#{"t_start": 1544715593.907109, "env_id": "BreakoutNoFrameskip-v4"}
r,l,t
1.0,153,48.138085
4.0,299,54.643059
2.0,184,76.48719
0.0,123,78.189281
0.0,125,80.643948
2.0,200,84.998047
1.0,175,89.589029
2.0,204,93.909178
2.0,200,97.830488
2.0,198,101.318038
1.0,157,103.842097
4.0,302,109.350894
1.0,153,112.091903
1.0,155,114.69825
0.0,127,116.956824
2.0,225,120.541868
0.0,127,122.809574
1.0,155,125.671384
1.0,153,128.451552
0.0,129,130.540567
0.0,129,132.814204
1.0,157,136.019771
1.0,173,139.094552
1.0,173,142.022434
2.0,202,145.384934
1.0,175,148.415608
5.0,309,154.244419
1.0,173,157.436429
0.0,129,159.529136
3.0,228,163.255587
1.0,157,165.503466
1.0,176,168.41268
0.0,125,170.281978
2.0,200,174.132496
0.0,129,176.123466
3.0,252,180.123686
0.0,129,182.580269
4.0,319,187.6927
2.0,202,191.028098
5.0,346,196.696957
1.0,177,199.945101
2.0,202,203.345413
5.0,345,209.052854
3.0,250,212.88238
