#{"t_start": 1544715597.732026, "env_id": "BreakoutNoFrameskip-v4"}
r,l,t
1.0,153,44.31278
0.0,129,47.265561
0.0,127,49.615876
0.0,129,52.295373
5.0,327,76.484442
0.0,129,78.940532
2.0,200,84.279086
1.0,157,87.233959
0.0,125,90.026489
3.0,246,94.905094
2.0,221,98.748019
1.0,153,101.330871
0.0,129,103.469172
0.0,129,105.660888
0.0,127,107.925003
0.0,127,110.056295
1.0,173,113.081529
1.0,153,115.470062
0.0,127,117.45243
0.0,127,119.780385
1.0,173,123.05032
0.0,127,125.294805
2.0,222,129.153757
1.0,155,132.301849
2.0,221,136.419973
3.0,276,140.935398
0.0,127,143.248477
0.0,123,145.13482
2.0,205,148.632608
0.0,125,151.390228
0.0,127,153.481082
0.0,127,155.542817
0.0,125,157.461071
2.0,209,160.738132
0.0,127,162.59765
0.0,129,164.676716
0.0,129,166.711215
2.0,202,170.508476
3.0,214,173.907731
4.0,299,179.295885
1.0,177,181.949461
1.0,171,184.690944
0.0,129,186.659823
1.0,154,189.158135
1.0,175,191.818774
1.0,155,194.579189
0.0,129,196.763284
3.0,268,201.122938
0.0,129,203.118743
5.0,350,208.788176
