#{"t_start": 1544715601.801423, "env_id": "BreakoutNoFrameskip-v4"}
r,l,t
1.0,174,40.794597
0.0,127,43.695699
2.0,202,47.657389
9.0,404,73.621322
1.0,176,77.531243
1.0,173,82.047372
1.0,170,85.399154
5.0,347,92.452661
1.0,173,95.169395
2.0,203,98.819201
0.0,123,100.885465
3.0,251,105.425329
4.0,286,110.472486
0.0,129,112.441087
1.0,172,115.532804
0.0,127,117.870955
2.0,224,121.967325
0.0,129,124.136501
0.0,127,126.509542
0.0,127,129.010818
3.0,233,133.135367
2.0,200,136.356506
1.0,173,139.498098
2.0,201,142.798427
2.0,222,147.347324
2.0,185,150.554464
1.0,173,153.279644
2.0,200,156.448913
0.0,129,158.256209
3.0,250,162.441427
0.0,125,164.633273
1.0,175,167.722828
4.0,282,172.302765
3.0,251,176.816547
0.0,125,178.637078
2.0,222,182.244787
0.0,127,184.274134
0.0,129,186.195995
4.0,279,191.078524
1.0,157,193.821959
0.0,127,195.725281
2.0,224,199.289078
0.0,129,201.337929
3.0,250,205.177598
