#{"t_start": 1544715602.2541404, "env_id": "BreakoutNoFrameskip-v4"}
r,l,t
1.0,174,40.354323
0.0,129,43.31667
0.0,129,45.546689
5.0,331,69.928994
0.0,129,72.399073
1.0,171,76.251397
0.0,127,79.678369
2.0,200,83.680144
0.0,127,86.477541
5.0,372,93.500269
3.0,230,97.524117
0.0,129,99.631171
1.0,157,102.425622
1.0,169,105.433983
5.0,329,111.134978
1.0,173,114.045283
1.0,172,117.341234
2.0,200,121.065623
0.0,127,123.120707
1.0,176,126.360033
0.0,127,128.941149
0.0,123,130.982255
3.0,250,135.214817
1.0,157,137.913329
1.0,173,140.79357
1.0,155,143.495456
0.0,129,145.967744
1.0,176,149.214685
0.0,125,151.221694
1.0,157,153.740269
1.0,173,156.356373
1.0,174,159.114438
2.0,219,162.820079
0.0,125,165.022935
0.0,125,167.001457
0.0,129,169.071524
2.0,228,172.913586
0.0,125,175.170798
11.0,453,182.532683
0.0,123,184.500926
2.0,199,187.586857
0.0,129,189.855903
0.0,129,192.059199
3.0,270,196.430325
2.0,202,199.770323
