#{"t_start": 1544715601.5525334, "env_id": "BreakoutNoFrameskip-v4"}
r,l,t
1.0,173,40.991605
0.0,129,43.975965
3.0,255,68.022545
0.0,125,69.263297
0.0,125,71.154847
1.0,175,74.924137
0.0,127,77.716303
0.0,125,80.929091
0.0,129,83.357938
1.0,177,87.319993
2.0,202,91.214733
1.0,173,94.156942
1.0,174,97.021008
0.0,129,99.313543
4.0,282,104.411086
3.0,252,108.943152
0.0,129,110.980355
4.0,299,116.343169
0.0,125,118.734138
0.0,127,120.895297
1.0,157,123.53115
3.0,249,128.515832
1.0,155,131.290409
2.0,224,135.144265
1.0,157,137.638584
0.0,127,139.898154
0.0,125,141.74865
0.0,125,143.916283
5.0,346,150.72739
2.0,205,154.078819
2.0,182,156.834813
6.0,355,162.741725
1.0,177,166.022223
3.0,272,170.596518
0.0,129,172.493156
0.0,127,174.894578
0.0,127,176.81689
0.0,129,178.677403
1.0,175,181.647041
0.0,125,183.503098
0.0,129,185.528081
0.0,127,187.326503
1.0,153,189.932609
3.0,247,194.354117
2.0,202,197.506498
0.0,129,199.500258
0.0,125,201.492624
1.0,157,203.953644
