#{"t_start": 1544715601.5702298, "env_id": "BreakoutNoFrameskip-v4"}
r,l,t
0.0,125,39.585563
6.0,382,48.354202
0.0,125,68.767711
1.0,155,71.048376
0.0,125,73.559495
2.0,198,78.296227
1.0,173,82.52693
0.0,127,84.913183
1.0,173,88.426035
4.0,267,93.472466
0.0,129,95.544748
1.0,155,98.240309
0.0,125,100.268085
3.0,219,104.267325
2.0,223,108.272561
0.0,127,110.341021
0.0,125,112.178369
1.0,176,115.312928
1.0,171,118.593192
1.0,176,121.745224
0.0,125,123.753729
1.0,171,126.915502
0.0,129,129.533151
0.0,127,131.641068
7.0,326,137.262249
1.0,171,140.319056
1.0,174,143.150449
6.0,340,149.853477
1.0,155,152.402209
2.0,199,155.612094
0.0,127,157.39077
3.0,233,161.244714
4.0,281,166.400713
2.0,224,170.016627
4.0,278,175.013399
1.0,173,177.583793
0.0,127,179.54678
2.0,198,182.765739
4.0,279,187.276737
1.0,175,190.345562
0.0,125,192.479603
4.0,320,197.773974
1.0,155,200.27923
1.0,173,203.066509
0.0,129,204.825998
