#{"t_start": 1546138365.475652, "env_id": "BreakoutNoFrameskip-v4"}
r,l,t
2.0,183,109.862218
0.0,123,118.390273
0.0,127,126.335734
