#{"t_start": 1546138370.0892742, "env_id": "BreakoutNoFrameskip-v4"}
r,l,t
0.0,129,100.612863
1.0,175,113.66561
