#{"t_start": 1546138371.847747, "env_id": "BreakoutNoFrameskip-v4"}
r,l,t
1.0,155,100.98634
1.0,175,114.04617
1.0,155,124.096641
