#{"t_start": 1546138367.4983861, "env_id": "BreakoutNoFrameskip-v4"}
r,l,t
3.0,248,112.59308
1.0,153,122.765415
0.0,125,131.74539
