#{"t_start": 1546138367.6662169, "env_id": "BreakoutNoFrameskip-v4"}
r,l,t
0.0,127,102.901397
2.0,223,119.434921
1.0,156,129.780376
