#{"t_start": 1546138371.2684352, "env_id": "BreakoutNoFrameskip-v4"}
r,l,t
3.0,232,107.880965
1.0,173,119.318993
