#{"t_start": 1546138367.5007389, "env_id": "BreakoutNoFrameskip-v4"}
r,l,t
0.0,127,103.082779
2.0,202,118.319083
