#{"t_start": 1546138366.5166974, "env_id": "BreakoutNoFrameskip-v4"}
r,l,t
1.0,174,108.144435
1.0,156,119.402544
