#{"t_start": 1546138372.4111679, "env_id": "BreakoutNoFrameskip-v4"}
r,l,t
1.0,153,100.189652
0.0,129,109.339124
