#{"t_start": 1546138365.2494352, "env_id": "BreakoutNoFrameskip-v4"}
r,l,t
1.0,154,107.514594
5.0,352,133.321461
