#{"t_start": 1546138368.495825, "env_id": "BreakoutNoFrameskip-v4"}
r,l,t
0.0,125,101.952
3.0,249,120.104792
