#{"t_start": 1546138369.403811, "env_id": "BreakoutNoFrameskip-v4"}
r,l,t
2.0,204,107.744581
1.0,172,119.32674
