#{"t_start": 1546138369.793331, "env_id": "BreakoutNoFrameskip-v4"}
r,l,t
1.0,174,104.819832
0.0,129,113.807277
