#{"t_start": 1546138371.8223345, "env_id": "BreakoutNoFrameskip-v4"}
r,l,t
0.0,129,98.895154
2.0,203,114.186222
1.0,174,125.579275
