#{"t_start": 1546138368.9209418, "env_id": "BreakoutNoFrameskip-v4"}
r,l,t
0.0,125,101.539307
1.0,173,114.263083
2.0,198,127.987101
