#{"t_start": 1546138364.5918424, "env_id": "BreakoutNoFrameskip-v4"}
r,l,t
0.0,129,106.130237
1.0,155,117.432338
0.0,125,125.247341
