#{"t_start": 1546138371.0539155, "env_id": "BreakoutNoFrameskip-v4"}
r,l,t
0.0,129,99.9189
0.0,129,109.146152
1.0,157,120.016747
0.0,129,130.045543
