#{"t_start": 1546138370.4128358, "env_id": "BreakoutNoFrameskip-v4"}
r,l,t
1.0,175,104.38027
1.0,155,115.564967
0.0,127,124.754072
