#{"t_start": 1546138373.19663, "env_id": "BreakoutNoFrameskip-v4"}
r,l,t
3.0,272,109.200921
2.0,220,126.092169
