#{"t_start": 1546138369.4850237, "env_id": "BreakoutNoFrameskip-v4"}
r,l,t
2.0,226,109.34704
0.0,127,118.495383
0.0,129,127.910319
