#{"t_start": 1546138372.1805573, "env_id": "BreakoutNoFrameskip-v4"}
r,l,t
0.0,129,98.836453
1.0,157,110.229038
2.0,220,127.126791
