#{"t_start": 1546138368.7580032, "env_id": "BreakoutNoFrameskip-v4"}
r,l,t
0.0,125,101.749808
1.0,175,114.672843
