#{"t_start": 1546138372.664186, "env_id": "BreakoutNoFrameskip-v4"}
r,l,t
1.0,155,100.60761
2.0,200,115.579082
1.0,157,127.141386
