#{"t_start": 1546138372.4451833, "env_id": "BreakoutNoFrameskip-v4"}
r,l,t
0.0,129,98.583355
1.0,153,109.663537
