#{"t_start": 1546138370.9821894, "env_id": "BreakoutNoFrameskip-v4"}
r,l,t
0.0,127,99.768746
1.0,173,112.439691
