#{"t_start": 1546138367.7785974, "env_id": "BreakoutNoFrameskip-v4"}
r,l,t
0.0,127,102.97997
0.0,127,112.15082
0.0,127,121.233813
0.0,129,130.633183
