#{"t_start": 1546138371.2982373, "env_id": "BreakoutNoFrameskip-v4"}
r,l,t
3.0,271,111.048908
2.0,217,127.558533
