#{"t_start": 1546138371.4992747, "env_id": "BreakoutNoFrameskip-v4"}
r,l,t
0.0,125,98.970121
0.0,127,108.234826
0.0,127,117.402165
1.0,173,130.039959
