#{"t_start": 1546138372.861404, "env_id": "BreakoutNoFrameskip-v4"}
r,l,t
2.0,226,105.945604
2.0,205,120.849639
