#{"t_start": 1546138372.0304935, "env_id": "BreakoutNoFrameskip-v4"}
r,l,t
0.0,125,98.454136
1.0,156,109.903315
2.0,204,125.643804
