#{"t_start": 1546138369.3143027, "env_id": "BreakoutNoFrameskip-v4"}
r,l,t
3.0,270,112.975201
0.0,125,121.362671
0.0,123,130.936369
