#{"t_start": 1546138372.2591567, "env_id": "BreakoutNoFrameskip-v4"}
r,l,t
1.0,155,100.989699
1.0,175,113.750144
1.0,157,125.587639
