#{"t_start": 1546138369.9287612, "env_id": "BreakoutNoFrameskip-v4"}
r,l,t
1.0,173,103.305073
1.0,155,113.577852
1.0,174,125.927366
