#{"t_start": 1546138367.9862516, "env_id": "BreakoutNoFrameskip-v4"}
r,l,t
1.0,159,104.503523
0.0,129,112.643732
2.0,229,129.24542
