#{"t_start": 1546138371.7203171, "env_id": "BreakoutNoFrameskip-v4"}
r,l,t
3.0,272,108.724785
0.0,123,116.410565
