#{"t_start": 1546138373.1573663, "env_id": "BreakoutNoFrameskip-v4"}
r,l,t
1.0,173,100.122046
1.0,170,111.783367
1.0,176,124.364495
