#{"t_start": 1546138370.4005833, "env_id": "BreakoutNoFrameskip-v4"}
r,l,t
1.0,177,103.109076
0.0,127,111.541781
0.0,129,119.226945
