#{"t_start": 1546138372.6243834, "env_id": "BreakoutNoFrameskip-v4"}
r,l,t
0.0,129,97.588413
1.0,175,109.329785
