#{"t_start": 1546138372.5236871, "env_id": "BreakoutNoFrameskip-v4"}
r,l,t
1.0,157,99.833998
2.0,225,114.843727
