#{"t_start": 1546138371.2166781, "env_id": "BreakoutNoFrameskip-v4"}
r,l,t
1.0,177,102.258215
1.0,176,114.519819
0.0,129,123.015111
