#{"t_start": 1546138372.5292697, "env_id": "BreakoutNoFrameskip-v4"}
r,l,t
2.0,184,101.331752
3.0,230,116.637232
