#{"t_start": 1546138372.7911205, "env_id": "BreakoutNoFrameskip-v4"}
r,l,t
0.0,125,97.166835
1.0,173,108.496343
1.0,178,120.739896
