#{"t_start": 1546138367.0898674, "env_id": "BreakoutNoFrameskip-v4"}
r,l,t
2.0,183,106.717561
0.0,127,115.208357
1.0,153,125.33665
