#{"t_start": 1546138372.7211866, "env_id": "BreakoutNoFrameskip-v4"}
r,l,t
1.0,155,99.494046
0.0,129,107.556875
1.0,177,119.453877
