#{"t_start": 1546138371.2039325, "env_id": "BreakoutNoFrameskip-v4"}
r,l,t
3.0,275,109.526087
1.0,175,121.289421
