#{"t_start": 1546138371.7980366, "env_id": "BreakoutNoFrameskip-v4"}
r,l,t
1.0,155,100.44244
2.0,228,115.624427
0.0,127,124.850156
