#{"t_start": 1546138371.1931145, "env_id": "BreakoutNoFrameskip-v4"}
r,l,t
2.0,202,103.720031
0.0,129,112.561999
2.0,201,127.586415
