#{"t_start": 1544715598.0737312, "env_id": "BreakoutNoFrameskip-v4"}
r,l,t
2.0,202,44.683069
1.0,155,48.946854
5.0,328,78.67185
1.0,173,83.91506
0.0,129,87.750631
0.0,127,91.18129
1.0,157,95.786259
0.0,125,99.659476
2.0,198,105.712098
1.0,171,110.962629
2.0,200,117.647776
5.0,346,128.190234
1.0,176,133.705376
2.0,202,140.038304
0.0,127,144.050143
2.0,220,151.099339
2.0,200,157.791965
0.0,127,161.969755
1.0,153,166.88588
1.0,176,173.001605
0.0,127,177.11448
2.0,200,184.035797
0.0,125,188.022118
1.0,173,193.621791
2.0,186,199.60453
2.0,202,206.320758
0.0,129,210.537391
0.0,129,214.600834
