#{"t_start": 1544715589.321163, "env_id": "BreakoutNoFrameskip-v4"}
r,l,t
3.0,252,54.92171
0.0,129,58.575947
0.0,127,62.259441
2.0,218,88.252424
1.0,175,93.697586
1.0,154,98.032147
4.0,289,107.169056
0.0,127,110.861557
0.0,127,114.602365
0.0,129,118.44138
0.0,129,122.387253
0.0,125,126.448025
1.0,173,131.239573
3.0,250,139.261463
2.0,224,146.127686
2.0,200,152.701381
1.0,155,157.657341
1.0,157,162.607991
0.0,127,166.721581
0.0,129,170.915015
1.0,157,176.000221
3.0,248,184.671165
0.0,129,188.888878
3.0,234,197.037894
1.0,173,202.553902
3.0,232,210.146536
0.0,129,214.215644
1.0,173,220.046788
