#{"t_start": 1544715596.9618518, "env_id": "BreakoutNoFrameskip-v4"}
r,l,t
0.0,125,43.587519
1.0,157,47.76989
3.0,249,55.189004
0.0,127,78.358217
1.0,175,83.676797
2.0,202,89.835389
3.0,233,96.793479
0.0,127,100.737108
0.0,127,104.446949
3.0,230,111.698067
2.0,224,119.08371
3.0,214,125.418231
0.0,125,128.94115
0.0,127,132.957271
1.0,175,138.069352
3.0,273,147.198993
6.0,376,160.079475
1.0,155,165.17225
2.0,203,172.061409
2.0,202,179.059843
1.0,175,184.98554
1.0,174,190.822716
2.0,222,197.805411
0.0,129,202.045222
4.0,260,211.038448
0.0,129,214.969251
