#{"t_start": 1544715600.1363363, "env_id": "BreakoutNoFrameskip-v4"}
r,l,t
0.0,129,40.55447
0.0,129,43.82637
0.0,127,47.395165
2.0,223,73.425668
0.0,127,77.278025
0.0,125,81.025206
1.0,157,85.749938
2.0,223,92.364554
7.0,428,106.171765
0.0,127,109.980864
1.0,155,114.991565
2.0,204,120.902669
1.0,178,126.338304
2.0,221,133.402924
1.0,175,138.91638
1.0,175,144.498059
1.0,157,149.420155
1.0,173,155.160192
1.0,154,160.288628
2.0,198,166.869816
1.0,173,172.750431
0.0,123,176.815242
0.0,127,181.068813
1.0,175,186.983477
0.0,127,190.863771
3.0,250,199.058204
1.0,173,204.875881
0.0,127,208.88664
0.0,127,212.92511
