#{"t_start": 1544715601.8422446, "env_id": "BreakoutNoFrameskip-v4"}
r,l,t
5.0,351,45.487632
0.0,129,49.216993
0.0,127,72.216047
1.0,171,77.398583
1.0,155,82.274847
3.0,214,88.615973
0.0,123,91.98984
5.0,331,102.683831
8.0,352,114.338562
2.0,202,120.283298
1.0,174,125.419081
1.0,175,131.093403
0.0,125,134.604466
3.0,235,142.390589
0.0,129,146.380461
1.0,175,152.027304
0.0,129,156.2985
0.0,127,160.452452
2.0,224,168.162755
1.0,175,174.071924
0.0,123,178.124936
2.0,202,185.023535
2.0,203,191.453759
0.0,125,195.227039
1.0,157,200.423377
4.0,322,211.562155
