#{"t_start": 1544715602.05099, "env_id": "BreakoutNoFrameskip-v4"}
r,l,t
0.0,125,38.513669
1.0,157,42.699523
3.0,250,50.140336
0.0,129,73.3781
0.0,127,77.04145
4.0,304,86.37985
3.0,212,93.104987
0.0,127,96.915257
0.0,125,100.525527
3.0,232,107.792802
10.0,429,121.627382
0.0,127,125.286252
3.0,250,133.154618
2.0,217,140.461558
0.0,125,144.178112
0.0,129,148.188336
2.0,223,155.725854
0.0,127,159.864986
0.0,125,163.849339
3.0,247,172.482411
1.0,153,177.686184
1.0,173,183.438678
2.0,219,190.554054
3.0,248,198.768081
0.0,129,203.115603
1.0,153,208.038501
0.0,125,212.008238
