#{"t_start": 1544715600.3988311, "env_id": "BreakoutNoFrameskip-v4"}
r,l,t
0.0,125,40.136687
0.0,127,43.373252
0.0,125,46.81232
0.0,129,50.546421
0.0,127,73.557049
9.0,402,86.393641
0.0,127,90.096931
0.0,127,93.626896
1.0,155,98.495275
1.0,156,103.148189
0.0,123,106.761594
0.0,129,110.664739
0.0,127,114.758714
0.0,125,118.13544
3.0,253,125.990329
1.0,173,131.448321
2.0,199,137.641603
1.0,175,143.316875
0.0,129,147.336116
0.0,127,151.246418
0.0,127,155.302024
2.0,204,162.245761
1.0,177,168.11991
1.0,155,173.384035
4.0,299,183.983952
2.0,218,191.123028
0.0,127,194.878207
0.0,127,198.9949
2.0,187,205.28673
2.0,205,212.11659
