#{"t_start": 1544715600.3104916, "env_id": "BreakoutNoFrameskip-v4"}
r,l,t
4.0,301,45.348049
2.0,186,51.044958
0.0,127,74.024469
2.0,185,79.628068
2.0,207,86.034758
3.0,251,93.54941
0.0,127,97.517796
0.0,127,101.200749
0.0,125,104.899692
2.0,198,111.066556
3.0,234,118.380466
0.0,129,122.304654
1.0,155,126.722573
2.0,202,133.254012
2.0,221,140.360161
2.0,224,147.617415
1.0,155,152.549225
1.0,175,158.53791
1.0,157,163.648172
0.0,127,167.712909
0.0,129,172.00815
0.0,123,176.071565
1.0,171,181.912305
3.0,269,191.015043
0.0,129,194.785146
4.0,283,204.614167
2.0,188,210.839331
