#{"t_start": 1544715602.2269652, "env_id": "BreakoutNoFrameskip-v4"}
r,l,t
4.0,301,43.445558
5.0,368,74.468485
0.0,127,78.068438
0.0,125,81.951771
2.0,185,87.260328
4.0,320,97.406551
2.0,200,103.613266
0.0,127,107.392973
0.0,125,111.235016
1.0,155,115.852712
3.0,250,123.529525
2.0,202,130.064476
4.0,323,140.64174
2.0,204,147.088325
1.0,153,152.084965
0.0,129,156.326462
0.0,127,160.441043
1.0,173,166.130265
2.0,222,173.90962
1.0,157,179.258713
1.0,173,185.080131
0.0,127,188.957958
2.0,224,196.273854
0.0,127,200.219106
1.0,173,206.111165
0.0,129,210.134636
