#{"t_start": 1544715602.2764685, "env_id": "BreakoutNoFrameskip-v4"}
r,l,t
0.0,127,38.357311
0.0,127,41.580965
1.0,173,46.639637
1.0,155,70.524205
0.0,127,74.346808
2.0,198,80.502294
0.0,129,84.128452
0.0,125,87.695416
2.0,222,94.601365
4.0,263,102.824883
2.0,207,109.305309
0.0,125,113.376106
2.0,224,120.005728
1.0,176,125.330628
2.0,200,131.554549
1.0,173,137.145164
3.0,248,145.270895
0.0,125,149.095196
3.0,230,156.971535
2.0,202,163.684873
3.0,232,171.759415
0.0,129,176.000884
3.0,273,185.548561
1.0,171,190.883935
0.0,127,194.688347
1.0,173,200.482485
0.0,129,204.79855
1.0,151,209.573472
