#{"t_start": 1546138372.9551306, "env_id": "BreakoutNoFrameskip-v4"}
r,l,t
2.0,202,102.04941
2.0,202,118.424825
