#{"t_start": 1546138371.1960201, "env_id": "BreakoutNoFrameskip-v4"}
r,l,t
0.0,127,98.657358
0.0,127,107.181831
0.0,129,117.564104
1.0,153,129.442494
