#{"t_start": 1546138372.2061677, "env_id": "BreakoutNoFrameskip-v4"}
r,l,t
1.0,177,101.419928
2.0,223,118.88079
