#{"t_start": 1546138371.8659413, "env_id": "BreakoutNoFrameskip-v4"}
r,l,t
0.0,127,98.010849
0.0,129,106.666318
1.0,155,119.050465
0.0,127,128.93574
