#{"t_start": 1546138372.8595006, "env_id": "BreakoutNoFrameskip-v4"}
r,l,t
1.0,173,100.361254
1.0,173,113.462669
0.0,125,123.685985
