#{"t_start": 1546138372.8711922, "env_id": "BreakoutNoFrameskip-v4"}
r,l,t
1.0,175,100.555493
1.0,155,111.7853
0.0,127,122.532263
