#{"t_start": 1546138372.9677262, "env_id": "BreakoutNoFrameskip-v4"}
r,l,t
0.0,129,97.038284
0.0,127,105.58337
0.0,127,115.843591
