#{"t_start": 1546138372.3687525, "env_id": "BreakoutNoFrameskip-v4"}
r,l,t
3.0,234,105.668399
2.0,200,122.359677
