#{"t_start": 1546138372.0542028, "env_id": "BreakoutNoFrameskip-v4"}
r,l,t
3.0,253,107.242552
1.0,156,119.857078
0.0,127,129.6987
