#{"t_start": 1546138372.007274, "env_id": "BreakoutNoFrameskip-v4"}
r,l,t
0.0,125,97.713898
1.0,173,109.607509
2.0,200,126.913743
