#{"t_start": 1546138372.4074473, "env_id": "BreakoutNoFrameskip-v4"}
r,l,t
0.0,125,97.329106
0.0,129,106.002824
2.0,198,122.647802
