#{"t_start": 1546138371.7232146, "env_id": "BreakoutNoFrameskip-v4"}
r,l,t
1.0,155,100.012506
2.0,186,114.020552
0.0,129,124.717614
