#{"t_start": 1546138372.1386187, "env_id": "BreakoutNoFrameskip-v4"}
r,l,t
1.0,155,99.609857
1.0,157,110.821928
