#{"t_start": 1546138367.6887221, "env_id": "BreakoutNoFrameskip-v4"}
r,l,t
2.0,187,106.518318
2.0,186,121.542298
