#{"t_start": 1546138372.7455978, "env_id": "BreakoutNoFrameskip-v4"}
r,l,t
0.0,127,97.132503
0.0,123,105.399198
1.0,154,117.736004
