#{"t_start": 1546138372.5962355, "env_id": "BreakoutNoFrameskip-v4"}
r,l,t
1.0,173,100.607361
1.0,157,112.027184
0.0,129,122.987597
