#{"t_start": 1544715602.5036316, "env_id": "BreakoutNoFrameskip-v4"}
r,l,t
0.0,125,38.462052
0.0,127,41.635939
1.0,175,46.578105
0.0,127,49.773847
0.0,129,72.6592
0.0,125,76.47198
0.0,129,80.498546
0.0,127,83.906697
0.0,129,87.55867
0.0,127,91.451935
1.0,155,96.225566
2.0,224,103.192448
0.0,129,107.036612
0.0,127,111.021521
2.0,206,117.240074
0.0,125,121.184799
3.0,252,129.08306
0.0,125,132.820272
1.0,173,138.428598
0.0,125,142.364794
0.0,129,146.155076
0.0,127,150.082783
2.0,202,157.147581
1.0,175,162.545762
10.0,449,178.184818
3.0,272,187.322135
1.0,157,192.114041
3.0,274,201.269464
0.0,129,205.417572
