#{"t_start": 1544715593.187395, "env_id": "BreakoutNoFrameskip-v4"}
r,l,t
2.0,223,50.492457
3.0,248,57.690661
0.0,129,80.146826
0.0,129,84.112817
2.0,222,91.146982
2.0,204,97.053721
4.0,282,106.098998
2.0,202,112.364815
1.0,175,117.823791
2.0,203,124.290323
4.0,283,133.200535
0.0,127,136.996531
2.0,186,142.879923
2.0,205,149.75918
1.0,155,154.521117
0.0,129,158.402226
4.0,280,168.008386
2.0,222,175.126064
0.0,127,179.328589
1.0,170,184.928942
1.0,172,190.529059
1.0,173,196.134291
0.0,129,199.997317
0.0,129,203.967611
2.0,223,211.448967
1.0,176,217.267912
