#{"t_start": 1544715600.6661649, "env_id": "BreakoutNoFrameskip-v4"}
r,l,t
2.0,224,43.05312
1.0,172,48.001904
0.0,127,51.320797
0.0,129,73.896819
0.0,129,77.876181
0.0,127,81.79405
1.0,155,86.181439
0.0,129,89.87521
3.0,235,97.494783
5.0,328,107.811645
1.0,157,112.830127
2.0,203,118.958919
1.0,174,124.501418
2.0,202,130.764151
2.0,224,138.095821
6.0,363,150.067902
1.0,173,155.876079
1.0,172,161.50532
2.0,222,168.691397
3.0,248,177.147647
0.0,129,181.231931
0.0,129,185.370623
0.0,127,189.304303
0.0,129,193.125281
2.0,202,199.727561
0.0,129,203.834911
1.0,155,208.924661
