#{"t_start": 1544715595.2131426, "env_id": "BreakoutNoFrameskip-v4"}
r,l,t
1.0,176,47.133078
1.0,175,52.033568
2.0,200,76.584142
2.0,187,82.377213
2.0,222,89.413969
0.0,125,92.83913
0.0,127,96.554473
1.0,157,101.366558
3.0,236,108.646024
0.0,129,112.477222
7.0,422,126.374117
3.0,271,134.973053
0.0,127,138.821795
0.0,127,142.703349
7.0,411,156.535648
0.0,129,160.694307
3.0,268,169.618455
0.0,129,173.621709
2.0,185,179.932292
2.0,201,186.571815
1.0,153,191.544709
6.0,379,204.139786
5.0,300,214.33019
