#{"t_start": 1544715601.3218777, "env_id": "BreakoutNoFrameskip-v4"}
r,l,t
1.0,175,40.982234
0.0,129,44.409436
1.0,178,49.426958
4.0,305,77.851461
0.0,123,81.725087
0.0,129,85.175151
2.0,205,91.586259
2.0,184,97.265349
2.0,184,102.787702
2.0,201,109.116717
1.0,173,114.657583
0.0,125,118.151397
0.0,127,122.147286
0.0,129,125.816013
1.0,153,130.658784
0.0,129,134.501648
0.0,129,138.618847
1.0,174,144.201965
0.0,127,147.97258
1.0,155,152.848817
0.0,127,157.328437
1.0,173,162.825911
2.0,222,170.046168
1.0,158,175.270778
0.0,125,179.224564
1.0,157,184.289057
3.0,228,191.640264
1.0,173,197.13166
1.0,173,202.852813
