#{"t_start": 1544715600.566464, "env_id": "BreakoutNoFrameskip-v4"}
r,l,t
0.0,129,40.520986
2.0,201,45.996589
3.0,251,72.225736
1.0,175,77.60454
3.0,256,85.592546
1.0,157,90.171329
1.0,155,95.021384
3.0,272,103.463967
1.0,176,108.982375
0.0,129,113.045735
0.0,127,116.785068
0.0,129,120.502758
6.0,392,133.274099
0.0,129,137.236539
1.0,155,142.41354
1.0,173,147.679441
5.0,351,159.816761
0.0,127,163.764784
0.0,129,167.541874
1.0,173,173.454921
5.0,350,185.409327
1.0,169,190.729716
1.0,157,195.56922
1.0,155,200.524446
1.0,175,206.345695
