#{"t_start": 1544715599.8424928, "env_id": "BreakoutNoFrameskip-v4"}
r,l,t
3.0,230,44.07463
0.0,127,47.599367
1.0,177,52.33181
1.0,159,76.157361
1.0,155,80.979182
1.0,155,85.616237
0.0,127,89.108161
2.0,226,96.336149
1.0,177,101.778183
4.0,306,111.53193
4.0,267,119.939867
0.0,127,123.920851
0.0,127,127.582091
1.0,155,132.409331
1.0,176,137.92761
0.0,127,142.054103
1.0,176,147.688181
4.0,292,157.416643
4.0,319,167.955258
4.0,270,177.281474
0.0,129,181.481953
1.0,176,187.189394
0.0,129,191.141868
0.0,127,194.976711
1.0,176,200.657145
3.0,272,209.955602
