#{"t_start": 1544715602.2585638, "env_id": "BreakoutNoFrameskip-v4"}
r,l,t
2.0,219,41.290306
5.0,333,69.952346
1.0,157,74.801808
1.0,157,79.700886
0.0,127,83.29669
0.0,127,86.819171
0.0,125,90.687458
1.0,173,96.048442
3.0,252,103.888376
0.0,129,107.689545
0.0,129,111.787969
0.0,129,115.595662
1.0,157,120.386322
0.0,127,124.060579
0.0,123,127.734102
0.0,127,131.604167
2.0,200,138.112889
0.0,123,142.000137
2.0,222,149.023852
3.0,252,157.739775
2.0,200,163.956437
2.0,222,171.626387
4.0,299,181.739224
1.0,152,186.643684
1.0,175,192.084143
0.0,127,195.965005
4.0,324,207.065785
