#{"t_start": 1544715599.7808394, "env_id": "BreakoutNoFrameskip-v4"}
r,l,t
2.0,198,43.191643
0.0,127,46.608438
3.0,230,72.132167
2.0,201,78.415689
1.0,175,83.861111
6.0,348,94.722645
3.0,236,102.183463
0.0,127,105.866577
2.0,224,113.09266
1.0,154,117.794278
0.0,127,121.430377
1.0,171,126.713545
0.0,125,130.498023
0.0,127,134.316244
1.0,157,139.385332
0.0,127,143.443667
0.0,125,147.233727
0.0,129,151.048111
0.0,125,154.915605
2.0,224,162.624777
4.0,302,172.716958
0.0,127,176.767566
3.0,270,185.900955
0.0,127,189.892119
3.0,252,197.904442
3.0,251,206.37463
