#{"t_start": 1544715595.807709, "env_id": "BreakoutNoFrameskip-v4"}
r,l,t
1.0,171,46.378651
0.0,127,49.710886
1.0,175,54.68699
0.0,127,77.143057
0.0,125,80.896521
0.0,127,84.645775
2.0,206,90.839789
0.0,129,94.573186
2.0,206,101.1743
0.0,129,104.989829
2.0,221,111.707773
5.0,351,123.169168
0.0,123,126.932048
0.0,129,130.686704
0.0,125,134.48735
1.0,155,139.184351
0.0,129,143.372715
0.0,127,147.424456
2.0,186,153.082735
2.0,203,159.817188
2.0,190,166.226377
1.0,155,170.930835
0.0,129,175.24073
0.0,129,179.386447
4.0,325,190.460168
0.0,125,194.238658
0.0,129,198.095292
1.0,173,203.725184
4.0,302,214.075359
