#{"t_start": 1544715597.483132, "env_id": "BreakoutNoFrameskip-v4"}
r,l,t
0.0,127,43.541258
0.0,129,46.789742
0.0,125,50.279542
4.0,276,77.283598
0.0,127,81.130664
3.0,237,88.534745
2.0,222,95.356554
2.0,223,102.348927
1.0,176,107.764232
5.0,350,119.178501
2.0,227,126.287911
2.0,203,132.523815
1.0,155,137.258913
0.0,127,141.393427
0.0,127,145.42468
2.0,220,152.303553
0.0,129,156.260535
3.0,273,165.718405
2.0,203,172.26496
2.0,202,179.079733
0.0,129,183.228746
0.0,129,187.303907
0.0,125,191.208103
1.0,172,196.516771
5.0,352,208.398541
