P01:episode_rewards,grad_norm,frames,policy_entropy,policy_loss,fps,explained_variance,P09:episode_rewards,epoch_idx,value_loss,advantage_norm,PMM:episode_rewards,episode_length
0.0,40.365305558370565,8000,1.343419914841652,-0.15485428862972184,538,-1.4823265796899796,2.0,1,1.823009295537122,4.7193071855604645,0.9047619047619048,165.14285714285714
0.0,0.1290091144171083,16000,1.3631862497329712,0.0001112121797632426,316,-6.125663185119629,3.0,2,0.004737566878038706,0.6467661263793707,1.0736842105263158,170.96842105263158
0.0,0.12879560354220929,24000,1.3726868188381196,0.0011964894414995797,357,-5.15496314406395,3.0,3,0.007100630384861688,0.8419542058371008,1.26,177.05
0.0,0.08303786465757808,32000,1.3794331669807434,-0.0001590030177612789,380,-6.825849563479424,3.0,4,0.005261204406094748,0.6991013100929558,1.41,183.99
0.0,0.08941751578017239,40000,1.3838588392734528,0.0003086550394073129,395,-3.843508975505829,3.0,5,0.005064106920385712,0.6627365130931139,1.29,179.8
0.0,0.08370366485445045,48000,1.3831830894947053,-4.025245766342778e-05,404,-4.182082205414772,2.1000000000000085,6,0.004762605262351371,0.6124415042996406,1.0,166.98
0.0,0.39334083406720616,56000,1.3807788586616516,0.00032828797528054564,410,-1.8687633454799653,4.0,7,0.009458234437979628,0.9540716957300901,1.33,182.04
0.0,0.1283733306796233,64000,1.3796250450611114,-0.0007781640494249586,415,-2.81170878469944,4.0,8,0.005847708881437938,0.7502015008032322,1.59,192.05
0.0,0.12399792632038813,72000,1.3797608637809753,-0.0006199724568296005,419,-1.5731626677513122,3.1000000000000085,9,0.006138248973575173,0.7801409929990768,1.44,185.48
