#{"t_start": 1544715602.3108048, "env_id": "BreakoutNoFrameskip-v4"}
r,l,t
1.0,157,38.740994
0.0,129,41.828939
1.0,155,44.943524
1.0,175,56.939885
1.0,152,58.612195
5.0,351,62.626509
5.0,349,66.703917
1.0,153,68.299471
1.0,173,71.023633
1.0,173,74.144826
1.0,173,80.383595
6.0,396,89.493823
2.0,200,94.755213
0.0,127,97.138151
2.0,201,100.998949
1.0,173,104.939135
1.0,157,108.855245
1.0,176,111.512117
0.0,129,113.982855
5.0,348,121.259217
0.0,127,123.768031
5.0,350,130.298401
0.0,129,132.594984
1.0,156,135.285447
0.0,129,137.511425
3.0,252,142.31867
2.0,204,145.905896
1.0,157,148.81053
0.0,125,151.009715
0.0,125,152.982183
2.0,206,156.324213
3.0,275,161.182459
4.0,318,166.921065
0.0,129,169.090592
3.0,250,173.489846
2.0,203,177.349062
0.0,127,179.280903
1.0,155,181.633024
0.0,129,183.742213
1.0,170,186.408685
5.0,331,192.805953
1.0,177,195.571695
7.0,414,203.172865
0.0,127,204.995613
