#{"t_start": 1544715597.856717, "env_id": "BreakoutNoFrameskip-v4"}
r,l,t
2.0,204,44.584246
0.0,127,47.391762
0.0,127,49.712765
2.0,225,62.151567
11.0,460,67.545424
3.0,250,70.271885
0.0,129,71.792579
0.0,125,73.086638
1.0,175,76.120797
1.0,174,79.570094
0.0,127,84.124609
1.0,173,88.91363
1.0,176,92.327198
0.0,129,94.835119
0.0,127,98.113969
2.0,197,102.267387
1.0,176,105.679961
1.0,172,109.640447
7.0,321,116.180754
1.0,171,119.657989
1.0,155,122.950845
0.0,129,125.275901
1.0,173,128.71259
3.0,249,133.060562
6.0,376,140.241489
5.0,350,146.99894
0.0,127,148.888525
0.0,123,151.217364
2.0,225,155.41172
1.0,155,157.880925
2.0,202,161.155863
3.0,232,165.285932
2.0,201,168.729365
0.0,127,170.796149
2.0,200,174.328853
1.0,153,176.804571
0.0,129,179.325234
0.0,127,181.631525
3.0,252,185.62137
1.0,153,188.088244
1.0,173,190.836787
0.0,129,193.161521
0.0,129,195.595075
0.0,129,197.752343
4.0,321,203.189001
5.0,331,209.066943
