#{"t_start": 1544715600.8431308, "env_id": "BreakoutNoFrameskip-v4"}
r,l,t
0.0,123,39.126175
3.0,235,45.05442
1.0,173,48.128209
0.0,125,58.817659
2.0,223,61.335602
1.0,154,62.990093
1.0,178,65.039961
4.0,297,68.542865
4.0,279,72.277396
0.0,127,74.683923
5.0,318,84.590976
0.0,127,87.432687
0.0,123,89.563836
0.0,129,92.222238
1.0,153,96.222864
2.0,223,100.435963
3.0,251,105.731439
0.0,125,109.205521
2.0,202,112.655256
0.0,127,114.999234
0.0,127,117.784401
2.0,183,121.31226
1.0,157,124.369356
3.0,250,128.973274
3.0,271,134.03244
1.0,175,137.15695
0.0,129,139.386614
0.0,127,141.528054
1.0,178,144.931484
0.0,129,146.930282
0.0,129,149.268003
3.0,234,153.682582
0.0,125,155.570581
1.0,155,157.966768
0.0,127,160.119314
0.0,129,162.299898
0.0,127,164.399155
1.0,153,167.007035
0.0,125,169.135626
9.0,425,176.891346
1.0,153,179.660205
3.0,270,183.895231
1.0,173,186.852648
0.0,129,188.983796
0.0,129,191.342798
2.0,206,195.02137
5.0,331,200.69206
3.0,276,205.64929
0.0,127,207.792699
