#{"t_start": 1544715591.7312872, "env_id": "BreakoutNoFrameskip-v4"}
r,l,t
1.0,173,49.787717
3.0,250,55.45339
0.0,127,66.99229
2.0,200,69.147555
0.0,129,70.447278
0.0,125,71.749649
0.0,129,73.206156
2.0,222,75.666984
4.0,299,79.113822
1.0,155,81.636824
2.0,203,85.771085
2.0,185,92.646822
4.0,279,98.530429
0.0,127,101.069778
0.0,129,104.421153
0.0,129,106.921392
4.0,298,113.345913
0.0,129,116.316746
1.0,175,120.13796
2.0,198,123.481711
0.0,127,126.020549
0.0,127,128.697652
2.0,222,133.00462
2.0,225,137.219862
0.0,127,139.318152
0.0,127,141.689213
4.0,321,147.511636
1.0,153,150.275222
2.0,202,154.105705
1.0,175,157.127681
3.0,230,161.455972
3.0,250,165.678058
0.0,125,167.553284
0.0,125,169.796046
0.0,127,171.746171
0.0,127,173.92171
2.0,202,177.362314
11.0,476,186.21386
0.0,127,188.508597
0.0,127,190.50297
0.0,129,192.326443
2.0,202,195.713591
5.0,329,201.924369
1.0,174,204.797405
8.0,352,210.891607
4.0,298,216.26139
