#{"t_start": 1544715588.629985, "env_id": "BreakoutNoFrameskip-v4"}
r,l,t
1.0,155,52.346718
0.0,127,55.394964
3.0,250,60.382874
1.0,173,71.657344
1.0,155,73.341103
0.0,129,74.634929
0.0,127,76.140042
0.0,123,77.48439
1.0,157,79.028983
0.0,129,80.606159
0.0,129,81.795869
3.0,250,86.277606
3.0,250,93.543826
0.0,129,97.075384
0.0,125,99.798633
0.0,129,102.115741
1.0,157,105.555166
0.0,129,108.794153
0.0,127,111.143697
0.0,127,113.277207
4.0,278,120.255091
2.0,201,124.089123
1.0,175,127.116767
1.0,174,131.03713
2.0,201,134.740568
0.0,129,137.262723
4.0,281,142.381862
0.0,125,144.679301
1.0,175,147.84545
1.0,171,150.786828
2.0,201,154.435238
0.0,129,156.915835
5.0,331,163.03794
4.0,278,167.889074
0.0,125,169.85321
0.0,129,171.90949
0.0,129,174.140573
3.0,257,178.600726
0.0,127,180.848036
0.0,129,182.9356
0.0,125,184.809838
0.0,125,187.029597
5.0,305,192.716435
0.0,127,194.582278
2.0,201,197.879375
0.0,127,199.84642
0.0,129,201.991843
0.0,127,204.43624
7.0,329,210.12242
0.0,129,212.283044
2.0,202,216.026093
0.0,127,217.943865
0.0,127,220.105604
