#{"t_start": 1544715602.2143161, "env_id": "BreakoutNoFrameskip-v4"}
r,l,t
0.0,129,37.93721
0.0,127,41.123104
4.0,323,56.813738
3.0,268,59.790705
3.0,212,62.117869
0.0,127,63.554046
3.0,250,66.35077
2.0,220,68.865546
0.0,129,70.838475
1.0,175,74.058844
0.0,127,78.219964
3.0,251,85.5199
0.0,125,87.797146
0.0,127,90.1297
1.0,157,94.537041
1.0,175,97.834239
0.0,129,100.040951
2.0,218,105.188657
2.0,228,110.161168
2.0,200,113.757015
0.0,129,116.636611
0.0,127,118.920545
1.0,173,122.236277
2.0,206,125.857657
1.0,177,129.23154
0.0,127,131.577387
1.0,174,134.714566
3.0,228,138.831815
4.0,282,144.030517
0.0,127,146.257305
0.0,125,148.455711
2.0,185,151.814401
0.0,125,153.762752
0.0,129,155.828798
0.0,129,157.869564
2.0,199,161.317956
4.0,318,167.081683
0.0,127,169.162118
2.0,206,172.527564
0.0,125,175.011371
0.0,125,177.275022
3.0,250,181.225003
0.0,125,183.213936
0.0,127,185.230861
2.0,221,189.171565
6.0,382,196.014093
2.0,223,199.859137
7.0,321,205.676645
