#{"t_start": 1544715601.903085, "env_id": "BreakoutNoFrameskip-v4"}
r,l,t
2.0,225,41.060056
9.0,400,57.72388
0.0,129,59.207815
0.0,129,60.492201
5.0,348,64.542842
0.0,127,65.813179
1.0,157,67.681032
2.0,205,70.251213
0.0,125,72.518026
3.0,211,77.750909
1.0,157,83.035821
1.0,178,87.005894
3.0,271,92.889784
0.0,127,95.902816
1.0,177,99.237362
3.0,252,104.498405
1.0,174,109.208808
0.0,129,111.138827
1.0,157,113.952518
4.0,275,119.781134
0.0,129,122.189934
1.0,171,125.444403
0.0,129,127.714576
1.0,155,130.36323
0.0,125,132.656655
0.0,127,134.905511
0.0,125,136.95565
0.0,127,139.226456
1.0,173,142.339237
0.0,127,144.453383
1.0,175,147.648853
0.0,129,149.974926
0.0,127,152.16249
4.0,299,157.1142
0.0,125,159.221129
1.0,173,162.099512
0.0,125,164.26852
0.0,129,166.415496
0.0,129,168.647684
0.0,127,170.605466
1.0,155,173.121513
0.0,127,175.611745
2.0,202,179.217025
0.0,129,181.11981
2.0,229,184.881489
1.0,157,187.439305
1.0,155,190.382345
2.0,204,194.000443
5.0,329,199.633826
0.0,127,201.697606
0.0,127,204.081174
