#{"t_start": 1544715597.4363844, "env_id": "BreakoutNoFrameskip-v4"}
r,l,t
1.0,173,44.063776
5.0,331,51.218912
3.0,228,63.400915
0.0,127,64.676831
1.0,173,66.593195
0.0,127,68.0039
3.0,274,71.094568
3.0,232,73.80092
0.0,127,75.831231
0.0,127,78.171868
0.0,127,81.400998
2.0,203,88.080564
3.0,253,93.417277
0.0,127,96.249741
3.0,272,102.476694
0.0,127,104.608715
1.0,173,108.459972
1.0,172,112.794719
2.0,222,116.656201
2.0,204,121.060377
0.0,127,123.488254
1.0,171,126.681993
0.0,129,129.225471
0.0,129,131.38428
1.0,157,134.074206
3.0,250,138.768486
2.0,222,142.782314
2.0,200,146.457111
3.0,248,150.994304
1.0,171,154.161775
1.0,175,157.283574
4.0,299,162.203975
1.0,173,165.265474
3.0,272,170.025609
1.0,155,172.774219
3.0,250,177.017385
2.0,222,181.332785
6.0,376,187.571956
1.0,171,190.404072
2.0,202,194.050159
1.0,171,197.144925
1.0,173,200.059923
2.0,206,203.471866
1.0,155,206.045716
0.0,129,208.471979
1.0,172,211.295814
