#{"t_start": 1544715597.6473145, "env_id": "BreakoutNoFrameskip-v4"}
r,l,t
1.0,157,43.404364
2.0,200,48.220678
0.0,129,50.41372
0.0,127,61.549454
0.0,127,62.901325
0.0,129,64.257441
0.0,123,65.470882
1.0,173,67.503117
1.0,157,69.181479
0.0,127,70.480891
2.0,198,72.700418
1.0,155,74.936594
2.0,224,79.404869
0.0,125,83.690231
0.0,129,87.537435
2.0,183,91.512925
1.0,173,94.803641
3.0,252,100.96964
2.0,219,105.225067
2.0,221,110.872882
0.0,125,113.577286
1.0,155,115.884093
0.0,125,118.165422
3.0,248,123.487393
1.0,176,126.886615
1.0,157,129.784591
2.0,219,133.721087
1.0,178,137.045161
6.0,275,141.993618
1.0,159,144.855659
4.0,301,150.485708
0.0,127,152.728654
2.0,221,156.85483
3.0,270,161.217965
0.0,129,163.401246
0.0,129,165.58901
2.0,219,169.421096
3.0,248,173.833246
2.0,204,177.15422
3.0,248,182.063674
0.0,123,183.913431
2.0,222,187.457396
1.0,175,190.359034
0.0,127,192.447499
0.0,127,194.865955
4.0,317,200.38028
0.0,125,202.372092
0.0,123,204.372025
0.0,129,206.701089
0.0,127,208.768556
2.0,200,212.202734
