#{"t_start": 1544715596.3400078, "env_id": "BreakoutNoFrameskip-v4"}
r,l,t
2.0,201,46.009552
1.0,174,49.945549
0.0,129,52.028086
0.0,127,63.066272
0.0,125,64.419434
3.0,278,67.50857
1.0,171,69.47548
1.0,174,71.27002
0.0,127,72.768252
6.0,384,78.787662
0.0,129,81.394371
0.0,127,86.087462
0.0,129,89.549928
1.0,153,92.705434
2.0,198,96.768618
2.0,181,101.298095
1.0,173,104.512913
1.0,173,108.276146
0.0,125,110.886252
0.0,125,113.937895
1.0,173,116.891918
0.0,129,119.157284
3.0,268,124.910916
0.0,129,127.208493
0.0,129,129.794469
4.0,301,135.302498
3.0,270,140.438485
2.0,219,144.389834
2.0,200,148.070919
1.0,173,150.853385
0.0,129,153.325497
1.0,173,156.548846
0.0,127,158.633247
2.0,200,161.920373
0.0,129,163.966222
1.0,157,166.652005
6.0,401,173.969667
3.0,272,178.50586
3.0,249,183.435706
1.0,155,185.945867
0.0,125,187.694852
0.0,129,189.824431
1.0,155,192.206869
2.0,200,196.052769
2.0,202,199.617152
1.0,173,202.316551
0.0,129,204.470757
0.0,125,206.549769
0.0,125,208.779041
