#{"t_start": 1544715602.1347356, "env_id": "BreakoutNoFrameskip-v4"}
r,l,t
1.0,169,39.213002
1.0,178,43.494507
2.0,204,56.605452
1.0,173,58.393938
1.0,157,60.089269
0.0,127,61.394463
1.0,173,63.432454
0.0,129,64.741945
1.0,175,66.730469
1.0,170,68.537446
0.0,123,70.30692
4.0,257,75.785306
0.0,125,80.292753
0.0,125,83.6264
2.0,198,87.672073
1.0,174,91.568507
1.0,177,95.737705
2.0,201,99.511165
1.0,171,103.343644
1.0,173,107.683425
1.0,159,110.485422
1.0,157,113.179666
0.0,127,115.846537
1.0,155,118.932814
1.0,157,121.875144
0.0,129,124.393696
3.0,253,128.86653
2.0,226,133.177138
0.0,129,135.28238
0.0,129,137.508224
0.0,129,139.809906
2.0,200,143.607627
0.0,127,145.526736
2.0,200,149.389535
0.0,125,151.597631
0.0,127,153.530495
2.0,204,156.851702
0.0,129,159.083527
4.0,280,163.989362
2.0,222,167.996399
2.0,202,171.262801
3.0,270,176.518547
0.0,125,178.571897
2.0,200,181.661338
0.0,125,183.661697
1.0,157,186.170645
2.0,223,190.427703
3.0,271,195.204214
0.0,129,197.176259
0.0,125,199.195357
2.0,200,202.869392
4.0,258,207.32539
