#{"t_start": 1544715600.1613598, "env_id": "BreakoutNoFrameskip-v4"}
r,l,t
1.0,176,41.478831
1.0,173,45.553848
1.0,175,48.607931
1.0,176,60.064626
1.0,159,61.788987
0.0,127,63.068356
0.0,125,64.52668
0.0,127,65.939381
3.0,230,68.449683
10.0,376,73.951609
0.0,129,76.071171
0.0,129,80.330981
1.0,155,85.17074
0.0,129,88.029377
2.0,221,92.247093
0.0,127,95.516994
1.0,175,99.363111
0.0,127,101.508364
2.0,187,105.641602
3.0,270,111.948699
2.0,202,115.416066
0.0,127,118.235463
3.0,237,122.859421
0.0,127,125.267911
1.0,173,128.324043
1.0,177,131.563244
0.0,127,133.873149
0.0,127,136.039302
6.0,342,142.394464
0.0,129,144.86477
3.0,274,149.744723
3.0,250,154.456411
2.0,188,157.515589
0.0,129,159.427521
3.0,252,163.814046
0.0,127,166.042264
0.0,127,168.117937
1.0,153,170.787962
1.0,176,173.652361
0.0,127,176.129098
0.0,127,178.219356
4.0,298,183.239349
1.0,154,185.749513
0.0,127,187.751841
0.0,127,189.839023
1.0,176,193.21642
0.0,127,195.349402
0.0,125,197.308986
0.0,127,199.309375
0.0,127,201.335951
2.0,202,205.035959
0.0,129,206.933562
1.0,155,209.720734
