#{"t_start": 1544715601.9366167, "env_id": "BreakoutNoFrameskip-v4"}
r,l,t
1.0,157,39.114715
2.0,202,44.007723
1.0,175,47.135598
0.0,129,57.831066
0.0,127,59.250638
3.0,233,61.741677
3.0,252,64.735169
3.0,272,67.815153
4.0,301,72.667581
0.0,127,74.791007
2.0,201,82.139668
3.0,268,87.941234
1.0,158,91.297046
1.0,175,95.666205
0.0,127,98.025037
0.0,129,100.216807
3.0,274,107.10879
2.0,186,110.630101
3.0,228,114.992789
1.0,173,118.649116
1.0,157,121.455576
0.0,129,123.993078
2.0,200,127.644569
2.0,224,131.773966
3.0,250,136.349729
2.0,203,139.961561
1.0,175,143.31653
0.0,127,145.100178
3.0,233,149.726011
1.0,159,152.537415
0.0,127,154.473209
6.0,381,161.173855
0.0,129,163.305577
0.0,129,165.433602
0.0,129,167.718474
2.0,203,171.031474
1.0,174,174.384305
0.0,125,176.413784
0.0,127,178.6164
0.0,129,180.605055
0.0,127,182.413652
5.0,341,188.351874
1.0,174,191.805777
0.0,127,193.833704
3.0,234,197.737691
5.0,327,203.704306
0.0,127,205.472613
0.0,127,207.807913
