#{"t_start": 1544715596.243674, "env_id": "BreakoutNoFrameskip-v4"}
r,l,t
3.0,232,46.862083
0.0,125,49.626672
3.0,251,63.087348
4.0,298,66.39248
1.0,157,68.146654
1.0,173,70.096994
2.0,207,72.39261
2.0,217,74.913209
4.0,296,80.313527
1.0,155,85.849329
1.0,157,90.219024
3.0,271,95.666378
4.0,277,102.306133
2.0,202,106.197869
1.0,175,109.962999
0.0,123,113.431518
9.0,422,121.745033
0.0,127,124.315918
0.0,127,126.570916
0.0,129,129.040025
3.0,250,133.6521
8.0,369,140.684314
1.0,157,143.303981
0.0,125,145.487005
3.0,250,150.14269
5.0,345,156.743855
0.0,127,158.813533
0.0,129,160.836944
0.0,129,162.839983
3.0,270,167.561946
1.0,155,170.22714
1.0,175,173.360817
2.0,199,176.620782
0.0,127,178.658639
2.0,202,182.833074
4.0,301,187.625469
1.0,155,190.142678
3.0,250,194.405569
2.0,201,198.275823
0.0,127,200.348794
2.0,220,203.978727
1.0,155,206.61368
1.0,155,209.459055
0.0,127,211.207624
