#{"t_start": 1544715602.5066721, "env_id": "BreakoutNoFrameskip-v4"}
r,l,t
2.0,200,40.370636
0.0,123,43.587043
1.0,155,48.029566
1.0,175,72.346874
0.0,129,76.434202
0.0,127,80.350657
1.0,173,85.225939
7.0,390,97.760883
2.0,199,103.989135
0.0,129,107.655078
0.0,123,111.319754
7.0,411,124.23947
0.0,127,128.278104
0.0,125,131.883892
0.0,127,135.813645
2.0,200,142.015678
0.0,125,145.638206
0.0,129,149.710805
0.0,127,153.484752
4.0,275,162.683362
0.0,127,166.366658
0.0,129,170.492475
0.0,129,174.666586
2.0,202,181.279329
0.0,127,185.341649
0.0,123,188.915619
3.0,232,196.254716
0.0,129,200.271755
