#{"t_start": 1544715602.3312333, "env_id": "BreakoutNoFrameskip-v4"}
r,l,t
1.0,172,39.694238
0.0,129,43.109729
2.0,202,49.041758
1.0,152,72.5751
2.0,200,79.153558
2.0,182,84.468328
2.0,224,91.198656
1.0,173,96.597061
0.0,129,100.479016
3.0,236,107.791842
0.0,125,111.532905
0.0,129,115.312896
0.0,127,118.973341
4.0,298,128.581794
2.0,205,134.863895
2.0,186,140.623587
0.0,129,144.644364
0.0,129,148.449188
0.0,129,152.305129
0.0,129,156.480964
0.0,129,160.365984
1.0,173,165.715382
0.0,125,169.578522
1.0,173,175.339851
0.0,129,179.457894
4.0,301,189.397054
13.0,457,204.746036
