#{"t_start": 1544715601.7889817, "env_id": "BreakoutNoFrameskip-v4"}
r,l,t
2.0,200,41.106617
0.0,129,44.527996
3.0,248,70.928029
0.0,125,74.940043
1.0,155,79.80258
1.0,173,84.817507
0.0,129,88.480472
0.0,125,92.039917
2.0,202,98.488595
1.0,157,103.233262
1.0,157,107.897755
4.0,322,117.944805
5.0,350,129.35602
0.0,125,132.985152
0.0,129,136.928283
0.0,129,140.757948
0.0,127,144.58317
1.0,176,150.122976
0.0,125,153.900121
2.0,202,160.479842
4.0,299,170.139714
8.0,496,187.411676
4.0,301,196.940939
0.0,127,200.88267
