#{"t_start": 1544715593.503296, "env_id": "BreakoutNoFrameskip-v4"}
r,l,t
0.0,127,47.2365
0.0,127,50.56264
3.0,250,57.905339
2.0,224,84.096917
1.0,176,89.627693
2.0,190,95.085956
1.0,171,100.147915
0.0,129,104.107356
0.0,127,107.907536
0.0,129,111.775887
2.0,221,118.649476
3.0,268,126.819654
2.0,202,133.01494
0.0,129,137.112917
1.0,175,142.526504
1.0,157,147.199691
0.0,129,151.198493
0.0,127,154.87727
1.0,173,160.241597
2.0,221,167.711947
0.0,127,171.553268
1.0,173,176.882982
0.0,123,180.734351
0.0,127,184.742858
3.0,272,194.015892
1.0,158,198.708526
0.0,125,202.509203
2.0,200,208.883436
