#{"t_start": 1544715601.2273316, "env_id": "BreakoutNoFrameskip-v4"}
r,l,t
1.0,173,40.83935
1.0,169,45.504625
0.0,129,49.103052
1.0,157,72.59192
3.0,230,80.412256
2.0,186,85.778008
1.0,155,90.413555
0.0,125,93.907402
0.0,127,97.792971
2.0,204,104.22827
0.0,127,107.879555
0.0,127,111.749978
3.0,252,119.332247
1.0,157,124.110241
3.0,248,132.091759
2.0,202,138.397972
5.0,367,150.405087
3.0,233,158.06803
0.0,127,161.82427
8.0,457,177.256405
1.0,153,182.272728
2.0,202,188.868332
0.0,129,192.600316
0.0,129,196.449558
0.0,127,200.348613
1.0,158,205.538598
