#{"t_start": 1544715601.9844077, "env_id": "BreakoutNoFrameskip-v4"}
r,l,t
0.0,125,38.676848
3.0,248,45.799175
1.0,172,69.621498
0.0,129,73.617147
2.0,206,80.381476
1.0,154,84.715125
1.0,172,89.869855
3.0,250,97.687383
1.0,178,103.241853
4.0,299,112.652761
4.0,300,122.040382
1.0,173,127.333577
0.0,129,131.24175
0.0,129,135.052672
0.0,129,138.898319
0.0,127,142.807673
3.0,252,150.754717
3.0,252,159.246198
0.0,125,162.999456
2.0,200,169.195839
0.0,125,173.27563
2.0,224,180.708493
0.0,129,184.778416
2.0,200,191.051555
0.0,125,194.752199
1.0,176,200.320241
0.0,127,204.428975
