#{"t_start": 1544715601.3742807, "env_id": "BreakoutNoFrameskip-v4"}
r,l,t
1.0,173,40.692358
0.0,127,44.038245
3.0,274,71.215067
1.0,155,76.272745
2.0,203,82.690423
0.0,127,86.084094
0.0,127,89.83036
1.0,177,95.120554
1.0,171,100.482849
1.0,175,105.829765
0.0,129,109.556472
0.0,127,113.389157
2.0,205,119.537726
1.0,157,124.254001
2.0,202,130.764619
1.0,173,136.014912
3.0,268,144.603966
1.0,173,150.021277
9.0,397,163.285298
5.0,352,175.170969
0.0,129,179.096758
1.0,173,184.780769
0.0,129,188.861279
0.0,127,192.466478
1.0,173,197.843865
2.0,223,205.25233
