#{"t_start": 1544715602.0463583, "env_id": "BreakoutNoFrameskip-v4"}
r,l,t
0.0,129,38.780643
4.0,320,48.081872
0.0,125,70.564898
3.0,248,78.710394
0.0,123,82.481532
0.0,129,85.885583
2.0,184,91.387806
3.0,251,99.447228
9.0,401,112.306818
1.0,173,117.376767
3.0,252,125.261778
0.0,127,129.278177
0.0,127,132.951005
0.0,129,136.905055
2.0,189,142.781071
0.0,129,146.572738
1.0,156,151.315159
0.0,127,155.415795
1.0,176,161.022983
1.0,173,166.30108
0.0,125,170.236884
5.0,346,182.191805
5.0,333,193.022872
1.0,172,198.420034
1.0,173,203.919106
