#{"t_start": 1544715602.128714, "env_id": "BreakoutNoFrameskip-v4"}
r,l,t
1.0,171,39.861253
0.0,127,43.178126
0.0,127,46.867653
0.0,127,50.06726
1.0,157,74.298429
0.0,127,78.143209
1.0,155,83.050489
1.0,173,87.8502
2.0,224,94.764696
1.0,155,99.550734
1.0,155,104.330569
3.0,232,111.483665
0.0,125,115.202558
0.0,127,118.681005
0.0,123,122.421857
0.0,127,126.153112
0.0,125,129.986615
1.0,171,135.183678
3.0,250,143.157958
4.0,299,152.754664
0.0,127,156.906837
2.0,200,163.292201
0.0,127,167.046565
0.0,129,171.13134
0.0,129,175.248226
2.0,202,181.936978
4.0,299,191.612767
0.0,127,195.393133
2.0,201,201.927285
0.0,127,206.199165
