#{"t_start": 1544715600.8082685, "env_id": "BreakoutNoFrameskip-v4"}
r,l,t
0.0,129,40.013457
1.0,173,44.659088
1.0,173,49.625654
0.0,129,72.299014
0.0,125,76.34231
2.0,204,82.773486
4.0,299,91.834658
3.0,268,100.365317
7.0,426,114.047529
2.0,203,120.14565
1.0,175,125.412763
2.0,204,132.026579
1.0,152,136.573885
0.0,127,140.360325
2.0,181,146.109292
0.0,129,149.881242
5.0,306,160.146192
0.0,127,163.969842
2.0,201,170.227614
0.0,127,174.346226
1.0,175,180.160203
0.0,129,184.199167
0.0,127,188.191788
0.0,129,191.922766
4.0,299,201.674001
0.0,127,205.714037
