#{"t_start": 1544715593.9032826, "env_id": "BreakoutNoFrameskip-v4"}
r,l,t
3.0,272,51.125376
0.0,127,54.716707
0.0,127,58.077136
1.0,155,81.9386
1.0,155,86.826556
0.0,125,90.721483
2.0,203,96.519362
4.0,301,106.119273
3.0,215,112.879811
2.0,201,119.072118
0.0,127,122.85656
0.0,129,126.310468
2.0,223,133.269442
1.0,155,138.230028
0.0,129,142.059655
3.0,272,150.760523
1.0,157,155.472601
3.0,234,163.059803
7.0,447,177.918572
0.0,127,182.260103
3.0,214,189.189129
0.0,127,193.230967
0.0,127,197.129969
0.0,129,200.890555
4.0,320,211.332083
0.0,125,215.454057
