#{"t_start": 1544715600.8585541, "env_id": "BreakoutNoFrameskip-v4"}
r,l,t
0.0,127,39.881223
4.0,299,48.534873
1.0,172,72.471765
1.0,178,78.319431
3.0,216,85.102629
0.0,125,88.486388
3.0,251,96.314013
5.0,328,106.798157
4.0,282,115.820483
0.0,125,119.159111
0.0,127,123.006001
2.0,188,128.919331
0.0,129,132.795491
1.0,172,138.128849
1.0,157,142.832524
0.0,127,146.653995
0.0,129,150.640613
2.0,222,157.860265
3.0,250,165.961997
4.0,305,176.208308
0.0,129,180.291749
0.0,127,184.28693
4.0,301,193.995833
3.0,250,202.140941
0.0,129,206.281711
