fps,advantage_norm,value_loss,epoch_idx,PMM:episode_rewards,policy_entropy,policy_loss,frames,P09:episode_rewards,explained_variance,P01:episode_rewards,grad_norm,episode_length
519,4.733222925961018,0.892275258984514,1,1.0,1.3307734775543212,-0.010880186853464693,8000,3.0,-2.903075820207596,0.0,25.700339135534513,168.82926829268294
311,0.6153014160692691,0.004732110897598432,2,1.0833333333333333,1.3784033954143524,-0.0009202997111515288,16000,3.0,-8.461634172797202,0.0,0.09250356881538412,168.85416666666666
352,0.7451557396352291,0.00611880839397827,3,1.24,1.3824016284942626,0.00075497335204318,24000,3.0,-3.957497708797455,0.0,0.10083879716019886,174.85
378,0.7631020066328347,0.0059473215499565414,4,1.41,1.3823371827602386,-0.0006866854561667423,32000,3.0,-2.929419066905975,0.0,0.11026562618719125,182.74
394,0.6947012032940983,0.005392655090608969,5,1.43,1.3847672986984252,0.0007460103592893575,40000,4.0,-2.4254460644721987,0.0,0.09749290858084664,184.17
406,0.7201025591045618,0.005537586289156024,6,1.26,1.3828763842582703,-0.0005795258411671967,48000,3.0,-2.12841019153595,0.0,0.10622263126549884,178.59
413,0.8955278079211711,0.007316193378601383,7,1.44,1.3785316777229308,-0.0007910786063439445,56000,3.1000000000000085,-1.1505472928285598,0.0,0.15087570716733054,185.07
417,0.7507342746853829,0.0060542064319724885,8,1.71,1.3808461046218872,0.0001900963868774852,64000,5.0,-2.0767427122592927,0.0,0.12892759511980376,197.79
422,0.7245395436882973,0.0056048239380652376,9,1.63,1.3812472474575044,0.00023965977492480307,72000,4.1000000000000085,-1.9261662805080413,0.0,0.11389377765058693,193.03
