#{"t_start": 1544715601.9101267, "env_id": "BreakoutNoFrameskip-v4"}
r,l,t
0.0,123,39.124538
1.0,171,43.334051
0.0,123,47.088785
0.0,127,49.825275
2.0,224,75.622648
0.0,129,79.106405
0.0,127,81.826391
1.0,155,85.858265
4.0,276,93.277019
1.0,175,96.715406
0.0,129,99.307627
0.0,125,102.539854
2.0,222,107.814425
0.0,127,111.464635
1.0,178,116.626319
1.0,175,121.060489
1.0,157,124.814468
2.0,203,130.601345
2.0,222,137.020331
1.0,157,140.127386
0.0,127,142.400004
1.0,157,146.031692
1.0,155,149.533331
2.0,204,155.87398
1.0,175,160.376855
2.0,226,165.892335
1.0,155,168.953698
1.0,177,174.021833
0.0,129,176.745443
2.0,190,181.619787
3.0,228,186.444824
1.0,155,190.129119
0.0,127,193.104157
2.0,200,198.378048
0.0,127,200.920873
0.0,127,203.867225
0.0,129,206.789483
1.0,157,209.947314
