#{"t_start": 1544715601.5297842, "env_id": "BreakoutNoFrameskip-v4"}
r,l,t
1.0,153,40.477181
0.0,129,43.423281
1.0,157,48.126635
1.0,174,71.077812
0.0,125,74.935421
1.0,174,79.777061
2.0,222,85.413529
2.0,205,90.4631
0.0,129,93.958508
3.0,272,99.531853
2.0,222,105.389199
2.0,217,111.069089
2.0,186,116.549983
1.0,172,120.995249
1.0,155,124.710757
0.0,127,128.184297
2.0,223,133.908592
0.0,127,137.686438
3.0,250,142.625354
0.0,129,145.68424
1.0,174,149.645871
2.0,185,154.971328
1.0,174,159.531584
1.0,176,164.31518
1.0,156,167.872991
1.0,178,172.056487
0.0,129,175.195083
0.0,129,178.070585
1.0,178,182.421631
1.0,175,186.015396
1.0,155,189.820716
4.0,279,196.744991
1.0,175,200.896285
3.0,252,207.008261
0.0,127,209.332959
