#{"t_start": 1544715601.1190653, "env_id": "BreakoutNoFrameskip-v4"}
r,l,t
1.0,169,41.338365
2.0,222,47.572473
3.0,271,73.495957
1.0,169,78.497528
0.0,129,81.624586
0.0,127,84.854781
0.0,125,87.960504
3.0,227,94.027887
3.0,252,99.196333
0.0,125,102.191081
1.0,173,106.517977
2.0,200,111.677418
1.0,157,116.603386
0.0,127,119.769493
1.0,176,124.11949
2.0,224,129.95141
3.0,254,137.326805
5.0,296,143.683913
1.0,155,147.198273
2.0,205,151.779435
1.0,172,157.510352
5.0,306,165.383704
3.0,231,170.433675
0.0,129,173.744892
1.0,157,177.77385
0.0,127,180.605694
0.0,127,183.813794
0.0,127,185.871859
0.0,127,189.180226
2.0,188,193.552478
0.0,127,196.335845
4.0,266,203.191542
2.0,222,208.305904
