#{"t_start": 1544715602.3479285, "env_id": "BreakoutNoFrameskip-v4"}
r,l,t
0.0,125,38.777864
2.0,188,43.344118
0.0,129,47.410895
2.0,224,71.873695
0.0,129,75.819784
4.0,305,84.032317
2.0,198,88.88022
2.0,223,94.537936
0.0,129,97.194174
0.0,127,99.851298
1.0,157,103.969628
0.0,129,106.608751
1.0,173,111.663728
1.0,157,116.075624
2.0,190,120.940184
1.0,175,125.151363
0.0,129,128.722686
3.0,250,136.018193
0.0,125,138.453297
3.0,231,143.34745
0.0,127,146.279027
0.0,127,149.007153
1.0,155,153.39171
2.0,203,159.101622
1.0,173,163.71128
4.0,257,169.271972
0.0,129,172.612734
2.0,201,177.494803
3.0,247,183.65042
0.0,127,186.211695
1.0,174,190.203174
0.0,129,193.623374
0.0,127,196.761796
1.0,175,200.576888
1.0,155,204.559831
3.0,236,209.36615
