#{"t_start": 1544715597.7551649, "env_id": "BreakoutNoFrameskip-v4"}
r,l,t
0.0,127,43.443933
6.0,217,49.227664
0.0,129,52.883535
0.0,129,74.453907
1.0,176,80.083431
3.0,230,85.922722
3.0,272,92.960247
0.0,125,96.2233
1.0,155,99.587091
0.0,127,102.17221
0.0,129,105.240465
0.0,129,108.454822
0.0,129,111.137539
3.0,252,118.927498
1.0,175,123.557872
2.0,204,128.441702
1.0,172,133.021919
2.0,185,137.954502
2.0,220,143.483443
5.0,348,151.255804
1.0,176,155.507359
0.0,125,159.739416
2.0,201,165.218941
11.0,499,177.776728
0.0,127,180.311656
2.0,222,186.032305
1.0,170,189.396981
3.0,247,195.599403
2.0,220,201.468241
1.0,157,204.800802
1.0,153,208.375808
1.0,157,211.87304
0.0,129,214.369292
