#{"t_start": 1544715601.5560112, "env_id": "BreakoutNoFrameskip-v4"}
r,l,t
2.0,186,41.361971
1.0,151,45.134282
1.0,157,49.498349
2.0,200,73.777464
2.0,204,79.765901
2.0,204,84.874907
2.0,226,90.514778
3.0,235,96.160608
0.0,125,98.699304
0.0,127,101.709354
0.0,129,104.948692
3.0,253,111.448105
0.0,125,115.489976
0.0,125,118.433778
0.0,129,121.51858
0.0,129,124.640724
1.0,174,129.303718
2.0,198,134.698426
0.0,129,138.125208
1.0,175,141.593473
0.0,127,144.168549
0.0,125,147.004811
0.0,129,149.832722
1.0,155,154.239891
1.0,171,158.703908
1.0,153,163.434863
0.0,125,165.840061
2.0,206,170.187779
5.0,313,178.398695
2.0,224,184.0804
0.0,123,186.53181
1.0,176,190.618466
1.0,157,194.602507
0.0,125,197.756992
1.0,174,201.583619
0.0,129,204.404645
0.0,127,207.35871
