#{"t_start": 1544715602.3223042, "env_id": "BreakoutNoFrameskip-v4"}
r,l,t
1.0,172,40.237067
3.0,228,46.616777
3.0,228,71.266519
1.0,155,75.927778
3.0,252,82.551543
0.0,127,85.711048
1.0,173,89.931761
2.0,199,94.806679
1.0,173,98.301705
0.0,127,101.46644
0.0,125,104.516373
1.0,154,107.777626
2.0,203,114.549779
0.0,127,117.54058
0.0,129,120.662931
0.0,127,123.760087
2.0,183,128.626501
3.0,250,135.920777
0.0,127,138.396067
3.0,252,143.6907
3.0,232,149.258045
0.0,127,152.722076
1.0,175,157.558034
1.0,176,162.804751
2.0,206,167.318717
1.0,155,171.027337
1.0,157,174.842523
1.0,178,178.835746
2.0,190,183.577081
1.0,173,187.146574
3.0,230,192.923889
0.0,127,196.032986
1.0,173,200.078701
1.0,173,204.543516
3.0,250,209.640162
