#{"t_start": 1544715599.8573246, "env_id": "BreakoutNoFrameskip-v4"}
r,l,t
2.0,185,43.015648
0.0,129,45.873209
0.0,127,49.866651
2.0,223,74.264182
4.0,264,82.031102
0.0,125,85.126743
1.0,177,89.644242
0.0,125,92.530039
0.0,127,96.016345
0.0,129,98.190535
2.0,203,103.037916
1.0,174,107.340937
0.0,129,110.069975
2.0,227,117.380621
0.0,129,120.474549
1.0,173,124.808375
1.0,173,129.375618
2.0,186,134.289159
1.0,155,138.769758
1.0,156,142.011099
1.0,176,145.557429
2.0,185,149.654424
3.0,233,156.187038
0.0,127,159.47507
3.0,214,165.576757
0.0,129,168.166224
2.0,202,172.919265
0.0,127,176.222048
4.0,271,183.003996
0.0,127,185.666476
1.0,155,188.921473
5.0,349,197.415531
1.0,155,201.416704
1.0,173,205.555857
0.0,125,208.281816
