#{"t_start": 1544715600.6285708, "env_id": "BreakoutNoFrameskip-v4"}
r,l,t
1.0,176,42.047321
0.0,129,44.867783
0.0,129,48.882355
0.0,129,70.770081
0.0,127,73.975062
1.0,173,79.16705
0.0,129,82.196704
1.0,153,86.221079
2.0,222,91.720948
10.0,429,102.150243
2.0,188,106.894783
0.0,129,109.471064
0.0,129,113.645266
1.0,157,117.945343
2.0,201,123.025737
1.0,174,127.61429
0.0,127,130.73959
2.0,186,135.809527
0.0,129,139.240329
0.0,127,141.752436
2.0,200,145.879616
0.0,127,148.683771
1.0,177,153.03294
1.0,155,158.092257
0.0,127,161.082068
1.0,175,165.627861
4.0,303,173.005682
0.0,127,176.096346
3.0,250,182.4271
4.0,299,188.956385
0.0,129,191.895984
0.0,127,195.216365
0.0,127,198.386144
0.0,127,200.880458
1.0,173,205.100885
0.0,125,207.908912
1.0,157,211.037347
