#{"t_start": 1544715602.163022, "env_id": "BreakoutNoFrameskip-v4"}
r,l,t
1.0,155,39.954174
3.0,257,47.095474
1.0,173,69.963855
0.0,127,73.934933
1.0,178,78.974969
3.0,250,85.368345
1.0,173,89.56895
0.0,129,93.05099
0.0,127,95.358124
3.0,272,101.815273
0.0,127,104.877839
4.0,282,112.811958
0.0,123,116.128517
0.0,127,119.411186
2.0,220,124.667077
0.0,123,128.177024
0.0,129,131.566875
1.0,157,136.019503
1.0,174,139.740841
1.0,171,143.163931
0.0,129,146.012587
1.0,155,149.443846
1.0,157,154.10075
1.0,175,158.700068
2.0,202,164.147185
4.0,284,170.953724
0.0,127,174.250359
0.0,125,177.016376
0.0,127,179.750951
7.0,411,189.697664
1.0,155,193.448909
0.0,127,196.668875
3.0,231,202.037243
3.0,232,207.421156
