#{"t_start": 1544715600.6056836, "env_id": "BreakoutNoFrameskip-v4"}
r,l,t
1.0,155,41.512244
0.0,129,44.409406
3.0,272,70.924605
1.0,176,76.207853
1.0,171,80.799188
2.0,204,85.947795
1.0,155,89.712829
0.0,125,92.769968
2.0,186,97.019031
0.0,127,99.585172
0.0,127,102.59221
1.0,155,106.435171
0.0,125,109.146144
0.0,129,112.943828
1.0,173,117.863284
3.0,232,123.928133
0.0,127,126.682855
2.0,222,133.200745
0.0,129,136.585193
1.0,158,140.236293
0.0,127,142.690448
1.0,173,146.637432
0.0,123,149.356808
1.0,155,152.867296
1.0,176,158.419948
1.0,155,162.911044
0.0,125,165.546854
2.0,202,169.82092
1.0,155,173.714435
1.0,153,177.300827
0.0,127,180.364368
1.0,177,184.731638
0.0,129,187.372318
1.0,155,190.95745
3.0,230,196.441006
1.0,175,200.777102
1.0,177,205.031281
2.0,183,209.136258
