#{"t_start": 1544715595.5308354, "env_id": "BreakoutNoFrameskip-v4"}
r,l,t
1.0,155,46.586462
0.0,129,49.484322
1.0,157,54.195145
0.0,129,76.002132
0.0,129,79.429847
4.0,274,87.169964
2.0,204,92.542827
3.0,230,98.487093
2.0,223,103.537481
4.0,264,109.753772
0.0,129,112.834323
0.0,125,115.930548
0.0,127,119.931157
0.0,127,123.118432
3.0,219,128.796188
0.0,127,131.552868
2.0,221,138.139306
2.0,185,143.404653
1.0,157,146.505683
2.0,221,151.120365
3.0,256,156.971037
2.0,203,163.523496
5.0,335,172.244632
2.0,199,176.623409
0.0,129,180.305349
2.0,201,184.659944
1.0,174,189.334673
1.0,176,192.800166
0.0,127,195.898868
1.0,173,199.955317
2.0,203,205.186891
0.0,129,207.897333
2.0,204,212.810822
2.0,204,217.119572
