#{"t_start": 1544715600.822715, "env_id": "BreakoutNoFrameskip-v4"}
r,l,t
0.0,127,40.363725
2.0,204,45.571975
2.0,185,50.6781
1.0,177,74.454972
2.0,204,80.464145
1.0,153,84.102065
0.0,129,87.312541
1.0,157,91.084202
0.0,125,94.50348
3.0,272,100.022125
1.0,171,104.300157
2.0,216,109.430803
1.0,155,114.647681
2.0,200,120.120411
4.0,285,127.432897
0.0,129,130.650234
0.0,127,133.980588
1.0,157,138.481495
3.0,272,144.163464
2.0,201,148.595746
0.0,127,151.370536
0.0,129,155.487859
0.0,129,158.650342
0.0,125,162.592322
4.0,280,168.987522
1.0,155,172.766475
1.0,175,176.866217
3.0,273,183.91227
1.0,174,187.412395
0.0,127,190.446329
1.0,173,194.483265
0.0,125,197.557553
1.0,155,200.99408
1.0,157,204.843218
