#{"t_start": 1544715601.5732388, "env_id": "BreakoutNoFrameskip-v4"}
r,l,t
1.0,153,40.432633
0.0,129,43.383421
2.0,201,49.265295
0.0,125,70.809257
2.0,224,77.619771
3.0,270,84.856547
0.0,127,87.895633
2.0,224,93.872158
0.0,129,96.227199
2.0,203,100.781519
0.0,123,103.714221
0.0,127,106.708696
0.0,129,110.003212
3.0,232,116.91928
0.0,129,120.224964
1.0,157,124.165122
1.0,173,128.716674
3.0,271,136.490791
1.0,173,140.236032
0.0,125,142.291151
1.0,175,146.468215
1.0,154,149.918396
2.0,202,156.241117
1.0,176,160.808242
1.0,175,165.018118
0.0,123,167.869097
3.0,230,173.141947
0.0,129,176.248745
1.0,173,180.504385
1.0,171,184.519782
0.0,125,187.114467
1.0,175,191.112141
0.0,129,194.496182
0.0,127,197.676032
0.0,127,200.07547
1.0,177,204.358892
0.0,127,207.309975
0.0,125,209.536765
