#{"t_start": 1546138372.0170486, "env_id": "BreakoutNoFrameskip-v4"}
r,l,t
2.0,223,106.323137
1.0,155,117.296292
