#{"t_start": 1546138366.6356921, "env_id": "BreakoutNoFrameskip-v4"}
r,l,t
0.0,125,103.482014
2.0,218,120.192906
1.0,157,132.185379
