#{"t_start": 1546138367.5147963, "env_id": "BreakoutNoFrameskip-v4"}
r,l,t
1.0,173,106.423446
0.0,125,115.575199
0.0,123,123.723079
0.0,127,133.920312
