#{"t_start": 1546138364.9032233, "env_id": "BreakoutNoFrameskip-v4"}
r,l,t
2.0,203,111.679389
1.0,175,124.417997
