#{"t_start": 1546138365.9425366, "env_id": "BreakoutNoFrameskip-v4"}
r,l,t
3.0,233,113.003605
1.0,157,124.022803
0.0,125,134.234004
