#{"t_start": 1546138366.4919739, "env_id": "BreakoutNoFrameskip-v4"}
r,l,t
1.0,175,107.737486
2.0,206,123.030946
