#{"t_start": 1546138372.7540972, "env_id": "BreakoutNoFrameskip-v4"}
r,l,t
2.0,198,103.42925
2.0,185,116.882518
1.0,155,129.10764
