#{"t_start": 1546138366.120223, "env_id": "BreakoutNoFrameskip-v4"}
r,l,t
0.0,123,103.771674
2.0,183,117.500767
2.0,206,133.818152
