#{"t_start": 1546138367.2420487, "env_id": "BreakoutNoFrameskip-v4"}
r,l,t
0.0,129,103.129628
1.0,175,116.247451
3.0,218,133.32388
