#{"t_start": 1546138364.77125, "env_id": "BreakoutNoFrameskip-v4"}
r,l,t
0.0,129,105.626253
1.0,155,117.136906
1.0,153,127.503345
