#{"t_start": 1546138366.251979, "env_id": "BreakoutNoFrameskip-v4"}
r,l,t
1.0,174,107.733531
1.0,157,119.28403
