#{"t_start": 1546138370.4364827, "env_id": "BreakoutNoFrameskip-v4"}
r,l,t
0.0,127,99.834733
1.0,175,112.891948
1.0,176,126.289405
