#{"t_start": 1546138365.4439795, "env_id": "BreakoutNoFrameskip-v4"}
r,l,t
1.0,171,108.348786
0.0,125,117.538574
0.0,125,125.763755
0.0,129,136.215089
