#{"t_start": 1546138365.532298, "env_id": "BreakoutNoFrameskip-v4"}
r,l,t
3.0,235,113.664921
1.0,155,124.414209
0.0,127,134.752516
