#{"t_start": 1546138367.2816794, "env_id": "BreakoutNoFrameskip-v4"}
r,l,t
0.0,125,102.867103
3.0,249,121.82744
0.0,127,131.629107
