#{"t_start": 1546138368.3552763, "env_id": "BreakoutNoFrameskip-v4"}
r,l,t
1.0,175,105.839646
2.0,201,120.870106
0.0,127,130.712586
