#{"t_start": 1544715596.9420629, "env_id": "BreakoutNoFrameskip-v4"}
r,l,t
0.0,129,44.495921
0.0,127,47.602757
2.0,185,52.286964
0.0,127,74.286232
7.0,326,80.353875
0.0,125,83.516256
0.0,129,87.878541
8.0,374,97.934598
1.0,173,103.679979
4.0,304,111.183974
0.0,129,115.058865
2.0,220,121.296265
0.0,127,124.618013
3.0,248,130.763644
4.0,301,139.45298
4.0,300,148.30362
1.0,155,152.568193
0.0,125,156.242073
1.0,177,162.412151
2.0,202,167.897967
0.0,127,172.291157
1.0,175,178.441385
2.0,202,185.156995
2.0,202,192.398806
0.0,127,196.131535
4.0,299,206.169109
