#{"t_start": 1544715592.501322, "env_id": "BreakoutNoFrameskip-v4"}
r,l,t
0.0,129,48.936689
0.0,129,52.101913
5.0,349,79.84698
1.0,157,82.513459
1.0,158,85.358987
4.0,297,94.591236
0.0,129,98.146582
3.0,232,104.758448
0.0,125,108.316806
0.0,127,111.047204
4.0,279,119.174002
1.0,174,123.742098
0.0,127,127.424401
0.0,127,130.14518
11.0,476,143.590362
0.0,127,147.340654
3.0,272,155.217255
3.0,265,163.649448
2.0,200,169.261218
2.0,220,176.805898
3.0,248,185.775473
0.0,129,189.697516
0.0,127,194.08642
2.0,199,200.595458
1.0,176,206.217461
1.0,176,211.985538
