#{"t_start": 1544715602.1836433, "env_id": "BreakoutNoFrameskip-v4"}
r,l,t
2.0,200,41.235385
1.0,173,45.708284
2.0,201,69.446661
4.0,320,75.418438
1.0,173,80.770715
1.0,176,85.487491
1.0,173,90.941013
4.0,299,99.077185
2.0,201,104.305242
3.0,249,111.346012
0.0,127,114.647704
0.0,127,118.35276
2.0,198,122.377665
0.0,127,125.825896
6.0,377,137.423145
0.0,127,140.864422
4.0,260,148.465793
0.0,125,152.094352
1.0,171,158.000082
0.0,129,160.896298
1.0,174,166.952196
3.0,248,175.790749
0.0,129,179.828135
0.0,127,184.177689
0.0,129,188.471102
3.0,250,196.479267
1.0,169,201.969694
