#{"t_start": 1544715590.1255517, "env_id": "BreakoutNoFrameskip-v4"}
r,l,t
1.0,173,52.462422
2.0,200,57.765027
1.0,159,61.594052
0.0,129,82.817482
0.0,125,85.263911
0.0,127,87.287123
0.0,129,90.697787
1.0,173,96.15839
2.0,224,102.829084
2.0,207,108.53457
0.0,129,111.551489
2.0,204,117.116281
0.0,127,120.332063
1.0,153,124.959106
0.0,125,127.894799
1.0,174,132.296136
0.0,129,134.901581
3.0,250,142.682438
3.0,271,150.239672
4.0,299,158.845088
2.0,220,166.139095
2.0,205,171.887561
0.0,129,176.147652
0.0,127,180.611721
2.0,220,188.354997
0.0,127,192.216516
4.0,300,202.608696
10.0,455,218.511378
