#{"t_start": 1544715599.353707, "env_id": "BreakoutNoFrameskip-v4"}
r,l,t
1.0,155,42.756195
4.0,280,50.051994
0.0,127,72.003366
0.0,125,74.343781
0.0,127,76.526233
3.0,270,83.68112
0.0,125,87.145331
1.0,173,92.038089
7.0,322,101.436625
1.0,175,105.42391
1.0,176,110.113911
0.0,127,113.704626
0.0,127,117.151602
2.0,202,122.602047
4.0,298,130.471118
0.0,129,134.372164
7.0,324,143.712572
7.0,424,156.943397
0.0,129,161.214202
3.0,250,168.617523
0.0,127,173.167783
1.0,154,178.306681
3.0,247,186.861191
0.0,127,191.098416
4.0,271,199.846947
1.0,175,205.670632
