#{"t_start": 1544715602.4373143, "env_id": "BreakoutNoFrameskip-v4"}
r,l,t
1.0,175,40.253388
0.0,129,43.451108
4.0,306,69.966805
1.0,173,73.174277
0.0,125,75.165174
0.0,129,78.750209
0.0,127,82.888701
0.0,129,85.864969
4.0,278,93.854
0.0,129,97.961492
0.0,129,100.553212
6.0,381,111.842767
0.0,127,114.946669
1.0,174,119.51872
0.0,127,121.87469
0.0,127,125.448721
1.0,173,130.83215
2.0,202,136.302887
1.0,177,141.590633
0.0,127,144.961133
1.0,175,150.191471
3.0,271,158.739659
2.0,198,164.90215
0.0,129,169.453838
5.0,328,180.873221
4.0,319,191.790698
2.0,200,198.494807
