#{"t_start": 1544715592.368728, "env_id": "BreakoutNoFrameskip-v4"}
r,l,t
1.0,173,50.200009
0.0,125,53.337255
5.0,351,80.630446
0.0,127,83.082001
4.0,297,90.80302
1.0,155,94.961141
3.0,254,102.059105
0.0,127,105.924097
3.0,220,111.466645
2.0,220,117.415147
1.0,178,122.901103
4.0,296,130.531368
0.0,127,133.333611
0.0,123,136.757806
1.0,177,141.961941
5.0,329,151.777831
1.0,172,156.119008
0.0,125,160.233391
3.0,220,167.496427
0.0,127,170.359381
1.0,173,176.27432
0.0,127,180.884247
5.0,372,193.913296
5.0,350,205.683509
0.0,127,209.762094
1.0,176,215.720982
