#{"t_start": 1544715599.7578063, "env_id": "BreakoutNoFrameskip-v4"}
r,l,t
2.0,223,44.293463
4.0,299,52.069684
0.0,127,73.25472
2.0,202,76.90679
2.0,185,82.026328
1.0,173,87.078315
0.0,125,90.439803
4.0,299,99.355793
9.0,401,109.975385
10.0,471,123.331388
2.0,202,128.43725
2.0,200,134.543014
1.0,175,139.47988
1.0,177,144.569069
4.0,327,154.327042
0.0,127,158.547513
0.0,127,161.755163
2.0,202,168.407099
0.0,127,172.93734
0.0,123,176.994076
4.0,300,187.449106
2.0,198,193.784401
0.0,125,197.722063
3.0,246,206.087134
