#{"t_start": 1544715595.703366, "env_id": "BreakoutNoFrameskip-v4"}
r,l,t
4.0,301,50.502956
2.0,198,55.692787
3.0,233,78.992054
0.0,125,81.099116
0.0,127,83.940509
1.0,173,89.821641
0.0,125,92.661978
1.0,155,97.640557
3.0,253,104.832699
0.0,125,107.277079
0.0,125,110.673445
2.0,190,116.10489
3.0,274,123.979794
2.0,202,128.292427
2.0,202,134.049564
2.0,202,139.695146
1.0,174,144.756074
2.0,200,150.874836
1.0,157,155.188155
0.0,129,159.014169
3.0,250,166.388222
0.0,125,170.471998
4.0,279,180.606623
0.0,129,184.943211
3.0,250,193.641616
0.0,123,197.225361
3.0,272,206.338432
0.0,123,210.297551
