#{"t_start": 1544715601.0546622, "env_id": "BreakoutNoFrameskip-v4"}
r,l,t
1.0,157,41.122
1.0,174,45.44041
1.0,155,49.553789
1.0,174,71.836488
4.0,280,77.261294
2.0,224,84.663389
0.0,125,87.460402
1.0,155,92.466698
0.0,129,95.319568
1.0,155,99.912103
1.0,153,103.304481
3.0,272,111.116604
0.0,127,114.752497
0.0,125,118.15774
3.0,249,123.796871
1.0,171,128.859532
0.0,129,132.744927
0.0,127,135.841676
0.0,127,139.30823
1.0,173,144.26397
2.0,202,150.46655
3.0,252,158.735909
0.0,123,161.388698
0.0,127,165.640459
0.0,129,170.135684
0.0,127,174.338753
2.0,221,181.796032
2.0,202,188.959504
4.0,320,199.526824
0.0,129,203.552632
