#{"t_start": 1544715601.847952, "env_id": "BreakoutNoFrameskip-v4"}
r,l,t
3.0,248,42.894641
1.0,155,46.738012
0.0,129,49.871341
3.0,252,73.788005
3.0,248,79.783223
4.0,299,88.694524
1.0,173,92.915109
2.0,185,98.913375
0.0,123,101.504671
0.0,123,104.859128
0.0,127,107.909834
0.0,129,111.569342
0.0,127,114.914236
0.0,125,118.558834
2.0,203,122.769261
5.0,348,133.063194
0.0,125,136.612938
0.0,127,140.000875
0.0,127,143.764499
0.0,123,146.734807
4.0,298,156.878799
0.0,127,159.922016
2.0,202,166.753186
0.0,129,171.506479
10.0,450,187.466907
2.0,220,194.560865
2.0,202,201.082169
0.0,129,205.405013
