advantage_norm,PMM:episode_rewards,P09:episode_rewards,policy_loss,grad_norm,episode_length,epoch_idx,P01:episode_rewards,explained_variance,policy_entropy,value_loss,frames,fps
7.104502412602305,1.1794871794871795,3.0,0.2508766591428139,51.208859131134425,175.05128205128204,1,0.0,-2.865279715657234,1.3038563548773527,2.3487215169366435,8000,557
0.7679313568212092,1.3218390804597702,4.0,-0.00015454795684490818,0.11398934830462824,180.183908045977,2,0.0,-4.369519373774528,1.3798334050178527,0.006376358660518235,16000,351
0.760454179905355,1.53,4.0,0.0002581635462047416,0.10273923463566594,188.32,3,0.0,-4.798783301711082,1.38095432639122,0.006176955759003704,24000,394
0.8166522035188973,1.71,4.0,-0.00013204158778535203,0.10189960631889114,194.48,4,0.0,-3.270127734541893,1.3771701073646545,0.0066137352503983496,32000,427
0.743953347299248,1.72,4.0,-0.0004458674383386096,0.10133956012862144,193.24,5,0.0,-3.2103177201747894,1.3750118005275727,0.005941996431047301,40000,447
0.863712458088994,1.85,5.0,0.00021491749459528364,0.12590822349435704,199.57,6,0.0,-2.0847154849767686,1.3767279839515687,0.007107064954007001,48000,459
0.7782497464306652,2.05,5.0,-0.00017006650567054748,0.10086505935350262,208.07,7,0.0,-2.3347941029071806,1.381222484111786,0.006253303036232865,56000,462
0.6896195398084819,1.54,4.0,0.00043889664913876914,0.09502225312920932,190.38,8,0.0,-2.553659263253212,1.3828851449489594,0.005502427163853554,64000,461
0.8834580317884684,1.66,4.0,-6.396319135092199e-05,0.1420708524218324,195.04,9,0.0,-0.9759813863039016,1.381814820766449,0.007409462017285477,72000,459
