#{"t_start": 1544715598.1684086, "env_id": "BreakoutNoFrameskip-v4"}
r,l,t
4.0,267,46.608972
0.0,129,49.032048
2.0,204,72.694035
5.0,372,83.149755
5.0,325,92.506221
0.0,127,95.445798
4.0,278,103.934365
1.0,155,108.60115
2.0,223,115.124968
3.0,233,121.866583
1.0,175,126.855396
2.0,205,133.143409
2.0,223,138.939451
0.0,127,141.93778
1.0,175,147.333691
1.0,173,152.160666
0.0,129,156.418649
1.0,173,161.196215
0.0,125,165.592811
0.0,129,168.98861
1.0,171,173.135506
2.0,198,179.525846
0.0,129,183.000823
1.0,169,186.488964
1.0,155,191.706717
2.0,201,197.19299
1.0,155,200.901949
2.0,222,206.194893
