#{"t_start": 1544715593.7039332, "env_id": "BreakoutNoFrameskip-v4"}
r,l,t
1.0,178,48.56631
0.0,127,51.647978
1.0,178,55.410586
0.0,129,77.116787
0.0,127,79.485007
0.0,129,82.792895
4.0,301,92.43795
2.0,224,98.650719
0.0,129,101.676381
1.0,175,106.609417
0.0,129,110.495008
1.0,153,115.022377
0.0,129,118.494536
0.0,129,122.689617
0.0,127,125.814313
0.0,127,129.142178
0.0,129,132.415225
1.0,155,137.545709
0.0,129,139.926713
1.0,176,144.75122
1.0,173,150.623421
3.0,248,157.666391
0.0,129,161.745136
0.0,127,165.115234
2.0,187,171.128831
3.0,250,177.82693
1.0,175,183.31572
3.0,251,189.749761
1.0,157,194.508867
1.0,153,199.170498
1.0,176,202.89406
4.0,266,210.090899
1.0,176,214.446157
