#{"t_start": 1544715597.797994, "env_id": "BreakoutNoFrameskip-v4"}
r,l,t
2.0,185,44.670853
1.0,153,48.266672
0.0,129,50.771802
0.0,129,72.807299
0.0,129,75.03388
0.0,129,78.203242
0.0,129,82.135623
1.0,173,87.588013
1.0,176,92.189254
1.0,155,96.077813
3.0,230,102.793879
0.0,127,106.529424
0.0,125,110.066939
1.0,175,115.248627
0.0,129,119.219354
3.0,234,125.615089
1.0,153,129.712912
5.0,351,139.812056
1.0,173,145.128017
0.0,127,148.606679
2.0,224,155.340509
2.0,187,160.903435
0.0,129,164.977551
0.0,125,168.673506
0.0,129,171.229968
2.0,188,176.850767
1.0,175,182.123995
2.0,202,186.859428
1.0,157,192.229213
0.0,129,195.799431
0.0,127,198.313167
0.0,129,201.663817
3.0,249,207.361553
