#{"t_start": 1544715602.333297, "env_id": "BreakoutNoFrameskip-v4"}
r,l,t
0.0,129,38.50892
2.0,224,44.055716
0.0,127,46.655286
0.0,125,68.387982
0.0,127,70.656279
1.0,176,75.571798
0.0,129,79.898562
2.0,202,85.242723
1.0,173,90.124116
2.0,204,95.360312
0.0,127,99.232108
0.0,127,102.901313
2.0,204,108.543811
1.0,177,114.481787
5.0,352,124.23551
1.0,155,129.165355
2.0,202,134.364419
3.0,270,142.347608
0.0,125,145.840289
1.0,155,150.390766
1.0,171,155.228364
3.0,235,162.960753
4.0,316,171.668753
0.0,129,176.022095
1.0,171,180.342907
0.0,127,182.749237
1.0,156,188.06034
0.0,129,191.642898
1.0,155,194.994384
1.0,157,198.652116
3.0,252,205.321708
