#{"t_start": 1544715601.8531227, "env_id": "BreakoutNoFrameskip-v4"}
r,l,t
1.0,173,40.257014
1.0,172,44.365678
0.0,129,46.959459
0.0,129,68.841164
2.0,204,72.959134
2.0,202,79.813743
0.0,127,83.368647
3.0,232,89.944039
2.0,222,95.389463
0.0,127,99.292353
0.0,127,102.90452
3.0,250,110.351177
0.0,127,114.465467
0.0,127,117.604892
0.0,127,120.876468
3.0,228,127.918704
3.0,250,134.674828
1.0,173,139.298935
0.0,129,143.023956
1.0,155,147.25326
1.0,173,152.925232
0.0,129,156.409791
2.0,206,163.100267
0.0,129,166.092033
1.0,173,170.927129
3.0,250,178.696797
0.0,127,181.420611
2.0,204,187.672239
2.0,187,193.075614
1.0,176,197.094894
2.0,218,202.396974
0.0,127,205.196825
