#{"t_start": 1544715593.8000796, "env_id": "BreakoutNoFrameskip-v4"}
r,l,t
2.0,201,49.21569
1.0,173,53.012417
1.0,173,76.449834
0.0,125,78.200594
2.0,202,83.396484
2.0,187,89.583205
0.0,127,92.78176
1.0,173,97.75403
2.0,202,102.452957
0.0,129,106.333815
1.0,173,111.793299
4.0,299,121.065674
1.0,175,125.807634
0.0,127,129.159202
0.0,127,132.37584
0.0,129,136.740066
1.0,175,140.578649
0.0,125,144.042991
0.0,129,147.77165
0.0,129,151.328623
2.0,202,157.336709
1.0,171,162.529607
3.0,249,170.713221
2.0,199,175.390361
0.0,127,179.142742
2.0,201,185.259006
1.0,157,189.275005
0.0,127,192.318103
2.0,204,199.162406
1.0,175,202.801973
1.0,159,206.762511
2.0,219,211.812368
