#{"t_start": 1544715602.271477, "env_id": "BreakoutNoFrameskip-v4"}
r,l,t
3.0,247,42.02573
3.0,228,47.013288
4.0,279,71.808066
0.0,125,75.578441
1.0,154,80.801427
1.0,174,85.19109
0.0,127,88.691261
0.0,127,91.681553
2.0,203,97.365357
0.0,127,101.456789
0.0,127,104.961153
1.0,174,109.850239
2.0,203,115.965274
1.0,176,120.846067
1.0,174,125.868747
2.0,187,130.666294
0.0,129,134.45991
2.0,198,140.246441
0.0,127,143.697531
5.0,328,153.691354
4.0,263,162.333132
2.0,201,167.039158
11.0,423,180.321229
0.0,127,182.672555
2.0,202,189.42758
1.0,174,193.63522
0.0,125,196.882464
1.0,173,201.137934
1.0,175,205.277909
