#{"t_start": 1544715594.2646706, "env_id": "BreakoutNoFrameskip-v4"}
r,l,t
2.0,202,48.777703
2.0,220,53.421574
1.0,153,76.268635
0.0,129,78.455529
1.0,171,82.958128
2.0,224,90.106321
0.0,129,93.363418
2.0,188,98.551494
4.0,297,107.232034
2.0,205,113.277358
0.0,125,116.524926
0.0,129,120.894918
3.0,274,128.401351
2.0,204,134.559793
2.0,224,140.294693
0.0,129,143.76431
0.0,129,147.67814
1.0,173,152.943446
0.0,127,156.038478
0.0,129,160.29812
1.0,174,165.115821
1.0,155,170.303372
2.0,203,175.08999
1.0,178,180.631359
6.0,378,190.979635
0.0,127,195.331513
0.0,127,199.076725
0.0,127,201.587502
0.0,127,204.890171
1.0,157,208.536554
1.0,155,211.689942
