#{"t_start": 1544715596.9828188, "env_id": "BreakoutNoFrameskip-v4"}
r,l,t
0.0,125,43.737555
2.0,222,49.270794
9.0,403,76.998592
0.0,129,80.839734
2.0,202,87.249218
0.0,129,90.555955
0.0,127,94.053842
1.0,175,98.46956
1.0,173,103.382502
0.0,129,107.264802
2.0,202,112.79135
3.0,230,120.375791
0.0,129,123.758956
4.0,302,132.864105
3.0,278,140.341805
0.0,127,143.544809
4.0,281,151.952802
0.0,127,156.020099
6.0,378,168.130906
5.0,348,177.97935
3.0,249,185.438835
3.0,255,192.613201
1.0,171,197.592277
2.0,201,202.276114
0.0,123,204.917479
2.0,228,210.884194
