#{"t_start": 1544715595.0820277, "env_id": "BreakoutNoFrameskip-v4"}
r,l,t
0.0,129,45.754798
0.0,125,48.992388
1.0,158,52.156183
0.0,129,55.431011
3.0,268,79.787868
4.0,318,90.269119
5.0,350,100.048098
0.0,129,103.162492
0.0,123,106.983018
1.0,157,111.737976
0.0,129,114.656654
7.0,324,124.898733
0.0,129,128.446006
1.0,176,133.558295
1.0,157,137.540189
0.0,129,141.153812
1.0,177,145.810544
0.0,125,149.641666
0.0,129,153.213522
1.0,173,158.589402
3.0,249,166.059877
0.0,125,169.973882
0.0,123,172.796947
1.0,157,177.360704
0.0,129,181.130655
2.0,221,187.418051
0.0,129,189.771843
0.0,123,194.1925
0.0,127,197.846185
4.0,286,204.841144
1.0,156,208.740855
0.0,129,210.974752
