#{"t_start": 1544715597.9797332, "env_id": "BreakoutNoFrameskip-v4"}
r,l,t
1.0,153,43.533672
0.0,127,46.760858
0.0,127,49.152239
3.0,272,74.151734
2.0,203,79.461347
5.0,329,89.592066
2.0,202,95.072486
0.0,125,97.97518
2.0,220,105.27891
4.0,298,113.821841
2.0,222,120.66275
0.0,129,123.960718
0.0,127,127.395065
2.0,224,134.015766
1.0,157,138.187612
3.0,252,145.916672
2.0,200,151.064161
2.0,206,157.718261
1.0,155,162.197779
1.0,171,167.618581
0.0,127,170.6583
3.0,252,178.33235
1.0,155,182.737852
0.0,129,185.43421
1.0,173,190.824107
1.0,171,195.739188
1.0,176,199.656916
0.0,125,202.519967
1.0,157,206.443496
0.0,125,209.401686
