#{"t_start": 1544715600.0924528, "env_id": "BreakoutNoFrameskip-v4"}
r,l,t
3.0,231,43.772753
4.0,301,70.138165
3.0,272,75.674853
2.0,200,82.473979
0.0,129,85.856463
0.0,127,88.736492
2.0,205,94.597673
3.0,248,101.912851
3.0,252,109.179667
0.0,127,113.120603
0.0,129,117.029251
5.0,349,126.745398
1.0,173,131.872406
0.0,125,134.838203
3.0,250,142.461547
0.0,129,145.99415
1.0,175,150.836743
1.0,175,156.225935
0.0,127,159.914294
2.0,202,166.669588
3.0,268,173.61731
1.0,173,178.86853
1.0,176,183.228316
1.0,173,188.497213
2.0,202,194.443661
0.0,123,196.672276
1.0,173,200.892047
5.0,285,208.585471
