#{"t_start": 1544715602.2007656, "env_id": "BreakoutNoFrameskip-v4"}
r,l,t
2.0,186,40.299825
0.0,129,43.388972
1.0,157,46.536907
1.0,172,69.11724
0.0,127,71.645002
1.0,157,76.391616
0.0,129,80.742369
4.0,322,89.819494
0.0,125,92.892602
2.0,203,98.576397
0.0,127,102.20152
0.0,129,105.952324
1.0,176,111.213276
1.0,157,115.645948
1.0,155,119.810015
1.0,175,124.634179
0.0,127,128.800415
4.0,300,136.294998
0.0,129,140.652226
6.0,350,151.383424
0.0,123,154.480379
1.0,175,160.311379
2.0,206,165.796806
2.0,180,170.80863
1.0,178,176.503248
0.0,125,179.994469
3.0,272,187.460313
2.0,184,192.751109
1.0,175,196.734099
0.0,129,199.432474
2.0,202,204.188244
