#{"t_start": 1546138369.2779617, "env_id": "BreakoutNoFrameskip-v4"}
r,l,t
1.0,177,105.521174
1.0,177,117.992467
