#{"t_start": 1546138370.3830414, "env_id": "BreakoutNoFrameskip-v4"}
r,l,t
3.0,272,111.481856
0.0,129,120.640922
0.0,127,130.676445
