#{"t_start": 1546138373.095798, "env_id": "BreakoutNoFrameskip-v4"}
r,l,t
1.0,173,101.435912
0.0,129,110.345554
1.0,169,123.188216
