#{"t_start": 1546138371.8480775, "env_id": "BreakoutNoFrameskip-v4"}
r,l,t
1.0,157,101.537919
2.0,220,117.095201
0.0,125,126.936314
