#{"t_start": 1546138370.7565851, "env_id": "BreakoutNoFrameskip-v4"}
r,l,t
1.0,156,102.513074
3.0,251,120.79983
0.0,127,130.824002
