#{"t_start": 1546138372.7629735, "env_id": "BreakoutNoFrameskip-v4"}
r,l,t
0.0,127,98.468198
0.0,127,107.419468
3.0,248,126.049421
