#{"t_start": 1546138371.2341392, "env_id": "BreakoutNoFrameskip-v4"}
r,l,t
2.0,204,105.854239
0.0,125,114.456092
