#{"t_start": 1546138373.0527127, "env_id": "BreakoutNoFrameskip-v4"}
r,l,t
0.0,129,98.402662
1.0,173,110.410968
0.0,125,118.891797
0.0,129,129.078421
