#{"t_start": 1546138370.2418864, "env_id": "BreakoutNoFrameskip-v4"}
r,l,t
1.0,155,102.872513
4.0,298,125.650861
