#{"t_start": 1546138372.4497597, "env_id": "BreakoutNoFrameskip-v4"}
r,l,t
2.0,190,103.420794
3.0,228,119.830419
