#{"t_start": 1546138370.3972025, "env_id": "BreakoutNoFrameskip-v4"}
r,l,t
0.0,127,100.795646
0.0,127,109.721716
0.0,129,117.947563
0.0,127,128.051686
