#{"t_start": 1546138372.925476, "env_id": "BreakoutNoFrameskip-v4"}
r,l,t
2.0,201,103.848262
0.0,129,112.848497
0.0,127,121.811692
