#{"t_start": 1546138372.0643222, "env_id": "BreakoutNoFrameskip-v4"}
r,l,t
1.0,155,101.078453
1.0,174,113.570195
0.0,127,122.539197
