#{"t_start": 1546138372.889714, "env_id": "BreakoutNoFrameskip-v4"}
r,l,t
0.0,129,98.541093
3.0,248,116.035916
1.0,157,128.653243
