#{"t_start": 1546138370.3287323, "env_id": "BreakoutNoFrameskip-v4"}
r,l,t
2.0,182,104.777919
1.0,173,117.026199
0.0,125,126.92018
