#{"t_start": 1546138372.5088773, "env_id": "BreakoutNoFrameskip-v4"}
r,l,t
2.0,222,106.169302
2.0,219,122.002756
