#{"t_start": 1544715600.9261377, "env_id": "BreakoutNoFrameskip-v4"}
r,l,t
0.0,129,40.151289
0.0,129,43.185076
0.0,129,46.880039
6.0,358,74.997356
0.0,127,78.928274
0.0,127,82.824297
2.0,204,88.361433
1.0,175,93.960909
1.0,178,100.067288
1.0,175,105.952332
0.0,123,109.60283
4.0,267,118.619875
0.0,127,122.372295
1.0,157,127.679728
2.0,202,133.899007
0.0,127,137.935261
2.0,205,145.000955
1.0,173,150.506679
1.0,153,155.510296
2.0,222,162.797578
0.0,129,166.833701
0.0,127,170.841447
0.0,129,175.052758
2.0,202,181.410893
0.0,127,185.470079
2.0,184,191.247157
2.0,200,198.084604
1.0,178,203.761364
