#{"t_start": 1544715597.7369022, "env_id": "BreakoutNoFrameskip-v4"}
r,l,t
0.0,129,43.346227
0.0,127,46.324301
5.0,333,73.901468
0.0,127,77.493023
1.0,176,82.908867
4.0,266,90.486845
1.0,176,96.031174
3.0,252,104.858305
0.0,129,109.048774
1.0,176,114.674891
0.0,127,118.726473
0.0,129,122.657155
1.0,174,128.25518
0.0,127,132.370583
2.0,203,138.66767
1.0,157,143.806006
0.0,129,148.10667
0.0,127,151.944655
0.0,129,156.049958
1.0,153,161.104425
1.0,157,166.051409
1.0,176,171.81548
0.0,125,175.782104
0.0,127,179.684185
3.0,235,187.35866
3.0,250,195.558661
5.0,330,206.806165
