#{"t_start": 1544715591.3772717, "env_id": "BreakoutNoFrameskip-v4"}
r,l,t
0.0,129,49.708062
2.0,204,55.059643
9.0,403,84.830285
0.0,129,88.759531
3.0,233,95.411556
4.0,298,105.324849
2.0,227,113.043156
1.0,155,118.091644
0.0,125,122.148004
0.0,125,125.967059
0.0,127,129.802449
2.0,203,136.527088
2.0,203,142.817555
2.0,201,149.529023
3.0,250,158.0025
0.0,129,162.003065
0.0,129,166.214044
0.0,127,170.190424
0.0,127,174.177876
2.0,204,180.925047
3.0,251,189.253417
2.0,224,196.544949
2.0,222,203.762954
3.0,234,211.416809
