#{"t_start": 1544715600.0890887, "env_id": "BreakoutNoFrameskip-v4"}
r,l,t
0.0,129,40.995807
2.0,227,47.214591
1.0,173,51.306458
1.0,171,74.835079
4.0,280,83.505027
0.0,129,86.599357
0.0,125,90.27182
1.0,157,95.192651
0.0,129,99.567381
3.0,250,108.105268
1.0,157,113.231727
1.0,175,118.884652
3.0,248,126.883533
0.0,123,130.686839
1.0,155,135.399549
1.0,175,141.260295
1.0,153,146.40814
0.0,127,150.279648
3.0,254,158.915845
0.0,127,162.770467
0.0,129,166.909379
0.0,129,170.975077
0.0,127,175.038302
2.0,202,181.549083
1.0,178,187.246494
1.0,176,192.799341
2.0,222,200.370499
0.0,125,204.093106
