#{"t_start": 1544715601.530216, "env_id": "BreakoutNoFrameskip-v4"}
r,l,t
0.0,129,39.553469
6.0,399,50.089355
1.0,175,73.757012
3.0,252,81.801051
0.0,127,84.828842
0.0,127,88.453488
1.0,175,94.000815
2.0,202,101.077494
1.0,155,106.121847
0.0,127,110.041457
2.0,187,116.245308
1.0,171,121.506006
0.0,127,125.557456
1.0,177,131.135523
4.0,284,140.805663
3.0,230,148.440963
2.0,223,155.935132
0.0,129,160.006985
1.0,157,165.079436
3.0,252,173.514565
0.0,123,177.332382
1.0,157,182.189046
0.0,129,186.2599
0.0,129,190.196716
0.0,127,194.219927
2.0,204,200.901168
