#{"t_start": 1544715600.0444298, "env_id": "BreakoutNoFrameskip-v4"}
r,l,t
3.0,252,44.296297
4.0,301,71.044468
0.0,127,74.706996
1.0,158,79.079917
1.0,157,83.917588
2.0,198,89.41071
0.0,129,93.33743
2.0,224,101.121044
2.0,224,108.659546
1.0,173,114.431895
1.0,178,119.937042
1.0,175,125.577947
0.0,127,129.658275
2.0,202,135.908428
0.0,127,140.050522
3.0,248,148.427816
1.0,172,153.996986
0.0,129,158.199119
0.0,129,162.164301
1.0,173,167.75271
2.0,202,174.531403
2.0,222,181.70644
1.0,175,187.340421
0.0,129,191.274928
3.0,252,199.843535
0.0,123,203.48746
