#{"t_start": 1544715599.8216686, "env_id": "BreakoutNoFrameskip-v4"}
r,l,t
0.0,129,41.273956
0.0,125,44.197654
2.0,200,49.688199
1.0,155,72.004549
0.0,127,75.544333
0.0,129,79.245312
1.0,171,84.396885
0.0,125,87.561285
2.0,226,94.811442
0.0,125,99.102304
0.0,129,103.270968
1.0,176,109.051221
0.0,123,112.847362
3.0,271,121.832195
0.0,127,125.766289
1.0,177,131.479461
0.0,127,135.21965
0.0,129,139.44576
0.0,129,143.596739
0.0,125,147.595893
1.0,173,153.117993
1.0,171,158.834209
1.0,169,164.318931
5.0,302,174.488022
0.0,127,178.413072
0.0,129,182.319364
3.0,253,190.791016
0.0,129,194.750826
6.0,364,207.234628
