#{"t_start": 1544715594.733782, "env_id": "BreakoutNoFrameskip-v4"}
r,l,t
0.0,129,46.343537
0.0,129,49.377419
1.0,170,54.073155
0.0,129,76.046936
0.0,127,79.106369
0.0,127,82.605019
0.0,127,86.54945
0.0,127,89.920037
0.0,125,93.127124
1.0,155,98.251461
0.0,129,102.286197
1.0,178,108.215316
0.0,129,112.400521
1.0,157,117.34168
0.0,129,121.563035
0.0,129,125.379696
1.0,157,130.333512
1.0,151,135.385855
3.0,232,142.703207
1.0,172,148.470852
0.0,127,152.589313
2.0,223,159.892532
1.0,176,165.80041
0.0,129,169.796732
0.0,127,173.712545
1.0,171,179.265475
0.0,127,183.23332
1.0,178,188.873555
3.0,248,197.023472
2.0,205,204.021251
1.0,155,208.678046
