#{"t_start": 1544715593.4379792, "env_id": "BreakoutNoFrameskip-v4"}
r,l,t
0.0,129,47.643451
3.0,230,53.974604
4.0,287,80.088574
3.0,240,87.50175
0.0,129,90.909722
0.0,125,94.232473
2.0,222,101.351608
0.0,129,105.716418
1.0,153,110.71874
1.0,155,115.784028
1.0,159,121.076681
1.0,176,126.489214
0.0,127,130.372798
1.0,174,136.158918
1.0,175,141.474644
1.0,155,146.566197
0.0,129,150.735303
0.0,129,154.83889
0.0,123,158.779384
0.0,127,162.674595
0.0,129,166.940327
4.0,296,176.804034
0.0,127,180.840469
0.0,129,184.84973
0.0,129,188.735167
1.0,175,194.408842
1.0,155,199.209654
2.0,201,206.069779
2.0,205,212.741571
