#{"t_start": 1544715602.3675733, "env_id": "BreakoutNoFrameskip-v4"}
r,l,t
0.0,129,38.71322
0.0,129,41.743743
0.0,129,45.444096
4.0,280,71.377222
0.0,129,74.935789
0.0,129,79.01669
0.0,127,82.363008
2.0,201,88.125192
4.0,279,97.738347
1.0,153,102.793893
0.0,125,106.779665
2.0,187,113.066945
0.0,127,116.848959
1.0,157,121.709905
0.0,127,125.829822
1.0,177,131.173096
0.0,127,135.229068
1.0,153,140.283648
1.0,173,145.95582
1.0,157,150.908349
1.0,155,156.140318
4.0,271,165.063693
0.0,127,169.078359
3.0,254,177.699646
1.0,155,182.430969
1.0,171,187.952832
0.0,129,191.925742
0.0,129,196.158112
2.0,181,201.869821
