#{"t_start": 1544715602.0501943, "env_id": "BreakoutNoFrameskip-v4"}
r,l,t
3.0,252,42.277359
2.0,202,48.007009
0.0,129,69.404397
0.0,127,73.056127
0.0,125,76.506808
2.0,202,82.625977
2.0,226,89.389376
1.0,157,94.467299
0.0,127,98.637114
1.0,173,104.402947
1.0,157,109.338845
0.0,127,113.626811
2.0,204,119.995362
0.0,129,124.039825
1.0,156,128.964656
2.0,200,135.351873
1.0,153,140.423117
0.0,129,144.658075
3.0,254,153.042145
0.0,129,157.232482
2.0,204,163.868879
1.0,173,169.426581
2.0,202,176.124403
0.0,127,179.957969
0.0,129,184.071659
2.0,201,190.395941
2.0,185,196.797969
0.0,129,200.542711
0.0,127,204.74239
