#{"t_start": 1544715599.8328898, "env_id": "BreakoutNoFrameskip-v4"}
r,l,t
0.0,129,41.248719
2.0,200,46.454499
0.0,127,49.777607
0.0,129,71.372287
7.0,395,83.760648
0.0,129,86.841772
1.0,156,91.74624
4.0,280,101.290755
2.0,204,108.13442
2.0,202,114.928308
5.0,309,124.951327
2.0,220,132.152253
2.0,205,138.791992
2.0,201,145.668457
2.0,222,152.973326
2.0,226,160.614503
1.0,155,165.497077
0.0,125,169.443053
0.0,129,173.477486
1.0,157,178.525152
0.0,125,182.276155
2.0,226,189.7536
1.0,157,194.7514
0.0,127,198.929982
1.0,157,203.679006
