fps,policy_loss,explained_variance,value_loss,advantage_norm,episode_length,epoch_idx,policy_entropy,P09:episode_rewards,PMM:episode_rewards,P01:episode_rewards,grad_norm,frames
545,-0.08314829045906663,-7.987844141721726,1.4215745892319864,5.685431401953101,168.125,1,1.2475005082786084,3.0,0.975,0.0,35.72609596811436,8000
326,-0.0010922449304780458,-12.617265235185624,0.006101682121059184,0.7510984540358185,182.82558139534885,2,1.3368886959552766,4.5,1.4186046511627908,0.0,0.15760433206594915,16000
360,-0.00048177820979617537,-8.264160941243171,0.005815248983831225,0.7001626013591885,188.36,3,1.351418707370758,4.0,1.56,0.0,0.13413898583154807,24000
380,-0.0004483496843022294,-5.147754371166229,0.004892017653778566,0.6549092812463642,173.33,4,1.3682927286624909,3.0,1.18,0.0,0.10098067276126926,32000
394,0.0008608533264487051,-4.620534045100212,0.005412014706878381,0.6722823338676244,168.32,5,1.3710550498962402,2.0,1.06,0.0,0.13273922274716463,40000
401,0.0010391593854728854,-2.7825492721796037,0.005287057966781959,0.7014022324234247,169.97,6,1.3834378123283386,2.1000000000000085,1.1,0.0,0.08886512404978916,48000
408,0.0010441528025694423,-2.715808491110802,0.005742042632386983,0.744788747932762,171.59,7,1.3850404918193817,3.0,1.11,0.0,0.12039618599922002,56000
414,0.0017986447317525744,-3.96599126636982,0.005452979245610549,0.6632650715764612,176.72,8,1.384274572134018,3.0,1.21,0.0,0.08367879888633639,64000
