#{"t_start": 1546138370.385705, "env_id": "BreakoutNoFrameskip-v4"}
r,l,t
2.0,182,105.094508
2.0,200,120.001096
1.0,157,130.93369
