#{"t_start": 1546138372.913524, "env_id": "BreakoutNoFrameskip-v4"}
r,l,t
1.0,155,100.148067
0.0,127,109.293845
1.0,157,120.813545
