#{"t_start": 1546138372.6072493, "env_id": "BreakoutNoFrameskip-v4"}
r,l,t
3.0,248,108.043063
2.0,202,123.057603
