#{"t_start": 1546138372.3150482, "env_id": "BreakoutNoFrameskip-v4"}
r,l,t
1.0,155,100.790841
0.0,127,109.928182
0.0,123,118.930997
