#{"t_start": 1546138371.421044, "env_id": "BreakoutNoFrameskip-v4"}
r,l,t
1.0,155,101.697424
1.0,173,114.704894
0.0,127,123.565805
