#{"t_start": 1546138371.9361498, "env_id": "BreakoutNoFrameskip-v4"}
r,l,t
2.0,203,105.059036
1.0,175,118.060748
