#{"t_start": 1546138372.919487, "env_id": "BreakoutNoFrameskip-v4"}
r,l,t
0.0,125,97.406261
1.0,157,109.329401
1.0,155,120.671904
