#{"t_start": 1546138372.929689, "env_id": "BreakoutNoFrameskip-v4"}
r,l,t
0.0,127,97.628098
0.0,127,107.134729
0.0,127,116.078873
1.0,157,127.516695
