#{"t_start": 1546138372.2952895, "env_id": "BreakoutNoFrameskip-v4"}
r,l,t
3.0,228,106.893908
1.0,157,118.293805
0.0,125,126.876674
