#{"t_start": 1546138372.2112918, "env_id": "BreakoutNoFrameskip-v4"}
r,l,t
3.0,251,108.661899
1.0,173,121.434488
