#{"t_start": 1546138372.2152383, "env_id": "BreakoutNoFrameskip-v4"}
r,l,t
4.0,280,111.015569
0.0,129,120.429173
