#{"t_start": 1546138371.6433744, "env_id": "BreakoutNoFrameskip-v4"}
r,l,t
1.0,153,101.144776
7.0,322,125.922204
