#{"t_start": 1546138371.7772233, "env_id": "BreakoutNoFrameskip-v4"}
r,l,t
2.0,190,104.174921
3.0,269,124.582245
