#{"t_start": 1546138371.8369591, "env_id": "BreakoutNoFrameskip-v4"}
r,l,t
1.0,157,101.404411
1.0,175,114.783899
