#{"t_start": 1546138372.073736, "env_id": "BreakoutNoFrameskip-v4"}
r,l,t
1.0,178,103.147404
1.0,175,116.03157
0.0,129,125.077422
