#{"t_start": 1546138372.256396, "env_id": "BreakoutNoFrameskip-v4"}
r,l,t
1.0,178,102.988331
2.0,201,117.853847
0.0,129,126.784242
