#{"t_start": 1546138367.0075898, "env_id": "BreakoutNoFrameskip-v4"}
r,l,t
8.0,331,119.404227
1.0,177,131.800474
