#{"t_start": 1546138372.127514, "env_id": "BreakoutNoFrameskip-v4"}
r,l,t
0.0,129,97.770175
0.0,125,106.913538
0.0,129,116.488512
