#{"t_start": 1546138372.9527678, "env_id": "BreakoutNoFrameskip-v4"}
r,l,t
3.0,230,105.302649
0.0,127,114.878161
0.0,125,122.700624
