#{"t_start": 1546138372.472582, "env_id": "BreakoutNoFrameskip-v4"}
r,l,t
2.0,198,102.984572
0.0,129,112.792656
