#{"t_start": 1546138372.2661889, "env_id": "BreakoutNoFrameskip-v4"}
r,l,t
3.0,250,107.649897
0.0,129,116.918836
