#{"t_start": 1546138373.025008, "env_id": "BreakoutNoFrameskip-v4"}
r,l,t
4.0,301,111.209685
0.0,129,119.811351
