#{"t_start": 1546138373.2026782, "env_id": "BreakoutNoFrameskip-v4"}
r,l,t
3.0,228,104.824596
3.0,253,123.302465
