#{"t_start": 1546138372.0969272, "env_id": "BreakoutNoFrameskip-v4"}
r,l,t
0.0,127,97.628351
2.0,202,113.432116
0.0,127,121.590452
