#{"t_start": 1546138367.9702487, "env_id": "BreakoutNoFrameskip-v4"}
r,l,t
4.0,299,116.077056
2.0,220,131.878871
