#{"t_start": 1546138373.1275032, "env_id": "BreakoutNoFrameskip-v4"}
r,l,t
0.0,125,96.331444
0.0,129,105.936208
0.0,129,115.505171
