#{"t_start": 1546138369.7103572, "env_id": "BreakoutNoFrameskip-v4"}
r,l,t
3.0,250,110.186365
0.0,127,119.335901
0.0,129,127.577896
