#{"t_start": 1546138373.0848913, "env_id": "BreakoutNoFrameskip-v4"}
r,l,t
3.0,248,106.585033
0.0,129,115.963792
1.0,157,126.921533
