#{"t_start": 1546138369.959326, "env_id": "BreakoutNoFrameskip-v4"}
r,l,t
0.0,127,99.744894
0.0,129,109.374209
0.0,129,118.806714
