#{"t_start": 1546138371.9763625, "env_id": "BreakoutNoFrameskip-v4"}
r,l,t
0.0,129,97.931304
0.0,129,107.494761
0.0,127,116.793657
