explained_variance,PMM:episode_rewards,fps,epoch_idx,P09:episode_rewards,policy_entropy,value_loss,policy_loss,grad_norm,advantage_norm,episode_length,frames,P01:episode_rewards
-2.5513747262954714,1.1842105263157894,197,1,3.0,1.26546610891819,0.17099506840684625,-0.06613717951491709,3.5811133384818303,2.503344685435295,171.39473684210526,8000,0.0
