#{"t_start": 1544715599.7047021, "env_id": "BreakoutNoFrameskip-v4"}
r,l,t
0.0,129,41.27012
1.0,173,45.813763
1.0,176,51.094972
0.0,127,73.731143
1.0,176,79.310172
0.0,129,83.474559
1.0,171,88.419014
0.0,125,92.363855
1.0,175,97.700348
0.0,125,101.137186
3.0,252,109.009595
1.0,173,114.450991
0.0,125,117.949903
0.0,125,121.405812
7.0,326,131.749206
0.0,127,135.346108
3.0,250,143.163874
1.0,173,148.263791
0.0,129,151.852143
3.0,234,159.089696
4.0,297,168.319066
2.0,225,175.81074
0.0,127,179.683218
0.0,129,183.582856
4.0,296,193.155962
0.0,127,196.87972
1.0,173,201.937724
0.0,129,205.935512
0.0,127,209.714749
0.0,125,213.278016
