#{"t_start": 1544715602.0291762, "env_id": "BreakoutNoFrameskip-v4"}
r,l,t
2.0,224,41.682797
2.0,202,47.580535
1.0,176,71.705518
1.0,155,76.570407
1.0,153,81.530842
2.0,224,88.419847
0.0,125,92.075618
2.0,182,97.65783
0.0,125,101.342678
0.0,125,105.004246
0.0,127,108.71099
0.0,129,112.648624
0.0,127,116.180202
0.0,125,119.771114
0.0,127,123.385834
0.0,127,127.37673
0.0,129,130.987785
1.0,173,136.181813
2.0,223,143.001148
2.0,224,149.613567
0.0,127,153.262153
1.0,175,158.61108
2.0,220,165.34384
0.0,125,169.262048
2.0,198,175.579144
0.0,127,179.580902
0.0,125,183.280989
2.0,220,190.252567
2.0,198,196.412605
0.0,127,199.842177
3.0,268,208.615894
