#{"t_start": 1544715597.7596564, "env_id": "BreakoutNoFrameskip-v4"}
r,l,t
0.0,125,43.084842
2.0,202,48.553845
0.0,129,52.421385
2.0,204,77.546674
1.0,173,83.121044
5.0,372,95.226034
1.0,173,100.527274
1.0,174,105.612538
0.0,129,109.405558
3.0,230,116.6655
1.0,155,121.1083
2.0,220,127.722421
1.0,176,133.187526
1.0,173,138.300171
2.0,223,145.190916
1.0,178,150.454952
3.0,273,158.62221
0.0,129,162.633665
2.0,200,168.547648
0.0,127,172.468314
3.0,268,181.347973
2.0,223,188.468161
0.0,127,192.486083
2.0,202,198.559885
2.0,202,204.590391
5.0,349,215.826503
