#{"t_start": 1544715594.5821176, "env_id": "BreakoutNoFrameskip-v4"}
r,l,t
2.0,221,49.049646
1.0,178,54.251045
0.0,129,57.632233
2.0,186,82.618447
1.0,174,88.332403
0.0,127,92.030113
3.0,248,99.631369
1.0,173,104.937274
0.0,129,108.740567
3.0,233,115.916795
0.0,127,119.842112
1.0,156,124.330893
0.0,125,127.789371
0.0,129,131.65589
2.0,225,138.656177
3.0,250,146.257064
2.0,202,152.53213
1.0,173,157.47046
2.0,221,164.23435
4.0,281,172.983983
3.0,248,181.18372
7.0,326,191.814488
1.0,176,197.323949
0.0,127,201.031787
3.0,246,208.480546
0.0,127,212.499575
2.0,200,218.534567
