#{"t_start": 1544715601.4038165, "env_id": "BreakoutNoFrameskip-v4"}
r,l,t
0.0,127,39.49909
0.0,127,42.769812
2.0,204,48.882171
1.0,155,72.263068
1.0,175,77.813119
0.0,127,81.923806
1.0,155,86.438365
0.0,127,90.403774
4.0,320,100.275055
1.0,173,105.58953
3.0,248,113.474681
0.0,129,117.026546
2.0,200,123.028904
0.0,127,127.030164
4.0,303,136.278592
0.0,129,139.94066
1.0,175,145.333485
1.0,173,150.251279
0.0,129,153.979996
5.0,346,164.804374
0.0,129,168.783561
5.0,369,181.101809
3.0,248,189.233537
1.0,156,193.754147
4.0,278,202.334301
0.0,129,206.47412
0.0,127,210.123463
