#{"t_start": 1544715596.3046753, "env_id": "BreakoutNoFrameskip-v4"}
r,l,t
0.0,129,44.674191
1.0,173,49.232005
0.0,127,52.970125
2.0,202,77.869768
1.0,173,83.439559
2.0,201,89.994667
0.0,129,93.695367
1.0,175,99.082878
0.0,127,102.795427
0.0,127,106.47876
1.0,172,111.685306
0.0,125,115.341357
4.0,299,124.606987
0.0,129,128.315004
0.0,127,132.318001
0.0,127,135.861706
0.0,125,139.357107
0.0,129,143.300708
3.0,272,151.576884
0.0,129,155.161459
2.0,200,161.09577
0.0,127,164.97807
2.0,220,171.667024
0.0,125,175.64363
1.0,155,180.568521
1.0,173,186.010012
2.0,224,193.379888
0.0,127,196.948421
0.0,127,200.688838
7.0,422,214.308461
