#{"t_start": 1544715596.4051266, "env_id": "BreakoutNoFrameskip-v4"}
r,l,t
5.0,350,51.206123
2.0,225,76.987604
1.0,155,81.800871
1.0,155,86.853678
1.0,171,91.839755
3.0,270,100.622309
0.0,127,104.111013
1.0,173,109.285879
1.0,155,113.980212
5.0,349,124.890269
2.0,222,131.996676
14.0,476,146.97525
0.0,125,150.596434
3.0,253,157.970933
1.0,176,163.461538
0.0,127,167.041867
0.0,127,170.832423
0.0,129,174.888073
5.0,371,187.179761
1.0,173,192.766578
1.0,175,197.911755
0.0,129,201.846615
1.0,173,206.802664
0.0,125,210.750151
2.0,202,216.85518
