#{"t_start": 1544715593.32341, "env_id": "BreakoutNoFrameskip-v4"}
r,l,t
7.0,323,53.339433
0.0,129,57.169182
3.0,250,83.93787
1.0,173,89.636308
1.0,151,94.046886
6.0,395,106.655161
2.0,222,113.467646
0.0,127,117.165868
0.0,129,121.165792
3.0,274,129.319391
0.0,127,133.132535
3.0,275,141.654315
0.0,129,145.516215
3.0,233,152.55609
2.0,202,158.565716
0.0,127,162.223214
1.0,157,166.972449
4.0,275,175.51424
0.0,127,179.507052
0.0,125,183.433458
1.0,157,188.390388
0.0,125,192.081845
2.0,206,198.630308
3.0,271,207.066578
4.0,317,217.242476
