#{"t_start": 1544715596.2904685, "env_id": "BreakoutNoFrameskip-v4"}
r,l,t
2.0,217,47.164732
0.0,129,50.702199
1.0,175,55.794803
0.0,127,78.534084
0.0,129,82.576848
1.0,175,88.33571
0.0,127,91.786391
1.0,175,97.245463
0.0,129,101.245553
1.0,171,106.178966
2.0,219,112.928413
0.0,129,116.923123
0.0,129,120.631612
0.0,127,124.148139
0.0,127,127.772048
1.0,153,132.651926
0.0,127,136.191188
0.0,123,139.619925
1.0,153,144.198303
2.0,186,149.802752
0.0,127,153.348037
0.0,127,156.925872
1.0,173,162.167245
0.0,129,165.962682
0.0,129,169.648818
5.0,350,181.35273
0.0,127,185.378658
1.0,177,190.770616
3.0,253,198.777976
3.0,270,207.102577
