#{"t_start": 1544715601.8129978, "env_id": "BreakoutNoFrameskip-v4"}
r,l,t
0.0,129,39.172739
0.0,127,42.419277
0.0,129,46.046443
4.0,278,73.612111
2.0,224,81.058409
1.0,155,85.625507
3.0,236,92.957957
6.0,400,105.689227
0.0,125,109.318112
3.0,212,115.891429
0.0,129,119.487544
0.0,125,123.144111
2.0,202,129.417186
1.0,173,134.583768
1.0,172,139.67671
0.0,129,143.489033
2.0,221,150.039818
2.0,202,156.049764
0.0,129,159.945228
2.0,222,166.823908
1.0,176,172.584794
5.0,369,184.685894
2.0,199,190.939463
1.0,157,195.615137
0.0,129,199.289648
1.0,175,204.776675
0.0,125,208.562332
