#{"t_start": 1544715602.3806164, "env_id": "BreakoutNoFrameskip-v4"}
r,l,t
0.0,129,38.605086
0.0,127,41.85127
1.0,171,46.818601
0.0,125,49.967093
2.0,186,75.170135
2.0,186,81.214336
2.0,224,88.075273
0.0,129,91.83285
0.0,127,95.832921
2.0,205,101.810285
4.0,272,110.555429
2.0,204,116.677516
3.0,235,123.816903
2.0,224,130.785751
1.0,169,135.840732
2.0,200,141.951644
5.0,353,152.630847
0.0,127,156.491438
5.0,348,167.489435
1.0,175,173.227347
2.0,202,179.599092
2.0,224,186.941844
0.0,129,190.664029
5.0,350,201.65642
1.0,173,207.055262
