fps,episode_length,value_loss,epoch_idx,grad_norm,policy_loss,frames,advantage_norm,PMM:episode_rewards,P01:episode_rewards,P09:episode_rewards,policy_entropy,explained_variance
513,174.1904761904762,1.7912840654686262,1,47.0859049353271,0.2103580076365506,8000,6.029108222201467,1.1428571428571428,0.0,2.8999999999999986,1.3412425065040587,-3.8113355332612993
308,171.91304347826087,0.005379526823433025,2,0.11519444439673446,0.0002513614660119856,16000,0.7021404224075377,1.1304347826086956,0.0,2.9000000000000057,1.3759352850914002,-4.083904673457146
350,174.42,0.005894444631712759,3,0.10307211472432255,-0.0004520335327833891,24000,0.725698459725827,1.16,0.0,3.0,1.3751168859004974,-3.2942964059114455
377,182.98,0.005324632950471368,4,0.08518048332983083,-0.00043475018203025683,32000,0.6815120921097696,1.41,0.0,3.1000000000000085,1.379440861940384,-2.8464164865016937
395,180.53,0.005413669157683217,5,0.07527219142056307,0.0005475787120667519,40000,0.7078378956019878,1.39,0.0,3.1000000000000085,1.383285847902298,-2.4493343096971514
409,187.0,0.006428057501525472,6,0.09157608150074192,0.0005517088959459215,48000,0.7977778701856733,1.58,0.0,3.1000000000000085,1.3848875069618225,-0.9517875909805298
418,198.6,0.0057324128206983,7,0.08021373048822485,-0.000753620307368692,56000,0.7365548005327582,1.81,0.0,4.0,1.3850125575065613,-3.5959394681453705
423,195.12,0.006482483044489982,8,0.08188292087949738,0.00014239844764233568,64000,0.8065741799771786,1.65,0.0,5.0,1.3794850897789002,-2.1535218292474747
429,196.26,0.0062491204750222094,9,0.08025348195381346,-0.0005234624435252044,72000,0.7598322772234678,1.7,0.0,4.0,1.3804253578186034,-1.8858059465885162
