#{"t_start": 1544715601.5822628, "env_id": "BreakoutNoFrameskip-v4"}
r,l,t
2.0,223,41.838767
0.0,129,45.699063
3.0,226,71.324716
2.0,198,77.027504
0.0,127,79.393337
0.0,127,83.529431
1.0,171,88.591408
1.0,157,92.54475
0.0,127,95.614396
1.0,173,99.04883
3.0,234,103.776877
0.0,127,107.395093
9.0,404,117.408984
0.0,127,120.932883
2.0,202,125.953576
1.0,173,130.501072
2.0,219,135.011649
9.0,380,144.787274
1.0,157,148.141797
2.0,202,152.496006
4.0,278,159.868385
1.0,157,163.260519
2.0,204,170.014858
4.0,319,179.099024
0.0,129,183.222116
0.0,127,187.34714
1.0,173,193.16176
2.0,204,200.609956
