#{"t_start": 1544715597.101492, "env_id": "BreakoutNoFrameskip-v4"}
r,l,t
1.0,178,44.945571
2.0,223,51.844638
2.0,189,76.158479
0.0,125,79.575051
0.0,127,82.685736
3.0,232,89.221376
1.0,155,94.117655
1.0,171,97.8419
0.0,129,101.03711
1.0,176,104.550619
1.0,174,108.01511
0.0,127,111.483444
10.0,477,123.559765
0.0,129,127.030115
2.0,200,132.276315
5.0,370,141.317658
0.0,127,144.233958
1.0,176,148.258004
0.0,129,151.050614
0.0,127,153.803501
0.0,129,156.460124
1.0,153,160.417727
3.0,276,166.828295
0.0,127,170.723954
3.0,252,178.50369
1.0,175,182.895715
0.0,127,187.137439
2.0,224,194.755704
2.0,219,202.606426
1.0,153,207.843236
