#{"t_start": 1544715601.5219877, "env_id": "BreakoutNoFrameskip-v4"}
r,l,t
0.0,127,39.176653
7.0,324,48.889994
2.0,202,73.46591
2.0,220,78.947356
2.0,201,85.428884
4.0,297,93.397725
0.0,127,96.539032
5.0,330,103.409111
9.0,403,114.286263
3.0,250,120.616628
1.0,155,124.48161
1.0,174,128.982278
3.0,248,134.442242
4.0,301,141.940723
5.0,329,149.858452
2.0,188,154.492439
2.0,184,159.125641
1.0,153,161.993007
0.0,129,165.849199
3.0,252,173.561685
7.0,411,186.60556
0.0,127,190.735471
0.0,127,194.970019
1.0,171,201.097484
0.0,129,205.639097
