#{"t_start": 1544715600.0638158, "env_id": "BreakoutNoFrameskip-v4"}
r,l,t
3.0,270,44.774306
3.0,250,52.110673
0.0,127,74.693624
3.0,266,81.793793
1.0,178,87.444693
10.0,452,99.403301
4.0,268,104.764623
0.0,129,108.178109
3.0,248,114.16451
0.0,127,117.436105
0.0,129,120.185787
1.0,175,125.193555
5.0,331,133.854952
5.0,348,141.97992
1.0,158,145.603543
0.0,129,148.509965
0.0,127,151.243671
1.0,173,155.197556
1.0,155,159.698016
1.0,155,162.288082
3.0,250,170.111667
0.0,129,173.932141
2.0,226,179.435569
0.0,125,183.684417
9.0,406,198.217241
2.0,201,205.410853
