#{"t_start": 1544715601.6103227, "env_id": "BreakoutNoFrameskip-v4"}
r,l,t
4.0,300,44.137537
0.0,127,48.065133
7.0,326,76.711351
2.0,200,81.638883
1.0,173,86.933041
2.0,202,92.456007
0.0,129,95.586577
5.0,350,102.77756
0.0,129,105.90152
0.0,129,108.784718
0.0,127,112.145042
1.0,173,116.445471
0.0,127,119.418478
4.0,323,128.023484
4.0,298,134.891502
0.0,129,138.518603
2.0,200,143.118495
3.0,232,148.277751
2.0,223,153.577055
3.0,250,159.846789
1.0,173,163.942091
2.0,202,170.448226
4.0,297,178.708332
2.0,198,185.380955
0.0,129,189.74672
1.0,176,195.785827
1.0,175,202.025052
