#{"t_start": 1544715602.5170865, "env_id": "BreakoutNoFrameskip-v4"}
r,l,t
0.0,127,38.182065
3.0,253,45.703773
1.0,157,49.698848
0.0,125,72.306771
1.0,173,77.126088
1.0,177,81.931695
3.0,250,89.824085
0.0,127,92.219149
1.0,157,95.903762
1.0,175,99.522564
0.0,127,101.814712
4.0,303,109.357529
0.0,125,112.833433
1.0,157,116.392826
2.0,222,122.596361
0.0,129,125.666516
1.0,173,130.011178
0.0,127,132.714902
1.0,176,136.934373
2.0,202,141.550162
1.0,157,145.171185
7.0,444,156.709423
3.0,255,161.794705
0.0,129,166.144795
1.0,173,171.565294
2.0,200,176.117832
8.0,358,188.981783
0.0,129,193.033167
3.0,252,202.306995
