#{"t_start": 1544715601.4840276, "env_id": "BreakoutNoFrameskip-v4"}
r,l,t
0.0,123,39.029213
1.0,171,43.622601
1.0,153,48.378256
0.0,127,70.811641
2.0,187,76.206642
1.0,173,80.096246
0.0,129,84.172026
1.0,153,88.731558
3.0,268,95.689537
1.0,155,98.723461
2.0,201,102.697695
0.0,127,105.739929
5.0,332,114.719281
2.0,200,119.2754
2.0,200,124.772448
2.0,199,129.971761
2.0,202,134.227027
2.0,205,139.439909
0.0,129,142.099149
2.0,220,147.333634
2.0,203,151.770038
0.0,127,155.205891
1.0,155,159.048607
2.0,222,163.964311
0.0,129,168.279805
1.0,173,173.124698
4.0,295,181.868058
0.0,125,185.912144
1.0,157,191.228546
3.0,274,201.157129
