#{"t_start": 1544715597.0284593, "env_id": "BreakoutNoFrameskip-v4"}
r,l,t
2.0,202,45.716199
2.0,204,52.061501
1.0,155,75.302121
1.0,176,80.428358
1.0,155,83.533206
2.0,203,90.127867
4.0,300,98.235917
1.0,176,102.43696
2.0,204,106.251271
0.0,129,109.147364
1.0,155,113.053631
1.0,175,117.268616
0.0,127,120.586928
0.0,129,123.364294
4.0,301,131.855307
0.0,127,134.862036
6.0,398,144.520059
0.0,125,147.244617
0.0,125,149.967122
1.0,173,153.798596
1.0,178,157.811577
3.0,250,164.255929
1.0,154,167.358454
3.0,271,176.640457
0.0,127,179.347334
4.0,300,188.91889
1.0,159,194.446997
0.0,129,198.491365
0.0,129,203.159034
