#{"t_start": 1544715601.6356494, "env_id": "BreakoutNoFrameskip-v4"}
r,l,t
2.0,185,40.610518
3.0,227,47.604164
2.0,220,72.577007
1.0,175,77.79026
1.0,173,82.074726
1.0,155,86.750038
0.0,129,90.759655
0.0,129,93.173331
0.0,129,96.273033
0.0,129,98.857444
7.0,328,106.447261
1.0,175,110.338328
0.0,129,113.998967
0.0,125,116.761468
2.0,202,122.061755
1.0,157,125.943235
0.0,127,129.288411
0.0,129,132.345272
1.0,156,135.199059
10.0,454,146.613724
4.0,279,152.971332
0.0,123,156.355699
1.0,175,160.219647
2.0,202,165.732248
0.0,125,169.650668
0.0,125,172.945382
1.0,153,176.146673
0.0,129,180.541533
1.0,171,186.352112
0.0,129,190.617841
0.0,129,194.92681
2.0,201,202.259409
