#{"t_start": 1544715597.831494, "env_id": "BreakoutNoFrameskip-v4"}
r,l,t
2.0,203,44.974203
0.0,129,48.676147
0.0,125,52.298762
3.0,272,79.352763
0.0,127,82.173779
0.0,127,85.46503
1.0,157,90.298404
1.0,155,94.881864
1.0,175,98.912529
0.0,127,101.594618
0.0,127,103.92873
2.0,202,108.086054
0.0,129,111.624458
0.0,129,114.208436
0.0,127,117.80471
0.0,129,120.671642
2.0,200,125.976308
1.0,153,129.652932
4.0,307,137.45066
0.0,127,140.210575
1.0,153,143.919461
0.0,129,146.838365
0.0,125,149.511033
0.0,129,152.215424
0.0,129,154.992232
3.0,272,162.410385
4.0,296,169.737041
0.0,125,173.556808
7.0,448,187.219202
0.0,127,191.350355
3.0,248,200.177883
0.0,129,204.567463
0.0,125,208.946302
