#{"t_start": 1544715602.0375547, "env_id": "BreakoutNoFrameskip-v4"}
r,l,t
4.0,301,43.751778
0.0,127,47.67465
1.0,151,70.922915
1.0,175,75.886362
1.0,153,79.092262
2.0,203,85.621245
1.0,170,90.644306
2.0,226,95.783048
2.0,223,100.449197
2.0,223,105.553539
1.0,176,109.441426
1.0,155,114.013239
2.0,200,118.632963
0.0,129,122.096521
0.0,125,125.083937
2.0,201,130.297339
0.0,123,132.986993
1.0,176,137.157166
1.0,173,140.834569
0.0,125,143.801863
1.0,174,147.689237
2.0,220,152.727634
0.0,129,156.299201
0.0,129,159.099483
0.0,125,161.528431
0.0,125,165.202146
0.0,127,169.224041
0.0,129,172.619463
0.0,127,175.396361
2.0,223,182.867388
4.0,294,192.991549
0.0,129,197.704917
0.0,129,202.085592
