#{"t_start": 1544715602.4993296, "env_id": "BreakoutNoFrameskip-v4"}
r,l,t
1.0,173,39.386004
0.0,125,42.701532
2.0,200,48.815807
1.0,151,71.827501
4.0,303,80.325534
0.0,127,83.99342
0.0,125,87.79528
2.0,222,93.117426
1.0,155,96.866908
2.0,225,101.244539
1.0,175,105.687045
0.0,127,108.084719
3.0,214,114.225958
0.0,127,116.784387
3.0,252,123.81381
4.0,318,131.957814
1.0,174,135.843778
0.0,127,138.759695
1.0,155,142.343125
0.0,129,145.154587
1.0,171,148.939509
2.0,223,154.442785
0.0,129,157.823029
0.0,127,159.912777
1.0,155,164.38156
3.0,252,172.056771
0.0,127,174.839312
5.0,369,187.738356
3.0,272,197.42777
0.0,127,201.792324
