#{"t_start": 1544715600.9120324, "env_id": "BreakoutNoFrameskip-v4"}
r,l,t
0.0,125,39.67249
0.0,125,42.985752
1.0,171,48.208588
2.0,202,72.922646
1.0,155,77.32376
3.0,231,83.395611
1.0,173,88.664727
0.0,129,92.152502
0.0,129,94.704669
2.0,223,99.81976
2.0,200,103.785969
0.0,125,106.96704
0.0,129,109.600597
0.0,123,113.007963
3.0,250,118.980787
0.0,129,122.693327
5.0,346,131.782841
1.0,175,135.236413
0.0,125,138.661686
3.0,274,145.043125
3.0,274,151.198648
0.0,125,154.209169
1.0,155,158.745233
0.0,125,160.82768
0.0,129,163.427438
0.0,129,167.797303
2.0,205,173.779543
4.0,299,182.782402
1.0,157,187.961818
0.0,127,192.151555
2.0,200,199.281555
