#{"t_start": 1544715602.3295507, "env_id": "BreakoutNoFrameskip-v4"}
r,l,t
2.0,202,40.429578
1.0,173,45.735358
2.0,227,71.316251
2.0,202,77.02262
1.0,173,81.285235
2.0,200,87.519996
6.0,402,97.535861
0.0,127,99.982701
1.0,175,103.460688
3.0,250,109.854793
2.0,205,115.403642
2.0,225,121.240399
1.0,174,125.622175
3.0,250,132.004448
1.0,154,135.157748
1.0,175,139.50372
0.0,127,142.374009
1.0,170,146.133303
1.0,175,149.806074
0.0,127,152.930584
2.0,202,158.28525
0.0,129,160.541646
1.0,157,165.125998
4.0,325,174.681653
0.0,129,178.381592
0.0,127,182.404973
0.0,127,186.548886
0.0,127,190.733934
1.0,153,196.021751
0.0,125,200.290174
