#{"t_start": 1546138368.5152168, "env_id": "BreakoutNoFrameskip-v4"}
r,l,t
3.0,248,112.911048
1.0,173,127.631149
