#{"t_start": 1546138370.0588858, "env_id": "BreakoutNoFrameskip-v4"}
r,l,t
2.0,198,107.178001
1.0,155,119.925356
