#{"t_start": 1546138373.1575727, "env_id": "BreakoutNoFrameskip-v4"}
r,l,t
0.0,127,97.887325
5.0,348,126.706996
