#{"t_start": 1546138372.2360508, "env_id": "BreakoutNoFrameskip-v4"}
r,l,t
0.0,127,98.822138
0.0,127,108.523439
0.0,129,118.897266
1.0,173,131.813249
