#{"t_start": 1546138371.4316065, "env_id": "BreakoutNoFrameskip-v4"}
r,l,t
1.0,172,103.778806
0.0,129,113.42465
