#{"t_start": 1546138372.3336177, "env_id": "BreakoutNoFrameskip-v4"}
r,l,t
4.0,285,112.244621
0.0,127,122.927874
