#{"t_start": 1546138372.5916111, "env_id": "BreakoutNoFrameskip-v4"}
r,l,t
3.0,250,109.003991
0.0,127,119.104825
0.0,129,128.798612
