#{"t_start": 1546138372.2612178, "env_id": "BreakoutNoFrameskip-v4"}
r,l,t
3.0,252,109.441798
2.0,203,126.463128
