#{"t_start": 1546138372.3383086, "env_id": "BreakoutNoFrameskip-v4"}
r,l,t
0.0,129,98.864192
0.0,125,108.406732
1.0,155,120.80197
0.0,129,130.153312
