#{"t_start": 1546138372.9618134, "env_id": "BreakoutNoFrameskip-v4"}
r,l,t
1.0,175,102.564604
4.0,275,125.376094
