#{"t_start": 1546138372.639716, "env_id": "BreakoutNoFrameskip-v4"}
r,l,t
2.0,202,105.043039
2.0,202,121.563449
