#{"t_start": 1546138373.1255238, "env_id": "BreakoutNoFrameskip-v4"}
r,l,t
2.0,202,104.572669
0.0,125,114.139409
1.0,173,127.636867
