#{"t_start": 1546138367.684081, "env_id": "BreakoutNoFrameskip-v4"}
r,l,t
0.0,127,103.341315
1.0,176,117.380695
