#{"t_start": 1546138368.8130276, "env_id": "BreakoutNoFrameskip-v4"}
r,l,t
4.0,269,114.406811
1.0,157,127.709285
