#{"t_start": 1544715602.4470031, "env_id": "BreakoutNoFrameskip-v4"}
r,l,t
1.0,177,40.007482
0.0,125,43.394272
0.0,127,46.839263
1.0,155,69.573322
3.0,238,77.205858
1.0,174,82.505179
0.0,127,85.725031
1.0,173,90.727599
0.0,127,94.530807
2.0,198,100.827753
2.0,203,107.257719
1.0,176,113.178604
1.0,175,118.103405
3.0,269,126.386597
3.0,232,133.580233
0.0,125,137.318642
2.0,199,143.549386
0.0,127,147.197173
0.0,127,150.928675
0.0,127,154.969055
0.0,125,158.724084
2.0,202,165.089988
3.0,252,173.125366
2.0,198,179.582962
0.0,129,183.42965
0.0,127,187.381646
2.0,185,192.986166
0.0,125,196.664407
2.0,219,203.3887
