#{"t_start": 1544715592.5209148, "env_id": "BreakoutNoFrameskip-v4"}
r,l,t
2.0,222,51.280658
3.0,266,58.857303
1.0,173,82.442562
0.0,127,86.424069
0.0,129,90.410943
1.0,173,95.125911
4.0,257,102.839438
0.0,123,106.486563
1.0,157,111.497842
0.0,129,115.367157
2.0,203,122.085049
0.0,127,125.77779
7.0,326,135.654769
0.0,127,139.441547
1.0,173,144.77675
0.0,129,148.595869
3.0,245,156.219821
0.0,129,160.116111
0.0,127,164.103675
1.0,170,169.342485
3.0,248,177.180181
0.0,125,181.141547
1.0,176,186.671124
0.0,127,190.539786
2.0,202,196.880039
4.0,293,206.197837
1.0,157,210.674325
