#{"t_start": 1544715594.5383368, "env_id": "BreakoutNoFrameskip-v4"}
r,l,t
0.0,129,46.366488
2.0,201,52.35352
0.0,125,55.465
1.0,155,78.260302
3.0,240,86.130625
0.0,127,89.744333
1.0,176,94.521931
1.0,173,99.593785
2.0,221,106.6476
4.0,282,115.789128
0.0,129,120.031145
2.0,223,126.814342
3.0,246,134.189534
0.0,127,137.885391
1.0,172,143.237755
0.0,129,147.048365
0.0,127,150.792123
0.0,129,154.577068
3.0,272,163.360984
0.0,125,167.135075
0.0,129,171.004289
0.0,129,174.894149
0.0,127,178.874523
0.0,129,182.742788
0.0,127,186.762246
0.0,125,190.55846
0.0,125,194.308064
0.0,127,197.963367
1.0,173,203.253364
3.0,216,209.724241
