#{"t_start": 1544715601.7906702, "env_id": "BreakoutNoFrameskip-v4"}
r,l,t
2.0,186,40.937305
3.0,215,47.135363
2.0,203,71.337232
1.0,175,76.872881
1.0,176,82.204432
1.0,175,87.064122
0.0,129,90.721029
2.0,204,97.042985
1.0,157,101.938877
2.0,221,109.024758
0.0,129,113.188598
0.0,127,116.879225
4.0,260,124.606117
3.0,246,132.158765
2.0,222,139.242381
3.0,246,146.914484
1.0,174,152.307383
3.0,250,160.415552
0.0,129,164.284442
2.0,201,170.797037
2.0,205,177.282826
2.0,226,184.53625
2.0,223,191.53471
1.0,173,196.849632
0.0,127,200.312617
