#{"t_start": 1544715601.9013562, "env_id": "BreakoutNoFrameskip-v4"}
r,l,t
1.0,154,39.746265
0.0,127,43.194361
1.0,175,48.156116
1.0,155,70.954862
1.0,154,75.84821
2.0,221,82.721448
1.0,175,87.38219
1.0,175,92.578076
0.0,123,96.28844
0.0,127,100.101985
1.0,158,105.11976
2.0,201,111.628186
2.0,200,117.742944
1.0,157,122.380229
5.0,329,132.497298
2.0,204,139.017666
4.0,261,147.178567
2.0,203,153.670526
2.0,218,160.59848
1.0,175,166.056731
2.0,200,172.385505
2.0,227,179.812866
0.0,129,183.697952
1.0,155,188.486633
0.0,127,192.213658
0.0,125,195.822336
2.0,204,201.932392
