#{"t_start": 1544715601.210022, "env_id": "BreakoutNoFrameskip-v4"}
r,l,t
1.0,157,40.527717
0.0,127,43.991869
4.0,303,71.238439
3.0,231,78.827544
0.0,127,82.516174
1.0,174,87.285451
0.0,129,90.924604
2.0,222,97.819632
0.0,125,101.699085
5.0,345,113.196865
0.0,125,116.851635
0.0,129,120.479728
0.0,129,124.129451
0.0,127,127.885779
1.0,174,132.972061
1.0,175,138.482663
0.0,127,142.250223
1.0,157,147.02326
0.0,129,150.943685
0.0,127,154.832531
0.0,129,158.712791
0.0,127,162.644175
1.0,155,167.232049
0.0,125,171.151743
0.0,129,174.97773
0.0,129,179.026807
0.0,127,182.978358
0.0,129,186.719483
4.0,304,196.398303
2.0,220,202.998297
