#{"t_start": 1544715595.1097696, "env_id": "BreakoutNoFrameskip-v4"}
r,l,t
0.0,125,45.695979
2.0,222,52.328697
1.0,157,56.347151
1.0,171,79.875592
1.0,173,85.490382
3.0,250,92.758865
1.0,159,97.319307
0.0,127,101.105039
2.0,202,107.470127
4.0,317,117.952265
0.0,125,121.823546
2.0,187,127.211199
0.0,125,130.802629
3.0,255,138.6097
7.0,288,147.867359
4.0,297,157.335127
0.0,127,161.258628
2.0,183,166.954814
0.0,129,170.775192
5.0,352,182.343147
2.0,203,188.992892
0.0,129,192.711262
0.0,129,196.595018
1.0,173,201.938462
2.0,200,207.828922
