#{"t_start": 1544715602.4793978, "env_id": "BreakoutNoFrameskip-v4"}
r,l,t
0.0,129,38.423159
0.0,123,41.752585
1.0,157,46.252345
0.0,129,49.4382
0.0,129,71.69028
2.0,203,78.430342
5.0,330,88.11744
1.0,177,93.477808
0.0,129,97.238085
1.0,175,102.906529
0.0,129,106.845801
2.0,224,114.167169
3.0,273,122.367906
2.0,204,128.604507
9.0,423,142.172497
2.0,200,148.382833
1.0,155,153.274801
0.0,129,157.163321
2.0,190,163.030389
1.0,173,168.403321
5.0,348,180.014038
1.0,173,185.289791
2.0,224,192.393397
1.0,155,196.971524
2.0,200,203.133722
