#{"t_start": 1544715594.030256, "env_id": "BreakoutNoFrameskip-v4"}
r,l,t
2.0,221,49.736468
0.0,125,53.364796
2.0,203,77.615032
1.0,153,81.984323
2.0,182,87.847535
1.0,173,92.630891
0.0,127,96.009824
0.0,127,99.630762
1.0,178,105.123279
1.0,173,110.659218
0.0,129,114.621275
1.0,175,120.284677
0.0,127,124.000409
1.0,175,129.079813
0.0,129,132.695
0.0,125,136.422325
2.0,224,143.499126
0.0,129,147.274998
0.0,129,151.093737
0.0,129,154.866081
2.0,220,161.983386
2.0,223,169.047949
0.0,127,172.906584
0.0,127,176.579051
3.0,249,184.724583
0.0,129,188.757818
3.0,247,196.67163
0.0,125,200.395539
4.0,319,210.165543
