#{"t_start": 1544715596.4633775, "env_id": "BreakoutNoFrameskip-v4"}
r,l,t
1.0,159,45.34606
0.0,127,48.796511
1.0,173,53.736742
0.0,127,75.636564
0.0,129,79.502969
3.0,256,87.61361
5.0,299,96.355299
3.0,230,103.572704
1.0,177,109.263923
2.0,224,116.486667
0.0,125,120.404542
1.0,174,125.471647
0.0,127,129.006249
1.0,175,134.319931
1.0,177,139.66089
4.0,272,148.309313
1.0,173,153.592498
5.0,326,164.264431
0.0,127,168.099103
1.0,157,172.820084
1.0,155,177.70041
1.0,155,182.572682
3.0,275,191.453657
1.0,171,196.772063
0.0,129,200.570246
2.0,202,206.573032
