#{"t_start": 1544715595.6407084, "env_id": "BreakoutNoFrameskip-v4"}
r,l,t
3.0,273,49.673027
3.0,251,56.548603
1.0,157,80.10343
0.0,127,84.019814
3.0,233,90.972583
1.0,173,95.919975
7.0,318,105.926684
0.0,129,110.015035
0.0,127,113.869454
2.0,186,120.078155
1.0,155,124.357288
0.0,127,128.067493
1.0,175,133.236452
2.0,187,138.814974
1.0,173,144.254746
4.0,301,153.750867
0.0,129,157.545908
1.0,157,162.549259
0.0,125,166.369981
1.0,157,171.249194
1.0,173,176.692488
1.0,155,181.414322
2.0,202,187.960919
1.0,157,192.847121
3.0,271,201.356127
0.0,129,204.964793
2.0,203,211.475455
