#{"t_start": 1544715601.7004144, "env_id": "BreakoutNoFrameskip-v4"}
r,l,t
0.0,129,39.213595
0.0,127,42.648567
2.0,202,48.441421
2.0,204,72.785661
0.0,127,76.813534
2.0,208,83.289561
1.0,173,87.882938
1.0,157,92.466108
0.0,127,96.281336
1.0,176,101.886702
0.0,129,105.83059
0.0,127,109.637797
0.0,127,113.876331
0.0,127,117.412806
4.0,280,125.814535
0.0,129,129.686736
3.0,248,137.401676
0.0,125,141.150212
0.0,125,144.982227
2.0,224,151.783032
5.0,330,162.756502
3.0,230,170.057759
1.0,155,174.858185
0.0,127,178.796375
0.0,127,182.739844
0.0,129,186.561632
2.0,202,192.885179
0.0,125,196.460424
3.0,271,205.001406
