#{"t_start": 1544715597.8221488, "env_id": "BreakoutNoFrameskip-v4"}
r,l,t
1.0,175,44.561778
0.0,129,48.133868
0.0,127,51.530866
3.0,272,78.228883
1.0,173,83.793761
0.0,127,87.377542
1.0,155,91.342243
0.0,125,94.966368
2.0,224,101.945197
0.0,129,105.966596
2.0,202,112.337117
0.0,127,116.462413
2.0,223,123.283044
0.0,127,126.785339
0.0,127,130.437605
0.0,129,134.264478
0.0,129,138.073949
2.0,200,144.296082
3.0,270,152.812005
1.0,175,158.395331
0.0,129,162.293185
0.0,127,166.24365
1.0,157,170.885024
0.0,125,174.83265
0.0,125,178.498249
2.0,202,185.06846
3.0,247,192.994875
3.0,254,200.902973
2.0,221,207.594918
