#{"t_start": 1544715594.2701857, "env_id": "BreakoutNoFrameskip-v4"}
r,l,t
1.0,171,47.96778
0.0,129,51.502563
1.0,178,56.529445
0.0,129,78.436234
2.0,201,84.881454
2.0,222,91.695949
1.0,173,96.446474
1.0,173,101.63958
0.0,123,105.16178
1.0,174,110.820214
0.0,127,114.71243
0.0,127,118.583337
0.0,127,122.6021
1.0,171,127.530674
0.0,127,131.108416
1.0,177,136.451204
5.0,333,147.089705
0.0,127,150.821186
6.0,416,164.384116
0.0,127,168.281384
0.0,123,171.935915
2.0,191,178.008184
1.0,175,183.447509
2.0,204,190.122532
4.0,296,199.466228
3.0,253,207.21926
