policy_loss,advantage_norm,explained_variance,grad_norm,P09:episode_rewards,epoch_idx,frames,episode_length,policy_entropy,fps,PMM:episode_rewards,value_loss,P01:episode_rewards
0.1287165815779008,5.585695098973811,-7.276958696842193,43.8783971136287,2.0,1,8000,162.6590909090909,1.3479366382956506,530,0.8863636363636364,2.2382357733410574,0.0
0.0001378310662403237,0.719817288806662,-10.19278678059578,0.11616076378378637,3.0,2,16000,171.47252747252747,1.3826289188861847,318,1.1318681318681318,0.006068849731682349,0.0
0.0004697887874135631,0.670104321865365,-49.356614998579026,0.10055887586949758,3.0,3,24000,176.57,1.3830764508247375,359,1.28,0.004881913797040624,0.0
-0.00017327966314041986,0.6159497001767158,-10.5900909614563,0.08988024763032752,3.0,4,32000,170.88,1.3841252768039702,382,1.11,0.0047338341569428625,0.0
0.0002492833793803584,0.7197613666020334,-4.662899152040482,0.09277694355270928,3.0,5,40000,174.49,1.385323861837387,400,1.18,0.00557641079500172,0.0
-8.551767605240457e-05,0.7910619769059122,-3.851842714548111,0.10838940991405302,4.0,6,48000,184.59,1.3852387595176696,411,1.5,0.006429529224678845,0.0
0.0005168947357287834,0.6172178458981216,-4.231422923207283,0.080414122458075,4.0,7,56000,181.89,1.3825546300411224,419,1.42,0.004826871089874203,0.0
-0.0006010361003427533,0.648512222878635,-3.284031767845154,0.08910408342562041,3.0,8,64000,173.41,1.383989884853363,424,1.14,0.005014709058591507,0.0
0.0006543995272659231,0.7942368567921221,-1.2754660910367965,0.10746519964021475,3.0,9,72000,181.85,1.3842662048339844,430,1.34,0.006580682843391515,0.0
