#{"t_start": 1544715596.4601812, "env_id": "BreakoutNoFrameskip-v4"}
r,l,t
0.0,125,44.692612
1.0,172,49.060071
2.0,183,52.87818
5.0,328,78.248542
0.0,123,80.126273
2.0,188,84.120378
1.0,157,86.70067
0.0,125,89.070383
1.0,175,92.861387
1.0,155,95.757614
2.0,206,99.447962
2.0,202,103.333555
1.0,173,106.315979
11.0,465,114.829854
1.0,173,117.724441
0.0,123,119.914595
2.0,219,124.333029
1.0,155,126.99319
5.0,339,133.222351
3.0,230,137.567765
1.0,173,140.410214
0.0,129,142.531018
1.0,155,145.16055
1.0,173,148.003632
1.0,173,150.57684
1.0,155,153.368775
2.0,226,157.1563
1.0,175,159.964365
1.0,157,162.290517
1.0,178,165.089565
2.0,188,168.255436
0.0,129,170.53056
0.0,127,172.529401
1.0,173,175.112901
1.0,175,177.994779
0.0,127,179.89734
0.0,129,181.767407
4.0,300,186.737307
0.0,125,188.480786
2.0,222,191.926648
1.0,175,194.830045
3.0,248,199.278321
1.0,175,201.97845
0.0,127,204.195746
0.0,129,206.371348
2.0,225,209.850205
0.0,127,211.643913
3.0,270,216.252547
