#{"t_start": 1544715590.6402462, "env_id": "BreakoutNoFrameskip-v4"}
r,l,t
0.0,129,50.611383
0.0,127,53.789135
0.0,127,56.449285
1.0,173,60.418099
3.0,254,83.897675
0.0,129,85.835502
0.0,125,88.179488
3.0,250,93.038074
0.0,127,95.584732
0.0,127,98.150547
1.0,155,101.010198
0.0,125,103.464051
0.0,127,105.449039
1.0,175,108.571698
1.0,159,111.494482
1.0,176,114.663558
2.0,199,118.201626
0.0,127,120.243988
0.0,125,122.337365
0.0,123,124.275241
0.0,129,126.734767
3.0,268,132.002439
1.0,151,134.46391
3.0,250,139.080515
0.0,129,141.433213
0.0,129,143.711073
3.0,270,148.297002
1.0,177,151.311357
1.0,176,154.186854
1.0,176,156.983767
2.0,221,160.682733
1.0,173,163.667335
3.0,249,167.693286
1.0,172,170.33261
1.0,157,172.819698
0.0,127,175.027873
1.0,153,177.601324
0.0,127,179.47016
5.0,365,185.462697
1.0,155,187.817538
0.0,125,189.59777
5.0,320,194.885209
0.0,127,196.794581
2.0,221,200.163482
1.0,173,203.410169
0.0,125,205.449574
1.0,157,207.840704
0.0,129,210.120174
1.0,173,213.117472
1.0,175,215.640787
1.0,157,218.005871
