#{"t_start": 1544715597.7830036, "env_id": "BreakoutNoFrameskip-v4"}
r,l,t
0.0,129,43.486701
0.0,129,46.714929
0.0,129,49.375267
0.0,127,52.164747
0.0,127,73.516259
2.0,203,77.045342
0.0,129,79.036761
0.0,127,81.523828
0.0,129,83.957535
2.0,204,87.876565
2.0,202,92.288714
0.0,127,94.509316
6.0,399,102.158772
0.0,127,104.241583
2.0,198,107.869277
0.0,125,109.881033
0.0,125,112.093852
3.0,250,116.287292
1.0,157,119.222916
2.0,202,123.217062
2.0,224,127.039177
0.0,129,129.388048
2.0,199,133.004143
1.0,171,136.173518
0.0,127,138.204812
2.0,219,141.914369
1.0,171,144.80776
2.0,200,148.122756
1.0,178,151.13244
0.0,129,153.124879
0.0,129,155.181136
2.0,223,158.882349
3.0,218,162.223997
4.0,265,166.577416
1.0,173,169.733418
1.0,155,172.145712
1.0,177,174.819309
4.0,281,179.585154
2.0,202,182.548191
0.0,129,184.544047
3.0,251,188.561609
1.0,176,191.202787
1.0,153,193.877331
1.0,175,196.900404
2.0,198,200.120283
0.0,123,202.076063
1.0,177,205.221142
0.0,129,207.193356
1.0,173,209.678839
2.0,202,213.016175
0.0,129,215.11416
