#{"t_start": 1544715597.5923786, "env_id": "BreakoutNoFrameskip-v4"}
r,l,t
2.0,185,45.191893
0.0,125,48.280549
2.0,202,52.691767
3.0,269,76.707408
1.0,173,79.42953
1.0,157,82.859886
4.0,297,88.510933
0.0,127,91.120744
0.0,127,93.467206
2.0,222,97.581534
0.0,127,99.778655
1.0,155,102.690615
0.0,129,104.832452
0.0,127,107.11775
4.0,321,112.855448
1.0,177,115.82628
9.0,385,123.459849
1.0,173,126.334378
0.0,125,128.593639
3.0,268,133.584469
0.0,127,135.788319
0.0,129,137.989814
0.0,127,139.912705
0.0,129,142.054577
1.0,153,144.654766
0.0,125,146.631638
1.0,175,149.272794
1.0,173,152.362731
0.0,129,154.301549
1.0,171,157.182431
0.0,125,159.151221
2.0,220,162.554492
1.0,175,165.352465
0.0,129,167.501844
0.0,125,169.648445
2.0,202,172.827739
2.0,222,176.323279
6.0,380,182.484839
3.0,252,186.647935
1.0,159,189.014608
2.0,203,192.124254
1.0,175,195.330076
1.0,171,198.24492
2.0,186,201.148804
1.0,175,204.268865
5.0,356,210.00258
2.0,203,213.346236
1.0,153,215.903992
