#{"t_start": 1544715601.886382, "env_id": "BreakoutNoFrameskip-v4"}
r,l,t
0.0,129,39.383438
0.0,129,42.614195
0.0,129,45.28613
1.0,157,48.970694
1.0,173,70.728937
1.0,176,73.755561
0.0,127,75.958903
0.0,127,78.696019
1.0,155,81.184542
1.0,178,84.897444
5.0,328,91.674411
0.0,129,93.781049
0.0,129,95.957851
1.0,173,99.138986
8.0,351,105.623669
6.0,361,112.02075
0.0,125,114.252156
0.0,129,116.770912
1.0,155,119.664167
3.0,267,124.529809
3.0,252,129.134355
0.0,129,131.355
0.0,129,133.603533
1.0,173,136.383506
0.0,129,138.591523
0.0,127,140.6129
0.0,127,142.68089
2.0,187,145.605157
0.0,127,147.778368
1.0,157,150.224394
1.0,174,153.140379
1.0,173,155.994283
0.0,129,157.729854
0.0,127,159.704124
2.0,204,163.17805
2.0,200,166.695232
8.0,376,172.920574
2.0,198,175.955645
3.0,270,180.181445
2.0,220,183.719494
2.0,205,186.84394
1.0,153,189.364465
0.0,129,191.697836
1.0,178,194.71647
0.0,129,196.491259
0.0,129,198.786599
1.0,157,201.405359
2.0,201,204.505464
2.0,204,207.743215
0.0,127,209.635883
0.0,127,211.836712
