#{"t_start": 1544715589.9868915, "env_id": "BreakoutNoFrameskip-v4"}
r,l,t
1.0,153,51.990571
1.0,177,56.279619
0.0,127,58.763017
1.0,175,81.395781
1.0,153,84.119032
3.0,252,88.559098
1.0,153,91.534531
0.0,127,93.760857
3.0,268,99.626202
0.0,129,101.823116
2.0,203,105.583707
0.0,125,107.701985
2.0,203,111.458621
3.0,231,115.730447
0.0,127,117.776681
0.0,127,120.056793
3.0,248,124.201078
2.0,219,128.444213
4.0,295,133.940206
3.0,254,138.635957
1.0,173,141.831502
0.0,129,144.130155
1.0,155,146.634576
1.0,153,149.173878
2.0,205,152.701016
2.0,222,156.340916
0.0,127,158.465167
2.0,190,161.451325
0.0,125,163.556072
1.0,174,166.355172
2.0,224,169.800159
0.0,125,171.776838
2.0,202,175.230574
7.0,431,182.435114
0.0,127,184.55137
0.0,127,186.482221
3.0,249,190.301585
0.0,127,192.251555
1.0,174,194.999541
0.0,125,196.836519
2.0,224,200.270249
0.0,127,202.654914
2.0,225,206.616377
1.0,175,209.257021
1.0,174,212.401007
2.0,205,215.741401
0.0,127,217.398592
1.0,155,219.923695
1.0,173,222.745003
