#{"t_start": 1544715602.3377502, "env_id": "BreakoutNoFrameskip-v4"}
r,l,t
3.0,253,42.402514
1.0,171,45.999321
4.0,299,71.054378
2.0,221,74.778787
3.0,230,79.439676
1.0,173,82.47862
2.0,202,87.099548
0.0,125,89.165291
1.0,155,92.227298
4.0,319,98.133814
2.0,198,101.749853
0.0,127,103.80539
2.0,203,107.443826
2.0,204,110.882111
0.0,127,112.921039
3.0,233,117.720248
4.0,301,123.197921
3.0,248,127.707681
7.0,429,135.552811
3.0,270,140.278986
3.0,275,144.699493
0.0,127,146.973304
2.0,222,150.680862
0.0,129,152.72026
0.0,129,154.891107
0.0,127,156.525147
2.0,201,159.782761
0.0,127,161.617407
0.0,125,163.963856
1.0,155,166.515446
3.0,252,170.430685
2.0,204,173.795979
2.0,219,177.106099
6.0,398,183.734081
1.0,155,186.023361
2.0,184,189.132947
1.0,157,191.870724
0.0,127,193.948577
0.0,129,195.786889
0.0,127,197.950731
1.0,175,200.989247
0.0,129,202.974365
1.0,171,205.419902
0.0,127,207.461679
1.0,153,209.831411
