#{"t_start": 1544715599.413792, "env_id": "BreakoutNoFrameskip-v4"}
r,l,t
4.0,243,45.046019
2.0,207,49.52947
0.0,129,71.43977
4.0,301,76.45348
1.0,177,79.859796
0.0,129,82.289699
0.0,127,84.52185
0.0,129,87.117845
0.0,127,89.635608
3.0,248,94.621362
4.0,299,99.999816
0.0,127,102.270722
0.0,127,104.551978
3.0,248,108.848261
2.0,202,112.398712
8.0,352,119.092799
1.0,174,122.406644
2.0,202,125.944942
0.0,129,128.111902
1.0,175,131.298707
1.0,157,134.18113
0.0,125,136.314029
1.0,173,139.110393
0.0,127,141.246892
3.0,252,145.502688
1.0,172,148.213141
2.0,183,151.339619
1.0,176,154.271852
1.0,155,156.675886
0.0,129,158.743754
1.0,154,160.977432
2.0,200,164.196317
0.0,127,166.441105
0.0,125,168.557425
2.0,222,171.944237
2.0,200,175.206751
0.0,129,177.184924
0.0,123,178.953871
5.0,346,184.602194
3.0,250,188.555776
2.0,202,191.818414
2.0,206,195.592141
4.0,283,200.230413
2.0,204,203.847992
2.0,199,206.930134
1.0,175,209.64223
3.0,230,213.522215
