#{"t_start": 1544715601.2705932, "env_id": "BreakoutNoFrameskip-v4"}
r,l,t
2.0,224,42.646266
1.0,153,46.000972
0.0,125,48.717989
1.0,173,70.880104
1.0,175,73.891703
2.0,185,77.220747
0.0,129,79.810419
0.0,127,81.932458
2.0,186,85.809421
2.0,224,90.207206
2.0,201,94.009857
1.0,173,96.964739
1.0,173,100.248334
4.0,301,105.720197
2.0,224,109.692422
1.0,178,112.631209
1.0,158,115.578108
1.0,157,118.724694
1.0,178,121.893439
0.0,123,123.89998
1.0,154,126.689854
0.0,129,128.856093
0.0,127,131.229815
2.0,224,135.030064
4.0,297,140.295061
3.0,231,144.158549
2.0,201,147.564218
10.0,453,155.300456
2.0,224,158.778564
0.0,129,160.762345
1.0,175,163.706546
0.0,127,165.898898
0.0,129,167.924425
4.0,258,171.925203
2.0,186,175.025257
0.0,125,176.832206
1.0,173,179.431022
2.0,224,183.104347
1.0,171,185.689156
0.0,129,187.563303
2.0,207,191.260276
6.0,374,197.624608
1.0,155,200.402835
2.0,204,203.786224
1.0,173,206.268001
4.0,299,211.257059
