#{"t_start": 1544715593.1110384, "env_id": "BreakoutNoFrameskip-v4"}
r,l,t
1.0,173,49.373389
2.0,201,54.105789
1.0,153,57.663878
3.0,218,80.470491
1.0,155,82.935229
2.0,224,87.566844
2.0,224,91.481838
0.0,127,94.276322
2.0,223,98.63673
0.0,129,101.172746
1.0,155,103.77902
0.0,127,105.766483
0.0,127,108.137138
3.0,248,112.767835
3.0,250,117.212125
2.0,202,120.555106
0.0,127,122.706992
3.0,216,127.201617
0.0,129,129.434849
0.0,129,131.366164
1.0,158,134.254337
2.0,200,137.968224
0.0,129,140.208132
0.0,129,142.435082
8.0,377,149.015166
1.0,173,151.863333
1.0,155,154.182572
0.0,127,156.399796
1.0,155,158.820559
2.0,219,162.480656
0.0,127,164.612012
0.0,129,166.295228
2.0,188,169.349238
0.0,125,171.283285
4.0,300,176.611197
6.0,377,182.822741
0.0,129,184.783117
0.0,125,186.507971
3.0,234,190.385784
2.0,188,193.23246
2.0,223,196.64573
4.0,299,202.273165
1.0,155,204.612362
0.0,125,206.564353
1.0,174,209.683189
1.0,175,212.455387
2.0,185,215.092094
0.0,125,217.145751
1.0,175,220.087695
