#{"t_start": 1544715601.9698565, "env_id": "BreakoutNoFrameskip-v4"}
r,l,t
0.0,127,39.231862
1.0,153,43.114613
0.0,127,45.584262
0.0,125,48.533113
2.0,202,70.952694
3.0,250,75.44809
1.0,157,78.75998
3.0,250,83.269165
0.0,127,86.149915
2.0,200,89.958738
4.0,321,95.911782
0.0,127,98.300796
3.0,248,102.82757
5.0,348,109.068771
1.0,155,111.611187
1.0,157,114.440401
1.0,175,117.948732
0.0,129,120.193266
2.0,223,124.153731
0.0,129,126.344173
4.0,316,132.408761
0.0,127,134.330768
0.0,127,136.417267
0.0,125,138.508213
1.0,173,141.294778
0.0,127,143.395008
0.0,127,145.176788
2.0,221,149.076247
1.0,171,151.959621
0.0,125,153.801456
2.0,201,156.94818
1.0,175,159.73434
1.0,178,162.655824
0.0,129,164.946481
2.0,220,168.474684
3.0,272,172.987504
4.0,280,177.247931
2.0,202,180.517187
3.0,266,184.778418
2.0,205,187.903352
0.0,129,190.307226
0.0,127,192.393747
0.0,127,194.489264
1.0,173,197.125356
1.0,173,200.211256
0.0,127,202.315466
0.0,127,204.102492
0.0,127,205.871436
1.0,157,208.45328
2.0,203,211.927979
