#{"t_start": 1544715594.7119155, "env_id": "BreakoutNoFrameskip-v4"}
r,l,t
1.0,155,47.345225
0.0,129,50.508301
2.0,206,54.944945
0.0,129,76.475798
0.0,127,78.539732
2.0,206,81.98338
0.0,129,84.475241
0.0,125,86.842632
1.0,157,89.666252
3.0,249,95.155668
1.0,174,98.26342
3.0,229,102.48248
3.0,272,107.528341
0.0,129,109.871969
1.0,176,112.849995
2.0,224,116.774438
0.0,127,118.824007
0.0,125,120.887715
0.0,127,123.367532
0.0,127,125.884072
1.0,155,128.552501
0.0,125,130.585067
1.0,175,133.682208
1.0,173,136.893121
0.0,129,139.160537
2.0,201,142.495852
4.0,264,147.176962
0.0,125,149.07404
2.0,203,152.276069
1.0,151,154.986031
1.0,155,157.396201
0.0,129,159.571404
1.0,159,162.192777
0.0,125,163.888314
4.0,282,168.510489
2.0,204,172.132336
4.0,320,177.268198
0.0,129,179.342229
3.0,254,183.425071
0.0,129,185.249643
1.0,157,187.730026
1.0,175,190.534753
1.0,177,193.236283
2.0,202,196.493614
1.0,173,199.605969
3.0,252,203.739177
1.0,175,206.859744
0.0,123,208.908803
0.0,127,210.768384
0.0,129,212.50044
4.0,318,217.876192
