#{"t_start": 1544715593.886145, "env_id": "BreakoutNoFrameskip-v4"}
r,l,t
2.0,202,48.679868
0.0,127,51.913707
2.0,220,77.484591
1.0,157,82.257114
0.0,129,85.969898
5.0,326,95.725491
5.0,329,106.002277
0.0,129,109.892884
1.0,173,115.130582
0.0,127,118.875043
4.0,294,127.625916
2.0,200,133.940954
2.0,201,140.135463
0.0,127,144.121527
2.0,221,151.253058
0.0,127,154.990019
5.0,329,166.093424
1.0,155,171.036548
1.0,157,176.040481
0.0,123,179.731743
4.0,321,190.808062
3.0,249,198.635617
2.0,198,204.877227
1.0,173,210.185895
