#{"t_start": 1544715600.8405824, "env_id": "BreakoutNoFrameskip-v4"}
r,l,t
0.0,127,39.576513
1.0,157,43.681806
0.0,127,47.261071
1.0,155,70.585342
1.0,171,75.839238
1.0,175,81.219948
2.0,200,86.783837
0.0,129,90.50646
0.0,127,94.194554
1.0,173,99.384346
0.0,123,103.043817
7.0,327,113.296685
0.0,125,116.749948
1.0,153,121.138478
4.0,301,130.635914
0.0,125,134.533731
2.0,220,141.750505
0.0,125,145.583625
0.0,129,149.416983
0.0,127,153.44163
1.0,169,158.877818
3.0,246,166.912113
2.0,183,172.751768
0.0,129,176.785132
2.0,202,183.653597
2.0,200,189.990097
4.0,301,199.518741
0.0,129,203.37553
