#{"t_start": 1544715602.4981627, "env_id": "BreakoutNoFrameskip-v4"}
r,l,t
0.0,125,37.847141
0.0,127,41.058154
1.0,153,45.400057
0.0,129,48.946907
0.0,129,71.605127
1.0,175,77.004848
0.0,127,80.749141
2.0,204,86.441437
1.0,173,91.657531
0.0,127,95.534607
0.0,127,99.080246
0.0,127,102.915488
3.0,232,110.11254
2.0,202,115.95243
3.0,248,123.514712
3.0,248,131.406086
2.0,198,137.723246
0.0,125,141.701593
3.0,257,150.102678
8.0,330,161.100351
5.0,344,172.48514
0.0,127,176.613905
1.0,157,181.771452
2.0,223,188.900747
1.0,172,194.175498
4.0,258,202.373932
