#{"t_start": 1544715590.1527941, "env_id": "BreakoutNoFrameskip-v4"}
r,l,t
1.0,153,51.082285
1.0,153,54.952537
0.0,123,58.524734
1.0,153,81.683638
0.0,129,85.722824
4.0,283,94.448808
2.0,204,100.259785
0.0,129,103.957243
0.0,127,107.846286
3.0,228,114.809422
2.0,203,121.071652
3.0,248,128.42102
5.0,324,138.659755
2.0,202,144.948919
1.0,172,150.315061
5.0,349,162.043195
1.0,171,167.430475
0.0,129,171.546488
0.0,129,175.483688
1.0,171,180.918283
1.0,159,185.947759
3.0,233,193.894254
3.0,274,202.75491
0.0,129,206.615284
0.0,127,210.385504
1.0,171,215.851711
