#{"t_start": 1544715602.3703866, "env_id": "BreakoutNoFrameskip-v4"}
r,l,t
0.0,127,38.046935
0.0,129,41.349394
5.0,327,69.91411
4.0,296,79.481883
0.0,127,82.972098
2.0,221,89.431913
0.0,129,93.240712
2.0,202,99.371751
0.0,127,103.174982
1.0,153,107.717623
0.0,127,111.418031
2.0,202,117.280579
0.0,129,121.06089
1.0,154,125.734469
0.0,127,129.43176
2.0,203,136.027663
1.0,155,140.94507
2.0,200,147.155355
2.0,222,154.405545
8.0,370,166.994177
3.0,250,175.076104
0.0,125,179.136914
0.0,129,183.222027
8.0,352,194.712689
0.0,127,198.42393
