#{"t_start": 1544715594.4977362, "env_id": "BreakoutNoFrameskip-v4"}
r,l,t
2.0,187,47.631806
3.0,250,54.819993
3.0,250,81.493306
1.0,157,86.161341
1.0,155,90.651392
1.0,173,95.495625
1.0,175,100.807953
5.0,350,111.905819
0.0,127,115.60266
2.0,185,121.215039
0.0,125,124.610415
0.0,127,128.170965
5.0,367,140.106136
1.0,157,144.905443
1.0,173,150.509145
0.0,129,154.314462
3.0,249,162.493935
0.0,127,166.60308
0.0,129,170.583697
0.0,129,174.651771
1.0,155,179.402599
0.0,129,183.552343
0.0,127,187.496885
0.0,129,191.624815
1.0,153,196.42773
3.0,272,205.081927
0.0,129,208.885022
