#{"t_start": 1544715601.792967, "env_id": "BreakoutNoFrameskip-v4"}
r,l,t
2.0,185,40.26985
4.0,249,47.446918
1.0,178,71.530715
0.0,127,75.443481
1.0,155,80.101542
1.0,153,84.304599
0.0,127,87.787756
3.0,250,95.678381
0.0,129,99.316742
0.0,129,103.170983
0.0,127,106.941819
2.0,220,113.657599
0.0,127,117.094563
0.0,125,120.595793
0.0,129,124.420666
2.0,205,130.844758
0.0,127,134.815758
3.0,250,142.901655
2.0,188,148.830955
2.0,204,155.448483
0.0,127,159.522345
1.0,173,165.052181
2.0,205,171.673848
0.0,125,175.419623
2.0,183,181.63144
0.0,123,185.413563
2.0,222,192.614401
0.0,127,196.239227
1.0,173,201.534914
0.0,127,205.630139
