#{"t_start": 1544715600.631176, "env_id": "BreakoutNoFrameskip-v4"}
r,l,t
3.0,214,42.289563
4.0,279,50.401741
1.0,177,74.750686
0.0,129,78.45835
1.0,173,83.730655
0.0,129,87.155694
2.0,202,93.167601
0.0,129,97.07685
0.0,125,100.58176
3.0,270,109.00924
3.0,252,116.669851
0.0,127,120.245158
2.0,180,125.731413
1.0,175,131.066103
0.0,127,134.96653
0.0,129,138.910888
1.0,155,143.869867
2.0,218,150.871151
4.0,260,159.522682
5.0,348,171.186781
1.0,175,176.658022
1.0,175,182.540045
3.0,248,190.609064
5.0,309,200.443438
2.0,186,206.456302
