#{"t_start": 1544715588.402639, "env_id": "BreakoutNoFrameskip-v4"}
r,l,t
0.0,127,52.014305
2.0,201,57.321521
1.0,169,62.315988
0.0,125,84.760713
0.0,127,88.702159
0.0,127,92.429156
3.0,230,99.027014
4.0,278,107.741248
1.0,173,112.826411
3.0,230,120.073809
1.0,155,124.633493
0.0,127,128.250543
2.0,224,134.909022
1.0,173,140.266828
0.0,129,143.992697
2.0,223,151.177612
3.0,211,158.129944
0.0,129,161.964158
1.0,173,167.530662
1.0,156,172.514605
2.0,188,178.570241
0.0,129,182.513826
2.0,224,189.983233
1.0,174,195.738981
2.0,206,202.283053
6.0,379,214.438812
