#{"t_start": 1544715594.237743, "env_id": "BreakoutNoFrameskip-v4"}
r,l,t
7.0,250,49.707914
0.0,129,53.251361
5.0,304,81.630391
0.0,127,85.238714
4.0,276,93.499085
1.0,177,98.702189
0.0,123,102.455451
3.0,230,109.4612
2.0,202,115.571401
8.0,331,125.733085
0.0,129,129.575761
2.0,198,135.635863
4.0,263,144.197269
0.0,127,147.995937
3.0,272,156.904791
3.0,272,166.018636
1.0,170,171.353253
0.0,123,175.296239
0.0,129,179.159907
0.0,129,183.144093
0.0,125,187.185776
2.0,224,194.6567
2.0,206,200.997949
2.0,200,207.215793
0.0,125,211.022147
