#{"t_start": 1544715596.7530248, "env_id": "BreakoutNoFrameskip-v4"}
r,l,t
2.0,185,45.293048
3.0,232,51.987725
2.0,203,76.854902
0.0,129,80.795908
2.0,203,86.910446
4.0,267,94.803694
0.0,123,98.363305
1.0,157,102.995689
4.0,279,111.879116
2.0,222,118.602189
2.0,229,125.308526
8.0,374,137.393157
1.0,173,142.838945
2.0,223,150.210109
2.0,222,157.377998
0.0,129,161.285068
2.0,198,167.81162
0.0,127,171.676343
0.0,125,175.536324
1.0,174,181.159789
2.0,200,187.948801
0.0,125,191.684558
1.0,173,197.141206
3.0,249,204.86042
0.0,129,208.828238
