#{"t_start": 1544715602.407523, "env_id": "BreakoutNoFrameskip-v4"}
r,l,t
1.0,173,39.370669
3.0,250,46.489517
1.0,155,69.715608
0.0,127,73.705886
1.0,157,78.433821
0.0,127,82.056789
0.0,127,85.414207
1.0,171,90.387368
5.0,331,100.93686
1.0,173,106.190365
2.0,202,112.25508
1.0,155,116.677464
10.0,446,130.950323
9.0,419,145.021691
2.0,226,152.285612
4.0,299,162.300024
0.0,127,166.214711
1.0,173,171.628882
0.0,127,175.717812
0.0,129,179.728312
2.0,204,186.573713
0.0,127,190.229052
2.0,201,196.514305
1.0,176,201.923272
