#{"t_start": 1544715599.9449246, "env_id": "BreakoutNoFrameskip-v4"}
r,l,t
1.0,150,41.190351
0.0,127,44.356031
4.0,278,71.550692
1.0,175,76.98721
0.0,125,80.588146
0.0,127,84.293478
2.0,202,89.941417
4.0,301,99.350233
0.0,129,103.254898
0.0,129,107.031316
1.0,173,112.278976
3.0,270,120.333755
0.0,125,124.065433
0.0,129,127.820273
2.0,221,134.816379
1.0,157,139.647817
1.0,171,145.168044
2.0,220,152.290483
2.0,202,158.79338
2.0,201,165.338345
3.0,270,174.161707
2.0,200,180.88355
2.0,224,188.236204
0.0,127,192.045872
0.0,127,195.828768
0.0,125,199.582448
0.0,129,203.370661
