explained_variance,policy_entropy,policy_loss,value_loss,P01:episode_rewards,grad_norm,advantage_norm,P09:episode_rewards,fps,frames,PMM:episode_rewards,episode_length,epoch_idx
-3.4093494498729706,1.3387480157613754,-0.07848211285345315,1.1152297122146002,0.0,30.634698983362338,5.0424614589847625,3.0,525,8000,1.275,167.8,1
-3.544897297024727,1.3853353559970856,-0.00048511062849684096,0.005285223494420279,0.0,0.08984671555419511,0.6657186917960644,3.0,318,16000,1.2159090909090908,170.35227272727272,2
-1.7858829814195634,1.3845287728309632,0.0003191828847047873,0.005705124787282329,0.0,0.0799061071055332,0.7387322355434298,4.0,359,24000,1.3,178.82,3
-1.8683009362220764,1.3843356025218965,4.0025811467785386e-05,0.0061172174931016345,0.0,0.07950656128780896,0.7567606364749372,4.0,386,32000,1.53,187.4,4
-0.9593963265419007,1.38494398355484,0.0008043110207654535,0.006999995001719981,0.0,0.08936267254891511,0.8471883334591985,5.0,401,40000,1.82,197.12,5
-3.5260758459568025,1.3855371701717376,-0.0007091006013797596,0.0055010930703951995,0.0,0.07634441070211734,0.7315030436590314,4.0,410,48000,1.72,193.22,6
-1.0501290303468704,1.3858653104305267,0.00032778124412288887,0.006427903470157616,0.0,0.08662869746657187,0.8012370032258331,4.0,417,56000,1.61,189.29,7
-5.132379633188248,1.3851166045665741,-0.0002608880384650547,0.004995140008937824,0.0,0.07082685829610826,0.648166153067723,3.1000000000000085,421,64000,1.45,184.6,8
-1.6370348834991455,1.3849501049518584,0.00015566297923214734,0.0061538996415401925,0.0,0.09663237474112778,0.8004713251441717,3.0,426,72000,1.4,183.72,9
