#{"t_start": 1544715599.3568707, "env_id": "BreakoutNoFrameskip-v4"}
r,l,t
0.0,129,41.32428
1.0,175,45.443439
2.0,198,51.106677
0.0,127,73.175527
0.0,125,76.862203
0.0,129,80.584027
0.0,129,84.33983
4.0,299,93.424969
0.0,129,97.018313
0.0,127,100.630118
0.0,129,104.494554
2.0,204,110.579499
0.0,127,114.671028
0.0,129,118.37238
0.0,129,122.10557
0.0,127,125.810019
0.0,129,129.678387
4.0,322,139.972901
0.0,129,143.634218
3.0,252,151.650113
0.0,125,155.535444
0.0,129,159.414423
0.0,127,163.547137
2.0,187,169.301701
2.0,222,177.065241
1.0,177,182.917617
0.0,127,187.065338
4.0,282,196.077372
0.0,127,200.02813
3.0,216,206.982291
