#{"t_start": 1544715595.5123851, "env_id": "BreakoutNoFrameskip-v4"}
r,l,t
0.0,129,45.189369
0.0,127,48.026275
0.0,125,51.269864
1.0,173,56.192142
0.0,129,78.205045
0.0,123,82.038697
2.0,204,88.118587
4.0,299,97.169607
0.0,129,100.777477
4.0,323,110.841115
0.0,129,114.596589
0.0,129,118.78926
1.0,155,123.28348
6.0,361,134.815493
1.0,173,139.843775
3.0,232,147.141357
0.0,129,150.992637
1.0,175,156.480251
0.0,129,160.54612
1.0,156,165.446293
0.0,129,169.30888
2.0,187,175.417787
0.0,127,179.548228
1.0,155,184.87413
4.0,294,195.018703
4.0,280,203.738781
0.0,129,207.650676
