#{"t_start": 1544715599.0921748, "env_id": "BreakoutNoFrameskip-v4"}
r,l,t
0.0,129,41.60438
0.0,127,44.444611
3.0,253,51.583668
0.0,129,73.75282
0.0,125,77.558691
1.0,171,82.758038
2.0,202,88.456276
1.0,173,93.602412
1.0,155,98.213453
0.0,127,101.7141
0.0,129,105.48351
2.0,201,111.679168
2.0,222,118.717737
1.0,177,123.916607
0.0,129,127.692965
1.0,155,132.637248
0.0,127,136.088013
3.0,267,144.649226
0.0,129,148.391456
6.0,417,162.502836
1.0,175,167.785989
1.0,173,173.532075
1.0,176,179.616439
0.0,125,183.579407
0.0,127,187.686427
3.0,247,195.597854
3.0,250,203.610613
1.0,173,209.231111
