#{"t_start": 1544715601.6496613, "env_id": "BreakoutNoFrameskip-v4"}
r,l,t
0.0,127,38.951378
0.0,127,41.834497
1.0,177,46.683559
2.0,198,70.899582
1.0,155,75.640519
0.0,127,79.393317
5.0,348,89.863482
1.0,173,94.969647
3.0,250,102.639043
0.0,127,106.26776
0.0,127,110.159332
8.0,347,121.023149
1.0,178,126.584346
0.0,125,130.379796
1.0,174,135.539581
0.0,127,139.361171
1.0,173,144.505272
0.0,125,148.348548
1.0,157,153.314481
1.0,175,158.884204
0.0,127,162.75739
2.0,224,170.090808
0.0,129,174.411717
0.0,127,178.602495
3.0,272,187.934281
3.0,232,195.072302
1.0,177,200.622874
2.0,202,207.187623
