#{"t_start": 1544715601.9876459, "env_id": "BreakoutNoFrameskip-v4"}
r,l,t
0.0,127,38.613558
0.0,129,41.549141
6.0,380,71.215619
4.0,323,81.344208
1.0,157,85.783189
1.0,173,91.008198
0.0,125,94.484769
4.0,302,103.801477
0.0,129,107.55601
0.0,127,111.639276
1.0,173,116.765611
3.0,272,125.122541
0.0,127,129.117917
1.0,173,134.228585
1.0,155,138.980668
0.0,125,142.591792
2.0,222,149.59954
0.0,129,153.680435
1.0,178,159.43225
2.0,222,166.374347
2.0,202,173.318469
1.0,173,179.240428
1.0,157,184.357933
0.0,129,188.665745
4.0,284,197.485258
