#{"t_start": 1544715602.009157, "env_id": "BreakoutNoFrameskip-v4"}
r,l,t
0.0,125,38.529972
2.0,201,43.418626
3.0,250,69.358225
2.0,222,76.20935
0.0,127,80.014178
5.0,352,90.518226
0.0,127,94.05114
10.0,448,108.234431
4.0,279,117.27579
4.0,282,125.993054
0.0,125,129.83861
0.0,127,133.273208
3.0,246,141.073619
1.0,175,146.438942
3.0,233,154.111195
1.0,170,159.615007
0.0,125,163.218801
0.0,129,167.149307
0.0,127,171.345999
3.0,252,180.096008
0.0,127,184.138329
1.0,155,189.315935
0.0,129,192.897267
1.0,177,198.41691
1.0,175,204.052185
