#{"t_start": 1544715597.8145676, "env_id": "BreakoutNoFrameskip-v4"}
r,l,t
2.0,202,44.619988
3.0,268,52.012012
0.0,127,74.060152
0.0,129,77.899195
1.0,171,83.17994
3.0,248,90.368603
0.0,125,94.000657
0.0,125,97.494715
2.0,200,103.611953
1.0,175,108.837398
0.0,129,112.635754
0.0,129,116.786187
3.0,248,124.251621
2.0,224,131.251961
2.0,200,137.251678
0.0,129,141.254221
0.0,127,144.893182
3.0,251,152.857008
1.0,157,157.907673
1.0,157,162.861084
2.0,224,169.956195
0.0,125,174.021272
0.0,125,178.173018
1.0,170,183.84077
3.0,270,193.170277
2.0,202,199.245119
2.0,202,205.667911
