#{"t_start": 1544715602.4919438, "env_id": "BreakoutNoFrameskip-v4"}
r,l,t
2.0,222,40.49224
0.0,125,43.590929
3.0,268,70.004894
1.0,155,74.761062
1.0,157,79.617005
3.0,246,86.63344
0.0,129,90.461394
3.0,248,97.829284
1.0,173,103.035118
0.0,127,106.740245
0.0,127,110.754416
2.0,222,117.534099
3.0,255,125.453089
0.0,129,129.478556
2.0,202,135.564838
1.0,155,140.146734
0.0,127,143.896242
1.0,171,149.314399
0.0,129,153.35731
3.0,252,161.657994
2.0,204,168.174535
3.0,253,176.994748
1.0,175,182.68857
1.0,174,188.633167
1.0,177,193.881907
1.0,153,198.503328
0.0,129,202.509879
