#{"t_start": 1544715602.2313004, "env_id": "BreakoutNoFrameskip-v4"}
r,l,t
0.0,127,38.366952
0.0,129,41.289207
0.0,129,44.685257
0.0,125,48.041649
2.0,222,73.216917
4.0,300,82.641519
3.0,252,90.049009
0.0,127,93.614871
0.0,129,97.389425
0.0,129,101.209622
1.0,175,106.390912
8.0,371,118.382073
0.0,127,122.050558
2.0,203,128.475101
0.0,129,132.034822
0.0,125,135.845561
1.0,159,140.541097
2.0,186,146.308966
1.0,155,151.22505
1.0,174,156.699194
1.0,175,162.286726
4.0,304,172.600418
1.0,174,178.574384
0.0,127,182.559018
0.0,127,186.649124
1.0,157,191.367873
2.0,199,197.659285
1.0,176,203.258681
