#{"t_start": 1544715602.4561105, "env_id": "BreakoutNoFrameskip-v4"}
r,l,t
3.0,270,41.812932
2.0,202,47.426988
0.0,127,69.476445
0.0,127,73.26331
0.0,127,76.956328
4.0,317,86.528684
0.0,129,90.406052
0.0,125,93.814613
2.0,223,100.742206
0.0,127,104.336563
1.0,177,109.940556
2.0,204,116.162084
1.0,173,121.363829
0.0,129,125.081274
4.0,284,134.029236
4.0,299,143.499501
0.0,129,147.446187
0.0,125,151.333834
0.0,125,155.025809
1.0,173,160.803966
1.0,173,166.007928
0.0,129,170.246796
1.0,176,176.305074
0.0,125,180.308171
2.0,205,187.27355
1.0,175,192.466647
2.0,201,198.778054
1.0,168,204.205325
