#{"t_start": 1544715601.922944, "env_id": "BreakoutNoFrameskip-v4"}
r,l,t
3.0,254,41.955372
2.0,223,48.12446
5.0,347,77.42891
3.0,268,85.545678
1.0,176,90.810086
2.0,224,97.488677
3.0,252,105.273731
1.0,157,110.143152
5.0,326,120.31955
9.0,403,133.148314
4.0,319,143.303917
6.0,414,157.08858
0.0,129,161.22464
3.0,270,170.04925
1.0,155,175.22146
4.0,319,186.325278
3.0,252,194.362674
0.0,125,198.108119
0.0,127,201.946543
