#{"t_start": 1544715601.719372, "env_id": "BreakoutNoFrameskip-v4"}
r,l,t
5.0,350,44.974114
0.0,129,48.443984
1.0,155,71.413489
9.0,403,84.013465
3.0,270,92.21587
6.0,401,104.733406
1.0,175,110.186068
2.0,201,116.437041
0.0,125,119.991814
0.0,129,123.737571
0.0,129,127.627093
2.0,201,133.707231
2.0,184,139.523197
3.0,253,147.389476
4.0,297,157.159735
0.0,123,161.102272
0.0,129,164.858531
2.0,190,171.200119
1.0,173,177.169752
3.0,252,185.660044
1.0,173,191.143436
0.0,127,194.924764
1.0,153,199.596422
