#{"t_start": 1544715602.4925785, "env_id": "BreakoutNoFrameskip-v4"}
r,l,t
2.0,202,39.949563
4.0,298,48.336702
10.0,433,80.554441
0.0,129,84.021586
0.0,123,87.486416
0.0,129,91.233967
4.0,298,100.426238
5.0,348,111.672448
2.0,198,117.595614
0.0,123,121.116933
2.0,200,127.406396
0.0,125,130.863405
0.0,125,134.647789
0.0,125,138.380728
2.0,188,144.134548
0.0,127,147.946222
1.0,157,152.960166
1.0,174,158.501679
5.0,311,168.775746
1.0,157,174.165023
0.0,129,178.35055
1.0,155,183.368979
1.0,178,189.235695
2.0,220,196.061064
0.0,125,199.777017
