frames,P09:episode_rewards,fps,policy_entropy,PMM:episode_rewards,epoch_idx,P01:episode_rewards,grad_norm,value_loss,episode_length,advantage_norm,explained_variance,policy_loss
8000,3.0,536,1.3405209541320802,1.125,1,0.0,22.557596568605103,0.6817113541704429,176.2,4.291971848178655,-2.028808661699295,-0.11522851059082313
16000,3.9000000000000057,323,1.3834923529624938,1.4268292682926829,2,0.0,0.10019797171761258,0.006498414409215911,185.0731707317073,0.7881393488310278,-2.308032160997391,-0.00036540836255881
24000,4.0,365,1.3841257035732268,1.54,3,0.0,0.08583334953856499,0.005860027468397675,189.87,0.7097494557127356,-8.929572097659111,0.0007430517993634567
32000,4.0,389,1.3855015587806703,1.56,4,0.0,0.08656551874048109,0.005821644262923655,191.92,0.7316681604459881,-2.4553038835525514,0.0005852804542519153
40000,4.0,405,1.3852618491649629,1.61,5,0.0,0.07593706086915311,0.005716370515906419,190.04,0.7412680253759026,-2.1382909566164017,0.0003557690291199833
48000,4.0,415,1.3842522525787353,1.64,6,0.0,0.08714472322055788,0.006549022824419808,190.18,0.7896618566662074,-2.5667017036676407,0.0003471991315018386
56000,4.0,422,1.3849440908432007,1.4,7,0.0,0.06919226732320848,0.00505051901255456,183.27,0.6545704161562026,-1.89953244805336,-0.0001293397011477282
64000,3.0,424,1.3839544188976287,1.15,8,0.0,0.07231237336168415,0.0052087530519008855,174.97,0.6779007591772824,-2.5154443323612212,0.00017078619421226904
72000,3.1000000000000085,428,1.384558951854706,1.38,9,0.0,0.0874025206790478,0.0058796170521554815,183.38,0.7428537864238024,-1.8755620074272157,0.0003578237566398457
