#{"t_start": 1544715593.5716183, "env_id": "BreakoutNoFrameskip-v4"}
r,l,t
2.0,183,48.55925
0.0,127,51.815348
0.0,125,55.335121
2.0,202,80.159732
2.0,224,87.565366
6.0,366,98.780256
1.0,173,104.209156
0.0,129,108.118729
1.0,177,113.648245
0.0,127,117.50943
3.0,251,125.588679
1.0,153,130.28036
3.0,270,138.997332
0.0,127,142.822393
0.0,129,146.856237
2.0,202,153.263773
0.0,129,157.179306
0.0,127,161.269454
1.0,157,166.737236
0.0,129,170.898217
2.0,202,177.749529
4.0,299,188.377891
2.0,202,195.261695
0.0,127,199.045838
5.0,370,211.875546
0.0,127,216.059333
