#{"t_start": 1544715592.382674, "env_id": "BreakoutNoFrameskip-v4"}
r,l,t
3.0,253,51.754403
1.0,175,56.756488
1.0,175,80.792605
1.0,173,86.09092
3.0,249,93.833078
0.0,127,97.348768
0.0,129,101.303111
2.0,204,107.721654
0.0,125,111.474766
0.0,129,115.556872
3.0,249,123.758498
1.0,171,128.82815
0.0,127,132.661912
1.0,171,138.122465
2.0,223,145.106833
0.0,127,149.031765
0.0,125,152.754839
2.0,200,159.291724
0.0,129,163.544368
2.0,226,171.30971
1.0,170,177.019628
0.0,129,181.276999
0.0,127,185.480237
0.0,129,189.813457
4.0,299,199.834611
0.0,127,203.849821
0.0,129,208.182845
2.0,202,215.019279
