#{"t_start": 1544715600.2812974, "env_id": "BreakoutNoFrameskip-v4"}
r,l,t
0.0,129,40.47483
2.0,202,45.721504
0.0,127,49.392779
0.0,127,71.929491
2.0,202,78.117368
8.0,353,89.055979
5.0,330,99.797662
3.0,270,108.630573
0.0,125,112.53784
6.0,377,124.701025
0.0,125,128.536116
3.0,232,135.862681
0.0,127,139.828791
6.0,397,153.068051
0.0,129,157.375492
0.0,129,161.665661
0.0,127,165.866812
1.0,175,171.69147
0.0,129,175.88492
0.0,127,180.222787
0.0,127,184.319783
0.0,129,188.520789
0.0,127,192.225599
0.0,129,196.410596
0.0,127,200.63902
0.0,129,204.626899
0.0,127,208.845176
