#{"t_start": 1544715601.796138, "env_id": "BreakoutNoFrameskip-v4"}
r,l,t
0.0,125,38.807988
0.0,125,41.81316
4.0,255,49.368274
0.0,127,71.79075
1.0,157,76.654319
2.0,185,82.602201
3.0,232,89.392055
3.0,250,97.316993
0.0,127,101.269039
2.0,220,108.258662
0.0,125,112.317299
2.0,206,118.543907
1.0,153,123.311857
0.0,125,127.138323
2.0,221,134.055902
5.0,348,145.640635
0.0,127,149.504016
3.0,251,158.329537
0.0,127,162.425761
1.0,157,167.6324
0.0,129,171.905513
1.0,155,177.232832
1.0,173,183.022059
2.0,202,189.676685
1.0,177,195.466019
3.0,272,204.842633
