#{"t_start": 1544715597.2637448, "env_id": "BreakoutNoFrameskip-v4"}
r,l,t
0.0,129,43.495064
4.0,325,52.687315
1.0,173,76.614925
4.0,264,85.448124
1.0,173,90.054276
1.0,174,95.496167
0.0,125,99.205641
2.0,202,105.635188
0.0,127,109.459706
0.0,129,113.435433
0.0,127,117.56362
2.0,198,123.494778
0.0,125,127.285764
0.0,129,131.277709
1.0,155,136.023413
0.0,127,139.876301
0.0,127,143.794276
0.0,125,147.473751
1.0,155,152.471681
3.0,228,160.233672
0.0,125,164.326468
3.0,230,172.205777
0.0,125,176.284723
2.0,223,184.118903
0.0,127,188.129339
1.0,176,193.972242
0.0,129,197.751325
0.0,127,202.152713
0.0,127,206.099597
1.0,157,211.418371
