#{"t_start": 1544715601.8501313, "env_id": "BreakoutNoFrameskip-v4"}
r,l,t
0.0,129,38.908739
0.0,127,41.981611
0.0,127,45.412638
1.0,173,50.264488
3.0,253,77.30701
2.0,219,84.08279
0.0,127,87.534206
0.0,125,91.412191
2.0,200,97.54517
1.0,155,102.399744
1.0,173,107.88085
0.0,127,112.040817
1.0,173,117.203747
0.0,127,120.955861
0.0,125,124.774926
2.0,198,131.070493
3.0,248,139.094759
1.0,171,144.402627
1.0,176,150.077593
0.0,129,154.468718
0.0,127,158.611514
4.0,293,168.618468
0.0,129,172.990596
1.0,155,178.353595
0.0,127,182.447866
0.0,123,186.364764
0.0,129,190.255932
0.0,127,194.231524
0.0,129,198.577756
4.0,302,209.062814
