#{"t_start": 1544715602.045615, "env_id": "BreakoutNoFrameskip-v4"}
r,l,t
0.0,127,38.62534
0.0,125,41.64378
1.0,175,46.635709
1.0,155,70.066753
4.0,304,80.025586
2.0,220,86.1615
1.0,175,91.664113
0.0,125,95.445846
0.0,125,99.265506
0.0,129,103.185193
5.0,331,114.237988
0.0,129,117.820746
2.0,184,123.692447
5.0,350,135.094522
3.0,228,142.300744
2.0,204,148.945322
0.0,127,153.089856
0.0,129,157.462467
0.0,127,161.530029
2.0,225,169.242887
2.0,186,175.61322
5.0,350,187.968675
0.0,125,191.654992
10.0,442,207.286615
