#{"t_start": 1544715602.2489812, "env_id": "BreakoutNoFrameskip-v4"}
r,l,t
1.0,177,39.746309
2.0,201,45.339638
0.0,125,48.820822
1.0,155,72.221623
1.0,173,77.710486
0.0,127,81.606427
2.0,200,87.22106
0.0,125,91.126755
0.0,129,94.954359
3.0,248,102.949733
0.0,125,106.761154
0.0,129,110.869514
4.0,301,120.334096
0.0,123,124.109903
3.0,271,132.768112
6.0,376,145.322387
0.0,129,149.285006
0.0,127,153.425233
0.0,129,157.755895
4.0,321,168.915293
0.0,127,173.132895
0.0,129,177.50137
2.0,189,183.791963
0.0,127,187.93674
1.0,153,192.52964
0.0,129,196.904907
1.0,157,201.941689
0.0,127,206.232186
