#{"t_start": 1544715598.6269088, "env_id": "BreakoutNoFrameskip-v4"}
r,l,t
1.0,155,42.836107
1.0,173,47.259058
3.0,230,73.17641
1.0,175,78.474755
1.0,155,83.504683
0.0,127,86.943555
1.0,175,91.959512
2.0,200,98.27668
0.0,127,102.068192
3.0,250,110.227491
0.0,129,114.303821
2.0,202,120.5519
1.0,155,125.308308
2.0,200,131.732556
0.0,129,135.45061
0.0,129,139.451144
4.0,299,149.363948
3.0,231,157.067758
0.0,129,161.375225
0.0,127,165.502739
0.0,129,169.644814
2.0,200,176.553916
0.0,129,180.877729
1.0,155,186.032857
1.0,157,191.187351
0.0,127,194.949878
0.0,127,199.153469
0.0,125,203.111875
2.0,225,210.826122
