#{"t_start": 1544715590.3757493, "env_id": "BreakoutNoFrameskip-v4"}
r,l,t
5.0,343,56.460401
4.0,282,83.92369
1.0,175,89.483124
0.0,129,93.448453
1.0,155,97.58729
2.0,203,103.997919
0.0,129,107.988766
1.0,175,113.33333
2.0,220,120.45858
1.0,173,126.118049
4.0,318,136.162854
1.0,177,141.697794
0.0,127,145.509186
0.0,129,149.56031
5.0,349,161.070874
6.0,399,175.286738
1.0,154,180.300206
0.0,127,184.592146
10.0,459,200.780996
5.0,345,212.57501
0.0,125,216.69896
0.0,129,220.921078
