#{"t_start": 1544715594.6087546, "env_id": "BreakoutNoFrameskip-v4"}
r,l,t
2.0,224,48.639026
1.0,155,53.060169
0.0,125,56.501016
6.0,378,87.803468
1.0,173,92.429737
0.0,129,96.276987
2.0,208,102.863113
2.0,200,109.138375
2.0,199,115.509152
6.0,401,128.613143
2.0,222,135.837106
2.0,202,142.197289
0.0,129,146.169004
1.0,177,151.697176
0.0,125,155.555623
2.0,223,163.230965
0.0,125,167.323673
1.0,153,172.477095
1.0,157,177.638482
3.0,244,186.262072
1.0,157,191.369468
3.0,250,199.585031
3.0,248,208.076832
2.0,202,215.029273
