#{"t_start": 1544715591.4811535, "env_id": "BreakoutNoFrameskip-v4"}
r,l,t
0.0,129,49.272482
1.0,176,53.749161
2.0,185,59.189177
2.0,224,84.979415
1.0,153,89.918136
3.0,270,97.726468
1.0,151,102.426979
1.0,174,107.788889
2.0,204,114.335382
1.0,157,119.301178
3.0,268,127.890191
5.0,329,138.732157
2.0,204,145.071497
0.0,129,149.080669
2.0,222,156.234507
0.0,127,160.128744
3.0,273,169.712173
2.0,201,176.505155
1.0,174,182.458595
5.0,349,194.76423
0.0,129,198.92749
2.0,201,205.480526
0.0,125,209.568679
0.0,129,213.593442
