#{"t_start": 1544715594.7209458, "env_id": "BreakoutNoFrameskip-v4"}
r,l,t
4.0,283,50.289154
1.0,173,55.345962
1.0,174,79.286803
0.0,127,83.169259
1.0,154,88.222131
0.0,127,91.461683
2.0,222,98.305683
0.0,129,102.151802
2.0,221,109.154738
0.0,127,113.159216
0.0,127,116.955068
1.0,157,122.047721
1.0,157,126.681742
0.0,125,130.469415
0.0,127,134.325357
1.0,172,139.559649
1.0,173,145.172898
2.0,222,152.265005
0.0,125,156.045924
0.0,127,160.144207
2.0,183,166.511454
0.0,127,170.617476
1.0,173,176.359278
1.0,170,182.116355
0.0,127,186.483068
1.0,157,191.635115
2.0,198,198.142138
0.0,129,202.24011
4.0,297,212.527187
0.0,129,216.756921
