#{"t_start": 1544715600.4263508, "env_id": "BreakoutNoFrameskip-v4"}
r,l,t
3.0,275,44.347271
0.0,127,47.925458
1.0,155,71.324172
2.0,204,77.612477
1.0,157,82.70449
1.0,175,87.374439
1.0,155,92.176441
0.0,125,95.929431
3.0,230,103.234973
0.0,129,107.248193
2.0,222,114.635077
1.0,157,119.134948
10.0,452,133.978396
1.0,155,138.993068
0.0,129,142.923867
0.0,127,146.750275
1.0,157,151.734533
0.0,129,156.092696
0.0,125,160.185947
0.0,129,164.246207
6.0,359,176.808712
0.0,127,181.248442
1.0,173,187.023479
2.0,224,194.235094
0.0,129,198.531894
0.0,125,202.487263
1.0,155,207.752404
0.0,125,211.806401
