#{"t_start": 1544715602.008269, "env_id": "BreakoutNoFrameskip-v4"}
r,l,t
1.0,173,39.897719
0.0,127,43.09369
2.0,183,48.491021
3.0,232,74.501006
0.0,127,78.407104
0.0,125,82.154043
0.0,127,85.390844
2.0,182,91.128441
3.0,253,99.22876
1.0,153,103.903131
1.0,173,109.336724
1.0,155,114.432545
0.0,127,117.949017
0.0,125,121.734933
1.0,157,126.686945
2.0,200,132.856588
0.0,125,136.779969
2.0,202,143.140918
2.0,200,149.673119
0.0,127,153.858826
0.0,127,158.075885
0.0,125,162.14426
0.0,129,166.278668
4.0,278,176.080361
1.0,173,181.991951
0.0,125,185.985835
5.0,346,197.807143
2.0,225,205.464863
0.0,127,209.593847
