#{"t_start": 1544715601.1577191, "env_id": "BreakoutNoFrameskip-v4"}
r,l,t
0.0,125,39.515606
0.0,127,42.672831
1.0,172,47.594499
0.0,127,50.890785
1.0,172,74.792938
0.0,129,77.636006
1.0,175,83.313161
2.0,201,89.244941
2.0,201,95.335223
0.0,125,98.913052
0.0,127,102.818085
0.0,129,106.567107
7.0,263,115.077773
0.0,125,118.75966
0.0,127,122.742586
0.0,125,126.544022
1.0,153,131.18773
1.0,173,136.714478
1.0,176,142.422889
3.0,253,150.438292
4.0,261,158.843567
0.0,127,162.811677
1.0,173,168.371047
0.0,125,172.425681
3.0,227,180.216271
0.0,127,184.255543
0.0,127,188.131239
1.0,173,193.562276
0.0,129,197.491461
0.0,127,201.401464
1.0,177,207.342895
