#{"t_start": 1544715596.3522124, "env_id": "BreakoutNoFrameskip-v4"}
r,l,t
0.0,129,44.461147
1.0,174,48.956099
1.0,158,53.45331
3.0,234,79.159067
0.0,127,82.075368
0.0,127,86.074626
2.0,205,91.849121
1.0,175,97.211608
0.0,127,101.056642
1.0,157,105.828151
0.0,127,109.67246
2.0,201,115.89421
1.0,174,121.177542
0.0,127,125.101935
9.0,466,140.436632
3.0,252,148.716786
2.0,204,155.315027
0.0,125,159.113253
2.0,223,166.149924
2.0,220,173.460282
1.0,155,178.498482
2.0,199,185.434683
1.0,176,191.07841
0.0,125,194.974128
0.0,129,198.794582
1.0,173,204.342147
0.0,129,208.231509
