#{"t_start": 1544715595.646294, "env_id": "BreakoutNoFrameskip-v4"}
r,l,t
0.0,127,45.101767
1.0,153,49.010724
0.0,127,52.494864
2.0,224,77.62224
2.0,220,83.609873
1.0,175,89.304165
0.0,127,92.481417
0.0,125,96.405195
3.0,250,104.086108
2.0,200,110.45229
0.0,129,114.143129
0.0,127,118.104237
0.0,127,121.706876
0.0,129,125.722935
0.0,125,129.608354
0.0,129,133.550385
0.0,129,137.416105
0.0,129,141.234796
1.0,173,146.896831
0.0,127,150.721324
0.0,125,154.480623
3.0,270,163.211332
5.0,326,174.131262
1.0,155,179.145931
1.0,175,185.153838
2.0,224,192.629061
0.0,127,196.519765
0.0,123,200.118086
5.0,352,212.172801
