#{"t_start": 1544715601.9849982, "env_id": "BreakoutNoFrameskip-v4"}
r,l,t
2.0,200,40.8103
1.0,155,45.023165
0.0,127,48.483951
3.0,230,74.080816
1.0,174,78.615405
10.0,446,92.561181
5.0,330,103.254754
0.0,125,106.865745
2.0,187,112.791063
0.0,127,116.600881
7.0,425,130.625675
4.0,301,140.560529
1.0,153,145.311879
1.0,155,150.131032
12.0,425,164.199892
1.0,155,169.30054
2.0,200,175.771287
0.0,127,180.270943
3.0,250,188.528716
4.0,297,198.161865
0.0,129,202.040316
