#{"t_start": 1544715601.9729462, "env_id": "BreakoutNoFrameskip-v4"}
r,l,t
0.0,127,38.771496
3.0,250,45.707422
0.0,125,49.201116
1.0,177,72.939804
1.0,175,77.391426
1.0,171,82.924088
0.0,127,86.109939
0.0,125,89.993906
2.0,207,96.419156
2.0,204,102.755504
1.0,175,108.066459
0.0,129,112.062646
0.0,129,115.779247
0.0,127,119.6772
0.0,129,123.689285
0.0,129,127.652837
0.0,127,131.404123
2.0,201,137.904433
1.0,178,143.455514
4.0,296,153.191188
3.0,254,161.406672
0.0,129,165.48734
3.0,244,173.61244
2.0,201,180.682603
1.0,173,186.117516
0.0,127,190.054038
0.0,127,193.803738
0.0,125,197.692488
4.0,277,207.060457
