#{"t_start": 1544715602.2023911, "env_id": "BreakoutNoFrameskip-v4"}
r,l,t
2.0,184,40.123622
0.0,129,43.410747
1.0,176,48.530367
4.0,301,75.751517
0.0,127,79.567728
6.0,373,90.961141
2.0,200,97.178968
0.0,125,101.033681
0.0,127,104.719687
1.0,173,110.14775
1.0,155,114.846887
0.0,127,118.692363
3.0,233,126.295946
0.0,127,130.035934
1.0,173,135.518858
1.0,155,140.474458
1.0,155,145.225981
0.0,129,149.14652
1.0,175,154.639541
2.0,202,161.080661
2.0,201,167.651386
0.0,129,171.796084
0.0,129,175.753859
10.0,468,191.9234
0.0,127,195.789907
5.0,352,207.789958
