#{"t_start": 1544715594.9494643, "env_id": "BreakoutNoFrameskip-v4"}
r,l,t
2.0,202,47.916558
4.0,321,57.109818
3.0,235,82.652693
2.0,206,88.780633
2.0,201,94.672824
3.0,250,102.543478
2.0,227,109.620488
0.0,129,113.407636
0.0,127,117.254825
3.0,270,125.90216
2.0,201,132.34544
5.0,350,143.853646
0.0,125,147.781149
0.0,127,151.56581
1.0,174,157.025069
0.0,129,160.93541
1.0,176,166.400343
4.0,299,176.542824
0.0,125,180.458962
1.0,173,186.394436
1.0,173,192.022937
0.0,129,196.059664
2.0,218,202.800195
4.0,304,213.249755
