#{"t_start": 1544715600.1202123, "env_id": "BreakoutNoFrameskip-v4"}
r,l,t
2.0,202,42.733564
2.0,204,48.493777
3.0,268,75.118453
2.0,189,80.135251
1.0,155,85.047245
0.0,129,88.258671
2.0,200,94.47313
1.0,153,99.113015
2.0,203,105.560769
0.0,127,109.207522
2.0,188,115.243266
0.0,127,118.956963
0.0,125,122.762386
0.0,125,126.598633
0.0,125,130.426805
0.0,129,134.20371
0.0,129,138.308511
3.0,250,146.449138
0.0,129,150.270613
3.0,251,158.33267
3.0,253,166.748494
0.0,125,170.603359
1.0,173,176.308783
0.0,127,180.534104
1.0,155,185.650388
3.0,274,194.548295
0.0,129,198.472525
0.0,125,202.298967
2.0,204,209.183776
