#{"t_start": 1544715595.6882648, "env_id": "BreakoutNoFrameskip-v4"}
r,l,t
8.0,439,54.285391
0.0,127,76.614941
0.0,127,80.226897
3.0,275,88.163982
0.0,127,91.598625
1.0,153,96.238286
2.0,220,103.02785
4.0,305,112.727853
0.0,127,116.594737
0.0,129,120.459219
0.0,125,124.083627
0.0,127,128.139486
0.0,129,132.095513
1.0,158,136.901224
0.0,125,140.569584
1.0,173,146.230511
1.0,155,151.144729
0.0,129,154.900877
3.0,274,163.837876
0.0,127,167.781994
0.0,125,171.710804
2.0,202,178.365476
0.0,129,182.338613
1.0,155,187.893938
3.0,252,196.045577
0.0,127,199.774812
0.0,127,203.715136
1.0,155,208.601185
0.0,127,212.81275
