#{"t_start": 1544715594.5371084, "env_id": "BreakoutNoFrameskip-v4"}
r,l,t
1.0,151,46.874547
1.0,173,51.382977
2.0,183,56.789071
0.0,125,78.779087
0.0,129,82.539433
0.0,125,85.519606
1.0,155,90.444366
0.0,127,93.644008
1.0,173,98.910607
2.0,222,105.853408
0.0,127,109.729648
1.0,175,115.05979
2.0,199,121.408517
0.0,129,125.142895
0.0,127,129.165052
0.0,125,132.949189
4.0,299,142.666229
0.0,129,146.605015
1.0,173,152.174697
0.0,125,155.871445
2.0,221,162.937529
1.0,151,167.485831
1.0,171,173.223524
2.0,200,179.76215
0.0,127,183.730704
0.0,127,188.293622
3.0,252,196.512048
3.0,252,204.494022
0.0,129,208.520785
2.0,202,215.256934
