#{"t_start": 1544715594.2867243, "env_id": "BreakoutNoFrameskip-v4"}
r,l,t
0.0,123,46.321504
0.0,129,49.559761
2.0,200,55.188531
2.0,202,79.620051
4.0,281,88.135418
0.0,127,91.723745
0.0,129,95.22617
0.0,127,98.880524
1.0,157,103.76022
3.0,248,111.618932
1.0,171,116.789172
2.0,204,123.107596
1.0,155,128.050367
3.0,271,136.787939
0.0,125,140.512873
1.0,155,145.495363
1.0,173,150.862904
0.0,129,154.934676
1.0,155,159.550267
3.0,272,168.428487
1.0,153,173.495811
3.0,252,181.84111
0.0,127,186.15891
0.0,127,190.322704
4.0,281,199.352738
2.0,201,205.887738
2.0,198,212.33384
