#{"t_start": 1544715595.602257, "env_id": "BreakoutNoFrameskip-v4"}
r,l,t
0.0,125,45.086631
4.0,280,52.969393
0.0,127,56.338661
0.0,129,78.626412
2.0,224,84.926049
1.0,176,90.363362
0.0,129,93.870791
1.0,175,99.156019
0.0,127,102.985472
2.0,222,109.970818
2.0,203,116.261119
2.0,223,123.319909
0.0,129,127.241029
0.0,129,131.239299
1.0,153,135.890007
2.0,226,143.268588
2.0,202,149.626862
4.0,280,158.790767
1.0,171,164.155053
1.0,175,169.671836
1.0,174,175.361997
0.0,127,179.437719
0.0,129,183.625832
0.0,129,188.06432
1.0,177,193.608825
3.0,232,200.980452
1.0,157,206.042194
2.0,201,212.750973
