#{"t_start": 1544715602.08146, "env_id": "BreakoutNoFrameskip-v4"}
r,l,t
0.0,127,38.662853
1.0,153,42.564338
0.0,127,46.059243
2.0,222,71.116326
0.0,127,74.888564
1.0,173,79.562826
0.0,127,83.366554
1.0,173,88.354764
0.0,129,91.947511
3.0,251,99.94579
4.0,299,109.4875
0.0,127,113.397375
0.0,127,117.095264
1.0,159,122.190887
0.0,127,126.036677
0.0,129,129.807539
1.0,157,134.620132
5.0,330,145.626766
1.0,155,150.392563
2.0,225,157.678589
1.0,173,163.114006
1.0,173,168.803779
0.0,127,172.829787
0.0,129,176.988989
0.0,123,181.260812
1.0,155,186.062542
0.0,129,190.027678
4.0,321,200.552247
2.0,198,207.18241
