P09:episode_rewards,frames,P01:episode_rewards,PMM:episode_rewards,grad_norm,epoch_idx,advantage_norm,policy_entropy,value_loss,fps,explained_variance,episode_length,policy_loss
2.0,8000,0.0,1.0888888888888888,49.087800985512885,1,5.221990931360051,1.3465302853286267,2.376927435996813,534,-4.925639647245407,168.77777777777777,-0.12085801507346332
3.0,16000,0.0,1.1505376344086022,0.11880851079100208,2,0.6824165141023696,1.3830235314369201,0.005239699880278294,323,-7.149662314653397,172.95698924731184,-0.00034975726100583415
3.0,24000,0.0,1.33,0.11081523387225906,3,0.7712582321604714,1.385370022058487,0.006237822366857984,364,-3.64398339509964,180.45,0.0007904913349193521
3.0,32000,0.0,1.26,0.08795959838159643,4,0.6050643237959593,1.3859580898284911,0.0045101042454825805,387,-11.060146737098695,175.35,-0.000458976465233718
3.0,40000,0.0,1.06,0.08419521926075893,5,0.6617408318631351,1.386125693321228,0.004911495897049463,401,-6.702256713509559,167.93,-0.0003491447681608406
3.0,48000,0.0,1.12,0.0915714157407057,6,0.7619635904300958,1.3854656779766084,0.005902693430648469,410,-4.0519278824329374,171.75,-0.00027927401428314626
4.0,56000,0.0,1.62,0.09955039802543869,7,0.7588382254168391,1.3847437405586243,0.006166832118592538,416,-2.1828880590200423,190.78,0.00023428818079992197
3.0,64000,0.0,1.36,0.09797082740377835,8,0.685413381094113,1.384987988471985,0.005418170752533342,420,-2.033539696931839,179.77,0.00010767767642391846
3.0,72000,0.0,1.18,0.08673683695007188,9,0.7191060960479081,1.3846815574169158,0.005636845956908019,424,-6.885424337983132,173.67,-8.551126913516782e-05
