#{"t_start": 1544715597.6937492, "env_id": "BreakoutNoFrameskip-v4"}
r,l,t
1.0,173,44.483039
0.0,127,47.531096
0.0,129,50.076006
1.0,157,72.792988
0.0,127,74.572944
0.0,127,76.864519
0.0,129,79.227084
3.0,250,84.545138
0.0,127,86.702548
2.0,200,90.865076
0.0,129,93.238154
0.0,127,95.520601
3.0,272,100.409571
0.0,127,102.643175
3.0,236,107.177051
4.0,299,112.921197
1.0,172,115.558079
0.0,125,117.521805
5.0,348,125.437349
2.0,200,129.117185
2.0,200,132.422736
3.0,233,136.638847
1.0,153,139.255879
0.0,129,141.31115
6.0,380,147.981522
0.0,127,150.168357
1.0,154,152.960723
0.0,127,154.884683
3.0,249,158.999985
0.0,123,161.034269
0.0,129,163.131604
2.0,202,166.581085
9.0,406,173.757486
0.0,123,175.391659
0.0,129,177.404928
0.0,129,179.421047
0.0,127,181.211163
0.0,127,183.066007
2.0,218,186.268958
3.0,250,189.996847
0.0,127,191.873956
2.0,203,195.416063
1.0,155,198.301527
2.0,202,201.533188
0.0,125,203.624909
1.0,157,206.420975
2.0,202,209.245723
2.0,200,212.27124
