#{"t_start": 1544715594.9810843, "env_id": "BreakoutNoFrameskip-v4"}
r,l,t
1.0,173,47.199146
0.0,127,50.262338
3.0,230,55.430138
0.0,127,76.407495
1.0,157,79.401444
2.0,200,83.597649
5.0,346,90.143419
3.0,252,95.43376
4.0,289,101.119335
1.0,175,103.919243
2.0,201,107.818308
1.0,173,110.94862
0.0,127,113.147355
1.0,157,116.234803
1.0,173,118.687157
0.0,125,121.225059
4.0,281,127.262152
2.0,223,131.416911
2.0,204,134.898257
11.0,464,143.337949
0.0,127,145.586629
1.0,175,148.263428
0.0,127,150.447649
2.0,184,153.787846
3.0,250,158.067048
5.0,311,163.451873
0.0,129,165.41147
3.0,249,169.87179
0.0,127,171.740786
3.0,267,176.431822
2.0,224,179.875928
2.0,220,183.247481
0.0,127,185.122077
0.0,129,187.066763
8.0,476,194.320436
0.0,127,196.393371
2.0,205,200.061282
3.0,272,204.818503
4.0,299,210.093302
0.0,125,211.729676
