#{"t_start": 1544715594.952468, "env_id": "BreakoutNoFrameskip-v4"}
r,l,t
0.0,127,45.960378
1.0,155,49.814895
0.0,125,52.344017
1.0,153,75.281381
1.0,175,77.753212
3.0,252,83.015784
0.0,129,85.864457
0.0,129,87.745687
0.0,127,89.878863
1.0,157,93.183697
1.0,155,96.151736
2.0,228,100.702679
1.0,172,103.31671
2.0,203,107.201983
2.0,188,110.685433
0.0,129,112.816523
0.0,129,115.343278
1.0,157,117.777733
0.0,127,119.662114
0.0,127,122.693234
0.0,125,125.095402
0.0,129,127.667868
1.0,175,130.77777
0.0,127,133.052168
2.0,199,136.424762
4.0,260,141.119548
0.0,127,143.041347
0.0,123,145.199908
1.0,175,147.947825
3.0,231,151.980207
0.0,127,154.402599
1.0,177,157.143332
0.0,129,159.477474
1.0,157,161.791511
4.0,279,166.938257
0.0,127,168.836062
4.0,301,174.122299
0.0,127,176.071224
0.0,129,177.900113
1.0,155,180.316922
0.0,127,182.263394
2.0,200,185.218056
0.0,127,187.125842
0.0,125,188.818607
1.0,155,191.120891
1.0,174,193.54883
5.0,346,199.656315
4.0,301,205.002697
2.0,222,209.01045
3.0,273,212.99474
1.0,157,215.415955
