#{"t_start": 1544715601.7617013, "env_id": "BreakoutNoFrameskip-v4"}
r,l,t
2.0,202,41.209655
1.0,157,44.77017
0.0,129,47.40339
2.0,202,70.302113
1.0,174,73.654603
4.0,322,80.392172
2.0,224,84.626905
2.0,224,89.199798
2.0,202,93.290602
1.0,176,96.030054
0.0,127,98.155484
0.0,129,100.578992
0.0,125,102.860489
2.0,217,106.729261
0.0,127,109.221339
2.0,218,112.487226
3.0,238,117.838889
1.0,171,121.317196
1.0,175,124.34824
1.0,153,127.044802
3.0,250,131.420411
0.0,127,133.802814
2.0,223,137.425741
1.0,173,140.307099
1.0,157,142.870946
0.0,129,144.978284
1.0,173,148.327181
0.0,129,150.107307
2.0,203,153.605141
3.0,250,157.791625
0.0,125,160.205526
3.0,230,164.005955
0.0,127,166.178356
3.0,250,170.111281
0.0,127,171.820827
1.0,156,174.461612
4.0,281,178.760138
2.0,200,181.794447
3.0,253,185.48753
2.0,201,188.508021
4.0,301,194.34116
0.0,127,196.257134
0.0,129,198.325883
1.0,176,201.398179
1.0,155,203.845168
1.0,173,206.185859
1.0,158,208.633255
