#{"t_start": 1544715593.84654, "env_id": "BreakoutNoFrameskip-v4"}
r,l,t
1.0,155,47.847767
2.0,202,52.622557
1.0,175,56.634262
2.0,222,79.561911
0.0,127,81.895818
2.0,200,86.218898
1.0,172,89.313139
7.0,328,95.845178
0.0,127,98.344299
1.0,173,101.745038
0.0,129,103.67597
0.0,125,105.773964
1.0,153,108.635016
4.0,299,114.209867
2.0,202,118.019073
0.0,127,119.742889
0.0,129,122.300009
1.0,176,126.026945
0.0,127,128.617486
0.0,125,130.681624
1.0,175,133.978964
2.0,223,137.781283
1.0,175,140.917263
0.0,127,142.991083
2.0,199,146.412071
0.0,127,148.304866
0.0,127,150.26148
2.0,222,154.398208
1.0,157,157.077594
5.0,369,163.320131
0.0,125,165.360617
1.0,173,168.580559
1.0,173,171.406301
0.0,129,173.463559
0.0,125,175.456533
5.0,312,180.448428
0.0,129,182.452945
3.0,222,185.788056
3.0,247,189.590682
1.0,170,192.108791
1.0,153,194.206453
2.0,204,197.489219
1.0,173,200.520386
2.0,200,204.0883
3.0,229,208.122063
0.0,129,210.306352
1.0,175,212.700089
1.0,175,215.3441
