#{"t_start": 1544715596.6284153, "env_id": "BreakoutNoFrameskip-v4"}
r,l,t
1.0,157,45.135628
0.0,125,48.139399
2.0,198,52.299763
0.0,129,74.131303
3.0,250,78.712713
2.0,222,83.437034
1.0,173,86.618972
2.0,222,90.842066
2.0,202,94.83972
4.0,284,100.258242
1.0,155,102.910361
2.0,201,106.770201
1.0,155,109.456965
3.0,274,114.791545
0.0,129,116.562916
1.0,174,120.065631
2.0,219,124.733192
2.0,220,128.808597
2.0,185,132.088463
1.0,155,134.748245
1.0,157,137.388648
0.0,127,139.600837
0.0,127,141.566216
1.0,174,144.64426
2.0,200,147.834953
0.0,129,149.883951
0.0,129,152.376377
2.0,224,156.204586
2.0,203,159.490017
1.0,173,162.352266
0.0,129,164.699811
0.0,129,166.722323
0.0,127,168.809447
4.0,290,173.692491
3.0,251,177.701601
0.0,129,179.696921
0.0,125,181.408993
2.0,202,184.563176
0.0,125,186.371237
7.0,324,191.222731
1.0,178,193.863839
1.0,171,197.006588
0.0,125,199.298057
1.0,157,201.78446
0.0,127,203.817906
1.0,171,206.790756
0.0,129,208.781059
0.0,125,210.384317
3.0,231,214.026676
