#{"t_start": 1544715602.3553026, "env_id": "BreakoutNoFrameskip-v4"}
r,l,t
4.0,266,42.352874
2.0,219,47.083558
1.0,175,69.310368
0.0,127,71.748701
0.0,129,73.985853
0.0,127,76.896789
0.0,127,79.288147
3.0,250,83.894803
9.0,404,92.457914
2.0,203,95.665256
3.0,273,100.926992
1.0,177,103.998996
1.0,171,107.386726
3.0,248,111.369071
1.0,174,115.14424
1.0,155,118.279667
0.0,129,120.912734
0.0,123,122.772657
2.0,224,126.864239
1.0,173,129.792561
1.0,153,132.596269
2.0,198,135.80069
2.0,224,139.673068
0.0,127,141.539346
0.0,125,143.742831
1.0,153,146.577459
3.0,252,150.902534
3.0,271,155.330575
2.0,202,159.077272
0.0,129,161.117871
3.0,248,165.483531
4.0,300,170.223962
1.0,172,172.974637
2.0,220,176.353765
0.0,127,178.199315
1.0,157,180.541234
1.0,173,183.149963
2.0,204,185.970507
2.0,202,189.37462
2.0,206,192.988672
0.0,127,195.241778
3.0,251,199.545965
1.0,169,202.3852
2.0,202,205.176914
2.0,220,208.727881
