#{"t_start": 1544715602.3480465, "env_id": "BreakoutNoFrameskip-v4"}
r,l,t
0.0,127,38.539724
0.0,129,41.592865
1.0,172,45.401824
10.0,476,74.118652
2.0,199,78.689338
1.0,158,81.3104
0.0,129,83.531064
0.0,125,86.131201
1.0,155,88.976359
1.0,173,92.58085
3.0,254,96.731313
1.0,175,100.067039
0.0,129,102.388667
1.0,157,105.082821
2.0,221,109.360305
3.0,250,113.725878
0.0,125,116.493395
1.0,171,119.841109
0.0,127,122.008267
2.0,198,125.737276
2.0,183,128.832958
1.0,171,131.763606
0.0,129,133.987777
0.0,127,135.952663
0.0,125,138.170042
0.0,129,140.055931
0.0,127,142.061222
3.0,248,146.72134
0.0,129,148.759642
3.0,232,152.767198
0.0,125,154.594191
1.0,151,157.064315
0.0,129,159.509914
2.0,202,162.858075
1.0,178,165.873471
1.0,174,168.589229
0.0,129,170.434387
0.0,127,172.35739
3.0,229,175.915373
2.0,206,179.082495
2.0,202,182.07079
7.0,324,187.017011
3.0,276,191.872408
2.0,208,195.621497
1.0,175,198.539929
0.0,123,200.659717
0.0,129,202.642628
5.0,350,207.981206
