#{"t_start": 1544715589.301455, "env_id": "BreakoutNoFrameskip-v4"}
r,l,t
2.0,203,53.707009
0.0,127,56.631086
0.0,127,59.13922
3.0,274,83.543641
2.0,186,87.11468
1.0,174,91.092037
0.0,129,93.192335
0.0,127,95.331863
1.0,173,98.95976
0.0,129,101.424167
1.0,173,104.631812
5.0,349,110.994282
3.0,272,116.257694
0.0,127,118.370153
2.0,219,122.566416
4.0,279,127.755209
1.0,172,131.392995
0.0,127,133.830984
2.0,227,138.159015
1.0,156,140.501228
4.0,301,146.145176
2.0,224,149.834072
1.0,174,152.729677
0.0,127,154.593115
4.0,302,160.400273
0.0,129,162.227496
3.0,269,166.893557
1.0,178,169.837509
1.0,170,173.022086
1.0,173,175.800485
1.0,154,178.418348
0.0,129,180.400313
2.0,202,183.48101
1.0,171,186.251801
3.0,270,190.393741
1.0,175,193.050865
0.0,129,194.85033
5.0,324,199.679964
1.0,174,202.737248
3.0,218,206.79651
1.0,177,209.540962
1.0,155,212.185991
1.0,176,215.239305
0.0,127,216.94863
3.0,253,220.818884
