#{"t_start": 1544715602.4729679, "env_id": "BreakoutNoFrameskip-v4"}
r,l,t
1.0,155,39.214629
1.0,173,43.402317
1.0,173,47.01373
2.0,224,70.291954
0.0,127,72.737045
0.0,123,75.074082
4.0,317,81.488068
2.0,183,84.968282
1.0,176,88.535528
1.0,173,91.834646
2.0,224,95.663856
0.0,125,97.863528
0.0,127,100.256685
2.0,224,104.254634
1.0,155,107.339858
1.0,173,110.089916
0.0,127,111.960386
0.0,127,114.855284
2.0,222,119.400498
3.0,252,124.291173
2.0,206,127.729098
4.0,280,133.002866
1.0,155,135.372834
0.0,125,137.515442
2.0,220,141.05282
0.0,125,143.226972
0.0,129,145.460075
1.0,173,148.500961
2.0,204,152.046615
0.0,125,153.805057
1.0,176,156.707268
0.0,125,159.049695
1.0,176,161.756211
1.0,173,164.732402
0.0,125,166.790506
5.0,331,172.0741
0.0,123,173.997288
0.0,127,175.75498
0.0,127,177.630027
3.0,256,181.564431
3.0,270,185.553636
3.0,270,190.284663
3.0,232,194.584667
1.0,174,197.202047
2.0,183,200.464442
0.0,129,202.449347
4.0,291,206.835708
