#{"t_start": 1544715602.438879, "env_id": "BreakoutNoFrameskip-v4"}
r,l,t
0.0,127,38.451289
1.0,177,42.907811
0.0,129,45.435074
1.0,153,68.048102
1.0,171,70.705624
0.0,129,73.142704
1.0,155,76.436728
0.0,127,78.962074
5.0,332,85.237226
2.0,198,89.280561
1.0,155,92.410642
0.0,127,94.294854
1.0,157,96.917768
0.0,129,99.338915
3.0,230,103.558871
3.0,250,108.421484
2.0,202,111.443316
2.0,227,116.529535
2.0,224,121.139135
4.0,283,126.164594
0.0,127,128.233312
2.0,200,131.786577
1.0,157,134.487072
0.0,125,136.459332
1.0,173,139.364665
0.0,125,141.228103
0.0,127,143.434904
1.0,157,146.329937
3.0,271,151.157191
0.0,127,152.976469
0.0,127,154.911648
2.0,207,158.670361
2.0,201,161.999667
2.0,220,165.874435
1.0,178,168.705535
4.0,299,173.429124
1.0,159,175.737895
0.0,129,177.664124
2.0,223,181.077817
0.0,127,182.957005
0.0,125,184.562941
0.0,125,186.310999
2.0,206,189.887457
2.0,206,193.768561
1.0,174,196.434448
2.0,200,200.021617
3.0,271,204.195785
3.0,253,208.151365
