#{"t_start": 1544715600.1988473, "env_id": "BreakoutNoFrameskip-v4"}
r,l,t
0.0,127,40.690993
2.0,223,46.132076
1.0,178,50.131385
1.0,175,72.153869
0.0,127,74.487858
0.0,129,76.850889
1.0,172,80.839709
4.0,280,85.812422
0.0,125,88.439364
3.0,250,93.281818
2.0,224,97.321052
0.0,127,99.460411
1.0,170,102.64312
0.0,127,104.903919
3.0,249,109.71013
2.0,201,112.862134
1.0,155,115.747627
1.0,173,119.493179
1.0,155,122.639589
1.0,175,125.73657
0.0,127,127.965387
2.0,202,131.426372
0.0,127,133.563201
0.0,127,135.770847
0.0,123,137.624263
0.0,127,139.839384
0.0,127,141.774286
2.0,188,144.988854
1.0,153,147.614701
3.0,270,152.419862
1.0,178,155.328166
0.0,127,157.25996
2.0,221,161.377261
0.0,129,163.355473
4.0,282,168.316194
2.0,183,171.183855
0.0,127,172.928708
1.0,173,175.774718
1.0,176,178.378295
4.0,300,183.031475
3.0,254,186.733709
0.0,127,188.524327
0.0,129,190.458358
1.0,173,193.651008
0.0,127,196.063008
2.0,217,199.505321
0.0,125,201.642533
0.0,127,203.817784
2.0,188,206.435068
0.0,127,208.26552
1.0,175,211.043939
