#{"t_start": 1544715597.5479631, "env_id": "BreakoutNoFrameskip-v4"}
r,l,t
3.0,254,46.885707
1.0,176,50.540688
2.0,226,74.052972
0.0,127,76.453617
0.0,127,78.675666
0.0,127,81.561764
0.0,129,84.02362
0.0,127,86.200691
2.0,223,90.622123
0.0,127,93.051754
0.0,129,95.318838
0.0,129,97.855997
2.0,205,101.088318
3.0,248,106.057457
5.0,320,112.122663
4.0,322,117.479346
3.0,250,123.374427
1.0,178,126.574355
4.0,317,132.363314
4.0,299,137.975948
3.0,276,142.710453
1.0,171,145.377155
0.0,127,147.516597
0.0,129,149.628122
2.0,202,153.297715
2.0,200,156.787561
2.0,219,160.184362
1.0,174,163.194713
2.0,199,166.571083
4.0,297,171.853179
4.0,301,176.594448
1.0,173,179.39465
0.0,127,181.188265
2.0,224,184.656164
2.0,202,187.655001
0.0,129,189.323897
3.0,250,193.196056
2.0,224,197.345329
0.0,127,199.727132
1.0,177,202.472517
0.0,129,204.667923
0.0,127,206.815352
5.0,329,211.726295
0.0,129,213.732392
