#{"t_start": 1544715591.4849527, "env_id": "BreakoutNoFrameskip-v4"}
r,l,t
1.0,175,50.751019
2.0,221,55.918438
2.0,190,79.149527
5.0,343,85.506172
2.0,221,90.30557
0.0,129,92.504143
0.0,127,94.77224
1.0,173,98.123758
1.0,173,101.57638
3.0,230,105.775041
4.0,301,111.434294
1.0,157,114.262858
1.0,157,117.049844
0.0,127,119.547054
0.0,127,121.300932
0.0,129,123.237196
1.0,177,127.413244
2.0,200,131.432899
1.0,158,134.192629
0.0,125,136.4427
0.0,129,138.425464
3.0,252,143.076982
1.0,173,145.864886
0.0,129,147.996894
4.0,301,153.187438
3.0,271,158.298911
2.0,206,161.681762
1.0,173,164.466836
3.0,256,168.752911
1.0,173,171.896456
4.0,262,176.53987
2.0,188,179.477186
0.0,125,181.229539
0.0,129,183.181498
2.0,201,186.347636
0.0,123,188.097016
0.0,127,189.947327
2.0,206,193.007545
2.0,200,195.909066
0.0,125,197.670303
5.0,350,204.199488
0.0,127,206.244666
1.0,178,209.179036
1.0,173,212.23612
0.0,127,214.121608
0.0,127,215.706139
2.0,204,218.907329
