#{"t_start": 1544715600.4595685, "env_id": "BreakoutNoFrameskip-v4"}
r,l,t
1.0,157,42.06883
0.0,125,45.965362
0.0,127,49.954288
2.0,201,73.321522
0.0,125,77.639834
0.0,129,79.981008
0.0,127,82.401179
4.0,321,90.49126
1.0,153,93.661181
3.0,250,99.552273
0.0,129,103.322448
0.0,127,106.428661
1.0,171,110.776775
2.0,202,117.350359
1.0,176,121.057059
0.0,129,124.412363
0.0,129,128.142488
0.0,129,131.769934
4.0,280,141.274461
3.0,270,150.80984
0.0,125,154.792685
5.0,345,167.250429
3.0,271,177.070876
5.0,327,189.361087
0.0,127,193.185441
1.0,175,199.290405
0.0,129,203.323341
