#{"t_start": 1544715602.5291667, "env_id": "BreakoutNoFrameskip-v4"}
r,l,t
3.0,256,43.423821
0.0,125,47.357675
5.0,330,75.681622
0.0,127,77.965341
3.0,229,82.811606
0.0,129,86.301194
0.0,127,88.875129
0.0,127,91.540537
1.0,155,94.779964
0.0,125,97.812629
1.0,172,102.70133
1.0,155,106.812053
2.0,201,113.216549
3.0,271,119.488335
0.0,127,123.0736
0.0,127,126.541206
0.0,125,130.191561
0.0,125,134.28041
0.0,123,138.000417
0.0,125,142.251961
3.0,251,150.879232
2.0,224,158.692817
0.0,129,163.089154
0.0,125,167.253767
1.0,175,173.418437
1.0,155,178.989789
1.0,171,185.025715
1.0,154,190.158021
0.0,127,194.362769
1.0,172,200.108443
0.0,125,204.178958
