#{"t_start": 1544715602.4026973, "env_id": "BreakoutNoFrameskip-v4"}
r,l,t
1.0,177,40.903065
0.0,127,44.862668
2.0,200,50.098221
1.0,173,74.005248
1.0,173,78.037634
0.0,127,80.45784
2.0,201,85.404536
0.0,129,88.454133
2.0,183,92.197407
0.0,127,94.797257
1.0,173,99.47626
1.0,157,103.546965
0.0,127,107.001121
3.0,250,114.849066
0.0,125,117.604194
2.0,184,122.038125
0.0,125,125.354976
0.0,129,129.075596
2.0,200,135.746884
1.0,171,141.561272
4.0,299,151.879825
0.0,127,156.121871
2.0,201,163.18013
3.0,270,172.86581
3.0,268,182.972147
5.0,330,194.603125
2.0,201,201.327574
0.0,127,205.222847
