#{"t_start": 1544715594.5861533, "env_id": "BreakoutNoFrameskip-v4"}
r,l,t
1.0,176,48.643244
1.0,174,54.407554
8.0,375,83.973218
0.0,127,86.153629
0.0,129,88.773879
1.0,174,93.00906
2.0,202,97.648164
2.0,204,101.844065
5.0,332,111.071052
0.0,127,114.523395
1.0,159,119.244134
2.0,186,124.254401
6.0,380,134.584354
0.0,125,138.306223
2.0,222,145.667441
0.0,127,149.878734
2.0,203,156.978709
0.0,125,160.959771
0.0,123,165.060803
0.0,129,169.267047
3.0,252,178.28755
1.0,174,184.568965
1.0,157,190.301587
0.0,127,194.518252
0.0,125,198.464713
1.0,173,204.376531
4.0,298,214.338094
