#{"t_start": 1544715596.7347076, "env_id": "BreakoutNoFrameskip-v4"}
r,l,t
1.0,157,45.788648
3.0,216,52.832759
2.0,201,76.416826
0.0,127,80.587614
0.0,129,83.369982
0.0,129,85.428855
1.0,171,89.686102
1.0,173,94.031425
1.0,173,97.604767
1.0,172,101.725842
0.0,129,104.653698
1.0,175,109.496951
4.0,297,118.672205
3.0,237,124.325459
0.0,127,127.475556
2.0,203,133.208991
1.0,176,139.102669
2.0,224,146.620656
0.0,129,150.990332
0.0,129,155.123953
0.0,129,159.287463
1.0,173,165.158983
2.0,206,172.488387
0.0,125,176.72721
0.0,129,181.206843
0.0,127,185.608236
2.0,198,192.865374
2.0,198,199.387962
3.0,253,208.00208
0.0,125,211.855925
