#{"t_start": 1544715593.5937254, "env_id": "BreakoutNoFrameskip-v4"}
r,l,t
2.0,184,49.92715
0.0,129,54.058077
0.0,125,57.776247
0.0,129,78.766189
0.0,127,82.938346
1.0,157,86.674079
8.0,479,98.033205
4.0,318,105.613377
1.0,171,110.288206
2.0,222,116.142506
0.0,127,119.942949
0.0,127,123.613627
1.0,172,127.380936
3.0,250,134.2733
2.0,204,140.55249
0.0,127,144.661298
3.0,227,152.698181
2.0,225,160.158381
2.0,202,167.128628
0.0,125,171.39231
0.0,129,175.695523
1.0,171,181.675166
0.0,127,186.12298
2.0,199,193.500978
3.0,228,201.152421
