#{"t_start": 1544715597.5664082, "env_id": "BreakoutNoFrameskip-v4"}
r,l,t
1.0,155,44.89722
1.0,155,49.969256
3.0,245,74.881011
1.0,173,80.755514
0.0,129,83.019246
2.0,187,86.711537
1.0,176,91.636306
2.0,202,95.96696
3.0,247,101.836475
3.0,253,108.568576
0.0,125,111.88339
1.0,173,117.276108
1.0,171,121.586469
0.0,127,124.226397
2.0,202,129.818901
1.0,153,134.435486
1.0,174,140.125822
3.0,247,148.958137
3.0,250,157.203961
1.0,175,163.26104
0.0,125,167.522037
0.0,127,171.776505
0.0,127,176.078218
0.0,127,180.54112
0.0,127,184.969397
0.0,127,189.418568
1.0,155,194.489557
0.0,129,198.727746
0.0,127,202.966951
2.0,184,209.059974
