#{"t_start": 1544715600.2699473, "env_id": "BreakoutNoFrameskip-v4"}
r,l,t
1.0,157,42.253361
0.0,129,46.288489
3.0,247,52.528748
1.0,176,77.432445
0.0,123,79.884813
0.0,129,82.010066
0.0,129,84.950829
1.0,157,89.334044
1.0,173,92.868682
0.0,129,95.441092
0.0,129,98.672106
3.0,253,105.303864
0.0,123,108.70921
0.0,129,112.067613
5.0,328,121.044744
2.0,202,126.526092
2.0,223,133.426387
1.0,173,139.126577
0.0,125,143.251492
3.0,255,152.079918
3.0,237,160.325008
3.0,247,169.127512
4.0,321,181.063556
2.0,198,188.188102
2.0,198,194.82632
0.0,127,199.078338
0.0,125,203.102153
1.0,173,208.491889
