#{"t_start": 1544715597.4053051, "env_id": "BreakoutNoFrameskip-v4"}
r,l,t
4.0,275,49.271945
0.0,127,53.234948
0.0,127,55.324038
2.0,198,80.890993
1.0,176,83.898419
0.0,127,86.635848
2.0,222,92.58504
0.0,127,95.125879
2.0,204,99.189148
0.0,129,102.537971
1.0,171,107.371223
14.0,592,124.034601
0.0,125,127.275801
1.0,175,132.171691
0.0,125,136.005573
0.0,125,140.07345
2.0,203,146.912009
2.0,205,154.079185
1.0,173,159.72088
4.0,261,169.086183
0.0,129,173.326544
0.0,129,177.807862
0.0,129,182.313494
0.0,129,186.975156
4.0,299,197.371696
5.0,343,209.56082
