#{"t_start": 1544715599.5428448, "env_id": "BreakoutNoFrameskip-v4"}
r,l,t
0.0,127,41.817493
1.0,151,46.713121
1.0,173,52.079255
0.0,129,73.360725
0.0,129,77.567683
0.0,123,80.371089
1.0,173,83.704961
4.0,301,91.284289
2.0,202,95.328909
3.0,266,102.270092
0.0,129,105.772968
2.0,198,111.129187
0.0,129,115.155186
0.0,127,118.503909
0.0,127,121.273817
1.0,171,125.594006
5.0,346,136.64062
1.0,171,142.109673
0.0,129,146.647951
0.0,129,150.619698
2.0,202,157.524333
0.0,125,161.738885
2.0,204,168.888463
0.0,129,173.18992
3.0,253,182.601948
2.0,221,190.757233
1.0,176,196.375105
0.0,123,200.513386
2.0,205,207.464081
