#{"t_start": 1546138367.8468046, "env_id": "BreakoutNoFrameskip-v4"}
r,l,t
1.0,173,107.68878
1.0,155,117.692835
