#{"t_start": 1546138367.636617, "env_id": "BreakoutNoFrameskip-v4"}
r,l,t
1.0,155,106.398462
3.0,252,123.740383
0.0,129,132.458764
