#{"t_start": 1546138373.155069, "env_id": "BreakoutNoFrameskip-v4"}
r,l,t
1.0,155,100.912789
2.0,184,113.483545
0.0,129,121.840949
