#{"t_start": 1546138371.4128141, "env_id": "BreakoutNoFrameskip-v4"}
r,l,t
2.0,190,105.311813
3.0,250,122.367731
