#{"t_start": 1546138373.0575678, "env_id": "BreakoutNoFrameskip-v4"}
r,l,t
0.0,129,98.627056
5.0,367,124.958279
