#{"t_start": 1546138368.636657, "env_id": "BreakoutNoFrameskip-v4"}
r,l,t
1.0,173,106.96638
0.0,127,115.360226
2.0,202,128.857221
