#{"t_start": 1546138372.6187055, "env_id": "BreakoutNoFrameskip-v4"}
r,l,t
0.0,127,98.943504
1.0,173,111.398409
