#{"t_start": 1546138372.2495892, "env_id": "BreakoutNoFrameskip-v4"}
r,l,t
6.0,373,117.642789
1.0,155,128.288068
