#{"t_start": 1546138370.2078817, "env_id": "BreakoutNoFrameskip-v4"}
r,l,t
3.0,250,111.369151
0.0,127,118.807643
