#{"t_start": 1546138372.251581, "env_id": "BreakoutNoFrameskip-v4"}
r,l,t
3.0,232,107.60847
1.0,173,118.900147
0.0,127,127.436933
