#{"t_start": 1546138368.101916, "env_id": "BreakoutNoFrameskip-v4"}
r,l,t
1.0,155,105.954156
0.0,129,114.988817
0.0,125,122.332517
0.0,129,130.793813
