#{"t_start": 1546138366.8863142, "env_id": "BreakoutNoFrameskip-v4"}
r,l,t
3.0,274,116.38941
0.0,127,124.014206
