#{"t_start": 1546138373.0515914, "env_id": "BreakoutNoFrameskip-v4"}
r,l,t
3.0,232,106.827264
0.0,125,114.773009
0.0,129,123.274974
