#{"t_start": 1546138373.1237898, "env_id": "BreakoutNoFrameskip-v4"}
r,l,t
0.0,127,98.410312
3.0,246,115.595689
