#{"t_start": 1546138372.7721596, "env_id": "BreakoutNoFrameskip-v4"}
r,l,t
0.0,129,98.899922
0.0,129,108.153163
0.0,127,115.749702
0.0,129,124.600939
