#{"t_start": 1546138373.2040036, "env_id": "BreakoutNoFrameskip-v4"}
r,l,t
0.0,129,97.004724
2.0,201,110.51325
2.0,201,126.022067
