#{"t_start": 1546138370.6589272, "env_id": "BreakoutNoFrameskip-v4"}
r,l,t
0.0,129,99.555071
0.0,127,108.016089
3.0,218,123.12546
