#{"t_start": 1546138372.4075947, "env_id": "BreakoutNoFrameskip-v4"}
r,l,t
0.0,127,97.653416
1.0,178,109.403961
1.0,155,120.58304
