#{"t_start": 1546138370.1214516, "env_id": "BreakoutNoFrameskip-v4"}
r,l,t
0.0,129,100.11672
4.0,298,120.716252
