#{"t_start": 1546138372.8699005, "env_id": "BreakoutNoFrameskip-v4"}
r,l,t
0.0,127,97.207639
0.0,123,105.445126
0.0,129,113.860725
