#{"t_start": 1546138373.0641782, "env_id": "BreakoutNoFrameskip-v4"}
r,l,t
1.0,157,99.384043
2.0,223,114.957721
0.0,129,124.165418
