#{"t_start": 1546138372.844791, "env_id": "BreakoutNoFrameskip-v4"}
r,l,t
0.0,129,97.393449
1.0,175,108.873102
0.0,129,117.493305
