#{"t_start": 1546138372.9935117, "env_id": "BreakoutNoFrameskip-v4"}
r,l,t
1.0,175,100.73586
0.0,127,108.584709
1.0,155,119.820317
