#{"t_start": 1546138371.2478495, "env_id": "BreakoutNoFrameskip-v4"}
r,l,t
0.0,129,98.956307
2.0,203,112.713013
0.0,123,121.237285
