#{"t_start": 1546138372.4571526, "env_id": "BreakoutNoFrameskip-v4"}
r,l,t
1.0,175,101.215631
0.0,127,109.082804
0.0,129,117.748239
