#{"t_start": 1546138372.6008337, "env_id": "BreakoutNoFrameskip-v4"}
r,l,t
1.0,175,101.093216
2.0,202,115.112648
1.0,157,126.806314
