#{"t_start": 1546138372.4415338, "env_id": "BreakoutNoFrameskip-v4"}
r,l,t
3.0,251,106.94493
1.0,154,117.004304
