#{"t_start": 1546138371.9162238, "env_id": "BreakoutNoFrameskip-v4"}
r,l,t
2.0,202,104.15416
0.0,129,111.980655
