#{"t_start": 1546138372.9021664, "env_id": "BreakoutNoFrameskip-v4"}
r,l,t
1.0,173,100.489289
0.0,125,108.446637
0.0,123,116.758566
0.0,127,126.546692
