#{"t_start": 1546138372.8556905, "env_id": "BreakoutNoFrameskip-v4"}
r,l,t
0.0,127,97.187327
0.0,127,105.687533
1.0,175,117.258325
0.0,127,127.108164
