#{"t_start": 1546138372.3920364, "env_id": "BreakoutNoFrameskip-v4"}
r,l,t
0.0,129,97.836236
1.0,153,108.142142
0.0,125,116.398038
