#{"t_start": 1544715602.494934, "env_id": "BreakoutNoFrameskip-v4"}
r,l,t
0.0,129,36.964613
2.0,204,41.609517
0.0,129,45.113264
0.0,127,65.911803
0.0,129,67.09329
4.0,294,71.944144
3.0,252,80.347885
0.0,129,83.806064
1.0,178,88.777179
2.0,204,95.182469
0.0,127,98.774525
0.0,127,102.297917
0.0,127,106.139339
0.0,127,110.54257
4.0,285,119.114416
0.0,129,122.680143
10.0,453,137.08204
0.0,125,140.822074
0.0,127,144.806029
0.0,129,148.554386
0.0,127,152.382623
3.0,270,161.47882
0.0,127,165.346534
4.0,318,176.1143
0.0,129,180.266135
6.0,380,192.897307
0.0,127,196.91004
1.0,155,201.609411
0.0,125,205.643725
