#{"t_start": 1544715602.3448489, "env_id": "BreakoutNoFrameskip-v4"}
r,l,t
1.0,157,37.685648
2.0,222,42.980496
2.0,202,66.139158
1.0,155,67.508356
1.0,157,69.00415
1.0,173,74.026932
4.0,296,83.46379
0.0,125,86.63192
1.0,177,92.099823
3.0,228,99.063375
4.0,282,108.05901
0.0,125,112.163055
1.0,155,116.363272
4.0,279,124.992135
2.0,220,131.815218
7.0,328,142.075536
6.0,375,154.527848
1.0,177,160.260563
0.0,125,164.207432
5.0,350,175.903492
10.0,450,191.103719
0.0,129,195.19499
4.0,298,205.054989
0.0,129,208.957272
