#{"t_start": 1544715599.3784025, "env_id": "BreakoutNoFrameskip-v4"}
r,l,t
0.0,129,40.081469
0.0,127,42.697193
1.0,171,47.02439
1.0,155,68.897515
0.0,129,70.13965
0.0,125,71.045483
0.0,127,73.127373
0.0,127,76.831328
2.0,202,83.471464
0.0,129,86.922764
1.0,178,91.896263
0.0,129,95.862017
0.0,123,99.437024
0.0,127,102.978267
0.0,127,106.547881
0.0,129,110.61973
0.0,129,114.901274
0.0,129,118.377209
5.0,330,128.65712
0.0,127,132.407239
1.0,173,137.497664
2.0,224,144.474786
0.0,129,148.384378
0.0,125,152.178481
2.0,217,159.338971
2.0,202,165.868473
5.0,309,176.095237
2.0,220,183.560962
3.0,269,192.42872
1.0,173,197.828617
3.0,271,206.733365
0.0,127,210.719323
0.0,127,214.325563
