#{"t_start": 1544715592.2064002, "env_id": "BreakoutNoFrameskip-v4"}
r,l,t
2.0,222,49.405937
0.0,127,52.302282
0.0,129,55.930068
1.0,171,76.837514
2.0,203,78.533522
1.0,175,82.775055
0.0,125,86.503217
3.0,252,94.377323
1.0,175,99.42908
2.0,202,105.688759
0.0,129,109.348701
3.0,216,115.942458
2.0,198,122.683426
0.0,129,126.038502
1.0,178,131.379746
2.0,200,137.530007
1.0,178,142.764531
0.0,129,146.48772
2.0,222,153.496902
1.0,172,158.911769
4.0,319,169.555443
0.0,129,173.620285
1.0,170,178.962009
0.0,129,182.974772
0.0,129,187.131344
2.0,222,194.818073
0.0,127,198.606434
0.0,127,202.207044
1.0,153,207.212452
1.0,157,211.980069
4.0,299,221.678438
