#{"t_start": 1544715602.2038214, "env_id": "BreakoutNoFrameskip-v4"}
r,l,t
1.0,157,37.825884
0.0,129,40.633627
0.0,127,43.752214
0.0,127,47.524119
1.0,173,67.337078
0.0,127,68.26994
0.0,125,70.402392
1.0,175,75.75402
0.0,129,79.655746
3.0,270,87.633504
3.0,236,94.984077
2.0,224,101.61304
2.0,200,108.083858
0.0,129,112.360476
5.0,374,123.677433
2.0,224,130.632044
2.0,203,136.701657
1.0,170,141.907224
0.0,129,145.83365
1.0,157,150.712788
0.0,125,154.617385
3.0,250,162.940329
3.0,246,170.936713
0.0,129,174.927068
1.0,177,181.032179
2.0,201,187.563631
2.0,198,193.792589
3.0,270,202.493266
3.0,252,210.694607
