#{"t_start": 1544715600.126666, "env_id": "BreakoutNoFrameskip-v4"}
r,l,t
0.0,127,39.287004
0.0,129,41.945918
0.0,123,44.79449
0.0,129,48.575645
0.0,129,68.614082
4.0,291,71.649463
0.0,127,75.363657
0.0,127,79.025606
0.0,125,83.078191
1.0,155,87.250734
3.0,248,94.962345
1.0,151,99.251605
0.0,129,103.028476
9.0,404,116.414097
1.0,177,121.579829
2.0,198,127.511115
0.0,129,131.304963
1.0,155,135.826027
2.0,222,142.634475
0.0,129,146.743701
3.0,234,154.039502
3.0,236,161.977274
1.0,157,166.928982
2.0,204,173.507768
5.0,366,186.340382
1.0,175,191.707674
3.0,230,199.167117
3.0,252,207.406196
2.0,220,214.111326
