#{"t_start": 1544715596.3394322, "env_id": "BreakoutNoFrameskip-v4"}
r,l,t
1.0,155,43.634801
3.0,249,49.795375
2.0,225,72.657632
0.0,129,73.687322
5.0,294,80.010685
5.0,352,90.977744
0.0,127,94.477451
0.0,127,98.399568
0.0,129,102.245008
0.0,129,105.826343
1.0,177,111.092261
1.0,155,116.380384
2.0,206,122.361428
0.0,125,125.951351
3.0,234,133.243286
2.0,187,138.78478
0.0,129,142.544405
1.0,175,147.914651
3.0,229,155.341236
1.0,173,160.790198
0.0,129,164.817201
3.0,234,172.398508
0.0,127,176.460528
0.0,125,180.325774
2.0,201,187.282844
1.0,155,192.23329
0.0,129,195.978138
0.0,129,199.98221
2.0,202,206.360721
0.0,129,210.461101
0.0,127,214.360178
0.0,127,217.898224
