#{"t_start": 1544715591.5995216, "env_id": "BreakoutNoFrameskip-v4"}
r,l,t
4.0,296,51.839445
0.0,127,55.143854
0.0,129,76.483872
0.0,129,77.796595
1.0,176,79.197335
0.0,127,81.907585
0.0,125,85.785929
2.0,208,92.405973
0.0,125,95.610443
1.0,173,100.737584
0.0,127,104.51579
0.0,129,108.078893
2.0,201,114.15242
1.0,169,119.736423
2.0,202,125.967462
0.0,127,129.635317
1.0,175,134.722819
1.0,173,140.066305
0.0,129,143.665201
0.0,127,147.400937
2.0,200,153.597548
3.0,275,162.484309
1.0,175,168.381571
0.0,127,172.161408
0.0,129,176.119433
5.0,329,187.312539
1.0,175,193.205779
1.0,175,198.777431
0.0,129,202.466803
2.0,202,209.139646
3.0,270,218.021597
