#{"t_start": 1544715593.9448721, "env_id": "BreakoutNoFrameskip-v4"}
r,l,t
1.0,172,46.411881
4.0,298,54.377317
2.0,223,75.679725
2.0,224,78.411035
3.0,234,85.592517
1.0,175,91.26772
0.0,127,94.379385
1.0,178,99.824049
0.0,129,103.664816
1.0,173,108.743472
1.0,173,113.910673
0.0,129,118.309337
3.0,252,125.867273
2.0,201,131.926775
3.0,235,139.331106
2.0,204,145.353852
0.0,127,149.106664
1.0,173,154.517247
0.0,127,158.364333
2.0,186,164.444943
3.0,250,172.758079
1.0,156,177.584937
0.0,129,181.614847
3.0,267,190.861438
1.0,155,195.702693
1.0,171,200.983912
2.0,201,207.516836
3.0,248,215.595501
0.0,125,219.222177
