#{"t_start": 1544715597.5854294, "env_id": "BreakoutNoFrameskip-v4"}
r,l,t
0.0,127,41.828063
2.0,186,45.960449
2.0,199,51.665874
8.0,354,73.544338
0.0,127,76.677232
2.0,222,83.852999
2.0,227,90.424143
2.0,221,97.344302
0.0,125,101.034457
3.0,232,107.834415
1.0,153,112.76005
3.0,270,121.236709
2.0,204,127.317969
0.0,123,131.108746
0.0,127,134.75545
3.0,253,142.37364
1.0,174,147.837194
0.0,127,151.709147
0.0,129,155.62938
0.0,127,159.591585
2.0,227,167.078682
1.0,170,172.416274
0.0,125,176.386791
9.0,404,190.485277
4.0,292,199.817236
0.0,125,203.691909
0.0,129,207.595495
0.0,129,211.647502
