#{"t_start": 1544715602.2500823, "env_id": "BreakoutNoFrameskip-v4"}
r,l,t
1.0,175,38.223387
1.0,173,42.211949
1.0,175,47.370077
5.0,337,68.770172
1.0,157,72.865914
1.0,153,77.507438
4.0,279,85.940957
1.0,175,91.327598
3.0,214,97.762202
2.0,227,104.721497
0.0,125,108.753742
0.0,129,112.91976
2.0,199,118.631154
3.0,235,125.836269
0.0,127,129.577733
4.0,299,138.646145
0.0,129,142.582689
0.0,129,146.532602
0.0,125,150.331544
0.0,125,154.242211
1.0,171,159.777651
3.0,250,167.918965
0.0,127,171.93988
2.0,227,179.528814
0.0,127,183.787302
0.0,127,187.633239
0.0,129,191.305971
0.0,129,195.401918
3.0,250,203.529386
1.0,173,209.016494
