#{"t_start": 1544715596.8727286, "env_id": "BreakoutNoFrameskip-v4"}
r,l,t
0.0,127,44.03057
8.0,372,52.685058
2.0,219,74.367787
1.0,174,77.716439
1.0,173,82.619616
5.0,330,88.97356
2.0,203,93.266963
0.0,127,95.496322
0.0,125,98.632776
1.0,171,101.736403
1.0,155,104.719826
0.0,127,107.540673
0.0,127,109.598328
4.0,278,116.952164
0.0,127,119.632956
2.0,203,123.974682
5.0,329,131.475981
0.0,129,134.220966
0.0,129,136.409308
9.0,422,145.497129
0.0,123,147.86389
2.0,204,151.466248
2.0,221,156.646938
5.0,350,162.629229
2.0,223,166.962427
0.0,125,169.829204
1.0,173,173.662562
0.0,129,176.042568
1.0,175,179.172409
1.0,157,182.378872
2.0,225,187.343883
4.0,299,193.722323
1.0,175,197.207955
6.0,379,205.703769
0.0,127,208.388076
