#{"t_start": 1544715600.8126955, "env_id": "BreakoutNoFrameskip-v4"}
r,l,t
1.0,172,41.464735
2.0,227,46.514444
4.0,282,69.998458
2.0,202,73.459916
0.0,125,77.080877
4.0,296,82.713845
1.0,173,86.825432
0.0,129,89.19591
0.0,127,91.44785
2.0,183,95.862488
1.0,173,98.999806
2.0,202,103.376721
0.0,129,105.476125
2.0,226,110.571309
0.0,129,114.476276
4.0,315,121.137835
7.0,324,128.438015
4.0,298,134.478895
0.0,125,137.398205
3.0,270,142.879699
0.0,127,145.100343
4.0,301,151.665059
2.0,220,155.726146
2.0,224,159.480401
0.0,129,161.728141
0.0,127,164.440553
1.0,153,167.548111
0.0,123,170.346421
0.0,129,173.025235
2.0,187,175.930138
0.0,129,178.776784
1.0,174,182.15927
0.0,129,185.346866
0.0,129,187.614217
0.0,129,190.368597
0.0,127,192.762998
2.0,225,197.87021
0.0,129,200.300598
1.0,153,203.799335
0.0,127,207.172034
