#{"t_start": 1544715600.7858973, "env_id": "BreakoutNoFrameskip-v4"}
r,l,t
0.0,129,40.220518
0.0,123,43.214448
0.0,125,45.810258
0.0,129,48.180581
0.0,127,69.186432
0.0,127,70.455261
4.0,261,76.80584
1.0,175,80.219845
8.0,377,88.283165
0.0,123,90.42513
2.0,183,94.772637
2.0,202,98.661456
2.0,222,103.316297
0.0,127,105.426732
2.0,200,109.875538
1.0,172,114.755745
1.0,155,118.048874
3.0,230,123.592195
1.0,175,127.007224
1.0,155,130.078368
1.0,176,133.277098
2.0,223,138.211875
0.0,125,140.660863
0.0,123,142.941095
2.0,204,146.40382
2.0,224,151.743835
3.0,250,156.508517
0.0,125,158.199395
0.0,127,160.372295
0.0,127,162.533598
3.0,268,168.445427
2.0,200,173.231765
0.0,129,175.111464
2.0,222,179.846104
0.0,129,182.115817
0.0,129,185.244698
0.0,129,187.491571
1.0,175,191.500007
0.0,127,193.622225
1.0,153,197.160435
2.0,220,201.764739
