#{"t_start": 1544715600.440362, "env_id": "BreakoutNoFrameskip-v4"}
r,l,t
0.0,129,40.566034
0.0,127,43.702361
0.0,129,46.342782
2.0,187,69.153426
1.0,175,70.847078
1.0,174,74.216262
1.0,153,78.656231
0.0,127,80.643168
0.0,127,82.573837
0.0,129,85.581356
2.0,198,89.807687
0.0,129,92.001274
0.0,127,95.300409
2.0,225,99.576808
1.0,172,103.078831
0.0,127,105.419201
1.0,153,108.49389
0.0,125,111.40197
2.0,208,116.857177
0.0,127,119.580452
1.0,175,123.75647
2.0,191,127.54692
2.0,198,131.462566
0.0,129,133.778851
0.0,123,136.733723
3.0,274,142.067008
1.0,173,145.361845
0.0,123,147.373728
3.0,248,153.150084
0.0,127,155.205264
3.0,254,159.498639
0.0,129,161.780049
1.0,178,165.58063
2.0,225,170.721109
1.0,175,174.265215
1.0,155,176.632222
0.0,127,179.553316
3.0,272,185.549138
0.0,129,187.785143
3.0,253,193.2868
3.0,278,199.454948
1.0,173,203.094552
0.0,129,206.187896
