#{"t_start": 1544715600.4507544, "env_id": "BreakoutNoFrameskip-v4"}
r,l,t
0.0,125,40.38568
0.0,127,43.551473
1.0,155,46.755996
0.0,129,49.456722
0.0,129,69.880272
0.0,129,71.325688
4.0,302,79.134426
0.0,125,80.968152
2.0,206,85.114154
1.0,173,88.88737
2.0,185,92.271374
0.0,127,95.572431
1.0,175,98.812792
2.0,198,102.818341
0.0,127,105.233025
2.0,185,108.977583
0.0,129,112.456212
1.0,175,116.684158
2.0,223,121.351813
0.0,127,124.730574
1.0,177,127.980696
2.0,223,132.487314
1.0,175,136.341738
2.0,202,140.460939
1.0,173,143.736892
5.0,329,150.428984
11.0,479,159.555755
1.0,153,162.327143
0.0,129,165.124428
2.0,202,169.470897
0.0,127,172.174482
3.0,249,176.633723
1.0,158,180.213189
2.0,203,184.806351
1.0,153,187.488694
2.0,205,192.071796
3.0,252,197.493647
0.0,129,200.084728
0.0,129,202.783324
0.0,127,205.43767
