#{"t_start": 1544715602.4399672, "env_id": "BreakoutNoFrameskip-v4"}
r,l,t
2.0,202,40.692432
1.0,173,44.445179
0.0,127,46.78344
1.0,157,67.973784
1.0,157,69.972512
0.0,125,72.934607
0.0,129,76.515298
2.0,200,79.784799
4.0,321,86.996479
3.0,230,91.677898
0.0,129,94.63097
3.0,253,99.477635
0.0,129,102.246625
0.0,125,104.30828
5.0,280,112.045864
3.0,253,117.514359
0.0,129,119.93535
2.0,199,124.813294
5.0,332,131.35969
2.0,223,136.197929
0.0,127,138.786582
1.0,173,142.068763
3.0,271,147.211383
2.0,200,151.667433
1.0,175,154.981977
1.0,173,157.468187
6.0,419,166.328293
2.0,222,171.577279
0.0,129,173.456612
0.0,129,176.03073
0.0,123,178.47489
1.0,175,182.55923
1.0,172,185.605395
0.0,129,188.316864
3.0,230,193.412224
0.0,127,195.985487
3.0,268,201.840911
