#{"t_start": 1544715592.067352, "env_id": "BreakoutNoFrameskip-v4"}
r,l,t
0.0,127,48.836462
2.0,201,53.820966
1.0,155,56.656457
2.0,188,78.461261
1.0,173,80.75923
0.0,127,84.374378
1.0,176,88.420108
2.0,201,91.861724
2.0,182,96.143661
2.0,223,100.306601
1.0,157,104.194709
0.0,129,106.332317
0.0,129,108.808604
1.0,171,112.489689
3.0,272,117.973755
1.0,175,123.163684
0.0,127,125.670398
2.0,185,129.503321
1.0,155,133.61777
0.0,127,135.799807
0.0,127,138.229408
1.0,173,141.516282
2.0,200,145.88359
2.0,202,149.923598
0.0,125,152.26469
4.0,300,158.07917
0.0,127,161.043408
7.0,304,166.526929
4.0,279,171.493739
2.0,185,175.824061
2.0,204,180.295457
3.0,277,185.370111
0.0,127,188.289689
0.0,129,190.589528
0.0,127,193.62938
1.0,155,196.552442
0.0,127,199.178864
2.0,202,203.190432
2.0,185,207.345068
1.0,173,211.043321
1.0,173,215.469572
