#{"t_start": 1544715593.1567829, "env_id": "BreakoutNoFrameskip-v4"}
r,l,t
0.0,129,47.819996
0.0,127,50.976522
3.0,251,56.203501
1.0,173,77.477099
1.0,155,79.538012
1.0,173,84.470768
0.0,127,87.154219
2.0,206,90.60614
3.0,217,95.616395
2.0,202,99.352968
3.0,250,104.948028
4.0,277,110.875754
0.0,127,113.017372
1.0,177,116.747762
3.0,250,123.518204
1.0,157,126.982385
0.0,125,129.292562
0.0,129,132.783049
4.0,299,138.653266
3.0,232,143.595582
5.0,326,150.178239
0.0,125,152.520136
1.0,171,155.611049
3.0,270,161.459688
0.0,127,163.93216
2.0,200,166.999871
0.0,127,169.226873
1.0,176,172.945376
0.0,127,175.488255
2.0,200,179.914845
2.0,226,183.985132
2.0,226,188.944403
1.0,173,192.899451
0.0,125,195.036156
1.0,175,199.015715
1.0,153,201.888002
0.0,127,204.736852
4.0,299,211.377014
