#{"t_start": 1544715600.828727, "env_id": "BreakoutNoFrameskip-v4"}
r,l,t
2.0,201,42.244687
0.0,129,45.113537
1.0,175,48.476
0.0,125,69.264817
0.0,129,70.67473
1.0,172,74.194313
4.0,295,80.940853
1.0,174,84.35929
1.0,173,88.238165
1.0,173,91.392331
0.0,127,94.536854
11.0,483,104.584353
0.0,129,106.74941
1.0,173,111.054839
0.0,123,114.591525
2.0,203,118.901982
2.0,224,124.276274
0.0,127,126.687637
0.0,129,129.099373
1.0,174,132.428397
1.0,173,136.409281
4.0,273,141.735109
3.0,252,146.288554
2.0,220,151.473862
0.0,127,153.686622
0.0,127,156.061
1.0,155,158.313067
1.0,155,161.070107
1.0,155,164.360536
0.0,127,167.076358
3.0,271,173.116564
5.0,327,179.60863
3.0,272,185.67058
0.0,129,188.058679
0.0,129,190.683377
0.0,127,193.038076
2.0,183,197.118002
0.0,127,199.660291
0.0,127,202.281684
0.0,129,204.950211
