#{"t_start": 1544715602.1634312, "env_id": "BreakoutNoFrameskip-v4"}
r,l,t
0.0,127,38.744219
0.0,129,41.979121
0.0,127,44.572494
0.0,129,46.953058
0.0,127,67.867529
2.0,221,70.711721
1.0,173,75.66225
4.0,300,81.40926
0.0,127,84.407985
3.0,270,89.703283
1.0,174,93.975003
3.0,218,98.10545
2.0,220,102.709602
2.0,224,107.175494
2.0,202,112.966542
2.0,186,116.892542
0.0,125,119.301385
1.0,151,123.246091
3.0,231,127.634177
3.0,252,132.592874
3.0,272,138.678601
2.0,203,142.658425
1.0,159,145.203163
2.0,200,149.927461
0.0,129,152.232582
0.0,129,154.610897
2.0,198,157.645807
3.0,270,163.333552
3.0,272,169.504457
2.0,205,173.331629
0.0,127,175.622524
0.0,127,178.331558
2.0,224,183.332705
0.0,127,185.533354
0.0,127,188.208639
0.0,127,190.729706
1.0,173,194.277336
0.0,129,197.038933
1.0,171,200.663034
1.0,153,204.089904
