#{"t_start": 1544715601.4275289, "env_id": "BreakoutNoFrameskip-v4"}
r,l,t
3.0,234,42.462615
2.0,221,46.980081
0.0,129,68.370447
5.0,289,72.461391
1.0,157,77.056206
0.0,125,79.398132
1.0,157,81.967741
0.0,129,84.938845
1.0,155,88.116866
3.0,248,93.528706
1.0,155,96.464338
0.0,127,98.919315
0.0,129,101.349625
4.0,299,107.658261
0.0,129,110.900543
0.0,127,114.285455
2.0,190,118.396147
1.0,175,122.506174
2.0,201,126.608109
0.0,129,129.141019
4.0,301,135.670836
0.0,125,137.898316
4.0,298,143.893568
0.0,125,145.752229
2.0,201,150.540096
1.0,175,153.639406
6.0,377,160.498797
1.0,176,164.267847
3.0,270,170.372046
1.0,155,173.379092
0.0,129,175.249091
0.0,129,178.004847
0.0,129,180.59034
0.0,127,183.670974
1.0,176,186.823132
1.0,175,190.820804
2.0,205,194.920351
1.0,171,198.629257
0.0,129,201.233794
1.0,153,204.692943
