#{"t_start": 1544715602.2014604, "env_id": "BreakoutNoFrameskip-v4"}
r,l,t
3.0,251,42.219246
1.0,153,45.258316
2.0,223,68.028769
2.0,222,71.082272
0.0,129,75.019064
0.0,129,77.878249
0.0,129,79.726807
2.0,222,84.667205
2.0,202,88.662391
0.0,127,90.901591
2.0,201,95.506112
2.0,222,99.892447
1.0,175,103.508065
4.0,298,110.651343
2.0,222,116.172613
2.0,205,120.318757
2.0,202,125.192054
1.0,155,128.143876
4.0,281,133.870775
4.0,297,140.101034
1.0,173,143.421386
1.0,169,146.448081
9.0,381,154.691388
0.0,129,156.601229
1.0,175,159.597557
1.0,155,162.780981
0.0,129,165.5741
1.0,157,169.019522
5.0,331,175.373724
1.0,155,178.666705
2.0,205,183.384261
0.0,125,185.540677
2.0,222,190.417217
1.0,155,193.617173
0.0,129,196.267312
1.0,157,199.30021
1.0,178,203.209476
