#{"t_start": 1544715598.01328, "env_id": "BreakoutNoFrameskip-v4"}
r,l,t
0.0,125,42.812676
3.0,276,49.361089
1.0,157,71.580364
2.0,227,74.060423
0.0,127,76.871228
6.0,334,84.276215
8.0,353,92.216408
4.0,289,98.662396
2.0,201,102.438349
2.0,202,106.714352
1.0,153,109.27158
4.0,301,117.499629
0.0,127,120.217265
2.0,204,124.306978
3.0,250,130.141653
1.0,157,133.330631
3.0,276,139.311426
2.0,187,142.958938
0.0,125,144.995673
1.0,176,148.337137
0.0,127,150.665438
2.0,202,155.429428
1.0,157,158.008634
0.0,127,160.275516
0.0,129,162.185428
2.0,204,166.263552
2.0,204,170.501621
1.0,155,174.030551
1.0,175,177.337299
0.0,125,179.347224
0.0,127,182.236189
0.0,127,184.50821
2.0,202,189.143871
0.0,127,191.566073
0.0,125,194.26782
4.0,279,200.26399
2.0,223,205.025628
1.0,177,209.545014
