#{"t_start": 1544715597.6914637, "env_id": "BreakoutNoFrameskip-v4"}
r,l,t
4.0,281,47.471011
2.0,219,51.992075
0.0,125,72.50333
0.0,127,73.908717
1.0,158,77.093582
1.0,175,82.03116
0.0,125,83.788318
0.0,129,86.0188
2.0,220,91.117509
0.0,125,93.325017
0.0,129,95.710148
0.0,127,98.909073
0.0,125,100.964761
0.0,125,103.282381
2.0,224,108.054536
3.0,250,113.531187
0.0,125,117.286759
0.0,127,119.804551
0.0,127,122.519175
1.0,155,126.029141
4.0,298,132.400966
0.0,127,134.739497
0.0,125,136.929035
2.0,201,141.430021
1.0,157,144.460505
0.0,125,146.874653
0.0,129,148.879843
1.0,157,152.072542
0.0,129,155.076128
1.0,157,157.867227
0.0,125,160.129236
3.0,252,164.311203
2.0,222,169.348373
1.0,155,172.590299
3.0,251,177.59028
0.0,129,179.708952
0.0,127,182.621037
4.0,321,189.576377
5.0,335,196.531417
0.0,127,199.24999
2.0,202,203.570371
0.0,125,206.225741
