#{"t_start": 1544715602.2044203, "env_id": "BreakoutNoFrameskip-v4"}
r,l,t
3.0,235,40.881847
0.0,127,43.724678
0.0,125,45.918219
0.0,125,57.037154
0.0,129,58.338209
3.0,272,61.260438
0.0,127,62.636056
1.0,157,64.447238
3.0,232,67.192253
2.0,221,69.828418
3.0,250,74.166497
0.0,129,76.58233
1.0,174,79.532758
0.0,127,81.743185
0.0,129,84.267106
0.0,129,87.06599
4.0,277,92.482416
3.0,255,96.940617
2.0,222,100.767148
1.0,176,103.959344
0.0,125,106.00744
0.0,129,108.152241
1.0,155,110.486038
0.0,129,112.478832
2.0,223,116.813727
0.0,129,119.075369
0.0,129,121.293722
0.0,125,123.339656
0.0,129,125.42327
2.0,224,129.314271
0.0,129,131.460415
0.0,129,133.597287
6.0,355,139.922875
0.0,125,141.779743
10.0,450,149.544063
0.0,127,151.666063
0.0,127,153.596051
1.0,175,156.417886
1.0,155,158.891607
1.0,173,161.639444
1.0,157,164.35134
0.0,125,166.342369
2.0,200,169.799933
0.0,129,172.08095
4.0,299,177.076757
2.0,224,180.906565
0.0,127,182.866963
1.0,171,185.53271
0.0,127,187.244876
2.0,202,190.917322
4.0,299,195.806013
0.0,127,198.066209
0.0,127,200.08573
0.0,125,202.098528
0.0,127,203.893251
0.0,127,205.609053
3.0,232,209.798008
