#{"t_start": 1544715593.6531875, "env_id": "BreakoutNoFrameskip-v4"}
r,l,t
2.0,187,48.082933
0.0,125,51.165486
3.0,252,65.258106
1.0,155,66.786222
2.0,224,69.147381
1.0,155,70.867198
3.0,274,73.973944
1.0,173,76.025773
1.0,173,78.072974
1.0,171,81.059325
0.0,127,83.00804
1.0,173,86.446505
0.0,129,88.351888
0.0,125,90.573609
1.0,175,94.240539
1.0,173,97.713261
2.0,222,101.738529
2.0,185,104.912959
4.0,297,110.500543
3.0,250,114.813076
0.0,127,116.919608
0.0,129,118.827633
0.0,125,120.657394
1.0,151,123.507454
0.0,129,125.965453
2.0,202,129.600496
1.0,173,132.602983
5.0,309,137.942704
0.0,129,140.077765
6.0,378,146.939939
4.0,319,152.313453
4.0,301,157.379555
1.0,155,159.941089
1.0,157,162.404676
5.0,350,168.302248
2.0,200,171.661284
4.0,301,176.939309
0.0,127,179.007982
1.0,157,181.579878
0.0,125,183.97818
0.0,125,185.62548
3.0,274,190.343064
0.0,127,192.272823
3.0,248,196.026939
0.0,125,198.406703
0.0,123,200.35684
3.0,232,204.077059
0.0,129,205.949161
0.0,127,208.306724
0.0,127,210.364649
1.0,155,212.618231
0.0,129,214.392277
0.0,129,216.671051
