#{"t_start": 1544715599.5376818, "env_id": "BreakoutNoFrameskip-v4"}
r,l,t
1.0,157,41.34736
1.0,155,45.280904
0.0,129,47.656372
0.0,127,59.240995
2.0,208,61.415602
0.0,129,62.675296
3.0,252,65.478964
1.0,154,67.264801
1.0,174,69.275087
0.0,127,70.539733
1.0,177,73.026716
0.0,127,75.146946
0.0,125,77.071972
3.0,248,81.660872
3.0,250,86.446363
0.0,125,89.114113
3.0,248,94.029566
2.0,202,97.456782
1.0,175,100.756088
4.0,320,106.465647
0.0,125,108.472442
3.0,270,113.001291
0.0,127,114.857753
1.0,173,118.220357
0.0,129,120.628593
1.0,173,123.680909
0.0,129,125.783259
2.0,202,129.121555
0.0,127,131.255802
0.0,127,133.3496
0.0,127,135.542186
1.0,176,138.666937
9.0,404,145.584649
2.0,200,149.000297
3.0,251,153.118133
0.0,129,155.144788
1.0,175,157.992502
4.0,297,162.983082
6.0,398,169.902009
0.0,125,172.006676
3.0,250,176.256042
0.0,129,178.60627
1.0,152,180.793604
1.0,176,183.803074
1.0,173,186.546745
4.0,303,191.447426
0.0,129,193.69043
2.0,202,197.052645
8.0,374,203.561705
5.0,329,208.647766
0.0,127,210.906261
