#{"t_start": 1544715598.084945, "env_id": "BreakoutNoFrameskip-v4"}
r,l,t
2.0,202,44.108228
2.0,201,48.630367
2.0,202,61.247401
0.0,127,62.52896
1.0,178,64.30647
1.0,174,66.171149
2.0,203,68.614149
2.0,222,71.215952
0.0,129,72.476
0.0,127,74.321437
1.0,171,77.223337
0.0,125,79.230206
5.0,352,85.809793
0.0,123,88.142678
0.0,125,90.953671
3.0,265,96.19413
0.0,127,98.06702
2.0,201,101.797762
3.0,252,106.295233
2.0,220,110.051801
0.0,125,112.156475
4.0,281,116.678343
0.0,125,118.949338
2.0,198,122.746666
0.0,129,124.987093
3.0,271,129.628423
4.0,318,135.249118
0.0,129,137.466908
0.0,127,139.684464
0.0,129,141.823565
0.0,127,143.780713
0.0,127,145.645072
2.0,202,148.979563
2.0,182,152.135058
4.0,299,157.136264
0.0,129,159.165522
0.0,129,161.108487
0.0,129,163.175935
1.0,175,165.962665
0.0,127,168.099073
0.0,129,170.224426
1.0,172,173.197418
0.0,129,175.396718
2.0,208,179.104864
0.0,129,180.920076
4.0,280,185.69722
1.0,153,188.061837
0.0,129,189.92638
0.0,125,191.703556
4.0,263,196.457594
6.0,380,203.165299
5.0,350,208.726801
5.0,328,214.487985
