#{"t_start": 1544715597.1089954, "env_id": "BreakoutNoFrameskip-v4"}
r,l,t
1.0,175,44.253232
0.0,127,47.412426
1.0,157,50.451642
2.0,206,62.676808
2.0,200,64.809936
2.0,202,66.987528
2.0,203,69.278012
0.0,127,70.678479
0.0,127,72.22414
1.0,178,74.077456
3.0,213,77.826656
0.0,125,79.736012
2.0,201,83.532733
1.0,157,86.218062
0.0,129,88.592849
0.0,129,91.393956
0.0,129,93.931656
2.0,198,97.640391
2.0,202,100.901606
1.0,177,104.180793
0.0,129,106.325881
2.0,202,109.904759
2.0,198,113.325615
3.0,235,116.958136
1.0,178,120.344836
4.0,325,126.493742
1.0,178,129.66054
1.0,173,132.443663
3.0,248,136.799028
0.0,127,138.844467
1.0,176,142.006171
2.0,202,145.304944
1.0,170,148.14149
2.0,198,151.502936
3.0,248,155.546892
2.0,204,158.870043
3.0,255,163.083443
0.0,127,165.117126
1.0,155,167.641978
0.0,129,169.72393
0.0,129,171.805543
0.0,125,173.933033
0.0,125,175.932226
0.0,127,177.960689
8.0,372,184.302697
0.0,127,186.522415
7.0,433,193.56379
1.0,177,196.794065
11.0,486,205.255815
0.0,129,207.307533
5.0,349,212.992917
0.0,129,215.123827
