#{"t_start": 1544715596.2032444, "env_id": "BreakoutNoFrameskip-v4"}
r,l,t
2.0,203,46.02417
1.0,155,49.635823
4.0,258,63.228038
3.0,251,65.895064
0.0,129,67.197358
2.0,202,69.427746
2.0,188,71.638638
0.0,129,73.19266
1.0,175,75.016855
0.0,127,77.183447
3.0,248,81.504875
0.0,125,83.923129
4.0,259,88.395864
0.0,127,90.993765
2.0,187,94.923445
0.0,127,97.165271
0.0,127,99.297112
1.0,176,102.253834
0.0,127,104.652546
0.0,127,106.619313
1.0,172,109.727558
3.0,252,114.129765
1.0,153,116.437623
1.0,157,118.998551
5.0,350,125.746176
3.0,270,130.714622
0.0,127,132.580855
9.0,418,140.034169
13.0,457,148.206009
6.0,405,155.104292
1.0,173,158.034832
0.0,129,160.025095
3.0,250,164.145996
2.0,200,167.410061
2.0,202,170.94564
2.0,202,174.313829
0.0,129,176.457908
0.0,129,178.578622
1.0,172,181.719445
0.0,127,183.431589
5.0,347,189.360221
2.0,202,192.419186
0.0,125,194.356876
1.0,157,197.219166
2.0,202,200.58861
3.0,231,204.454887
7.0,431,211.447313
0.0,127,213.657467
0.0,129,215.773194
