#{"t_start": 1544715601.146434, "env_id": "BreakoutNoFrameskip-v4"}
r,l,t
0.0,127,38.664444
1.0,157,42.861881
0.0,123,45.378592
1.0,173,57.798923
1.0,157,59.359072
0.0,129,60.601151
0.0,129,61.886689
1.0,157,63.669587
0.0,127,65.01917
1.0,157,66.830471
3.0,229,69.393701
0.0,125,71.181356
1.0,177,74.229785
0.0,129,76.309849
2.0,221,80.316291
0.0,129,82.55742
4.0,321,89.600035
0.0,129,91.701004
2.0,203,95.367887
5.0,350,101.707962
1.0,155,104.516758
2.0,222,108.33667
0.0,127,110.384705
0.0,129,112.182001
4.0,297,117.872135
0.0,125,120.060607
1.0,175,122.97908
2.0,198,126.481778
2.0,200,129.913738
8.0,377,136.804043
5.0,350,142.701885
4.0,299,147.961584
3.0,254,152.204334
0.0,129,154.158833
0.0,127,156.182319
0.0,125,158.01
4.0,277,162.656297
3.0,248,167.024717
5.0,350,173.350385
1.0,153,176.029064
9.0,394,182.602197
1.0,174,185.374824
0.0,127,187.109958
1.0,171,189.935388
0.0,127,192.125602
0.0,127,194.210404
4.0,320,199.687309
0.0,125,201.686913
1.0,155,204.056095
0.0,129,205.83645
1.0,178,208.865893
