#{"t_start": 1544715602.398883, "env_id": "BreakoutNoFrameskip-v4"}
r,l,t
1.0,177,39.031051
1.0,173,43.291636
3.0,231,56.677826
0.0,129,57.911213
2.0,202,60.024133
0.0,123,61.310795
2.0,200,63.535688
0.0,127,65.022495
0.0,127,66.501548
2.0,207,68.702624
0.0,129,70.820152
2.0,190,74.002865
1.0,173,77.430664
0.0,129,79.338421
0.0,127,81.561939
2.0,203,85.863478
0.0,127,88.472145
1.0,174,91.678744
0.0,127,93.640122
0.0,127,95.673068
0.0,129,98.159046
1.0,173,101.009745
3.0,272,105.885032
0.0,129,108.034009
0.0,127,109.89725
0.0,127,111.777001
0.0,129,114.124341
2.0,183,117.679024
4.0,324,123.574005
2.0,220,127.245635
13.0,459,135.673752
2.0,200,139.02695
1.0,155,141.392662
0.0,125,143.499859
0.0,129,145.555979
1.0,173,148.373219
1.0,157,150.951922
1.0,178,153.768826
2.0,202,157.009164
0.0,127,159.04167
2.0,221,162.759396
0.0,127,164.881259
1.0,155,167.401611
0.0,127,169.498585
2.0,223,173.286837
1.0,174,176.330947
3.0,248,180.480484
1.0,173,183.236608
0.0,129,185.183074
2.0,227,188.835305
2.0,202,192.36146
0.0,127,194.416082
1.0,157,196.64843
2.0,186,200.106758
4.0,301,204.798653
1.0,157,207.413098
0.0,129,209.529505
