#{"t_start": 1544715601.6661375, "env_id": "BreakoutNoFrameskip-v4"}
r,l,t
3.0,229,41.252525
2.0,201,45.594556
1.0,175,57.665962
0.0,129,58.995701
1.0,155,60.506828
2.0,219,62.972018
2.0,203,65.35038
0.0,127,66.738771
0.0,125,68.082474
0.0,129,69.373092
0.0,127,71.394007
0.0,127,73.566811
0.0,127,75.601635
0.0,127,78.11116
0.0,127,79.991244
1.0,156,82.766789
2.0,198,87.13828
1.0,173,90.379517
2.0,204,94.090978
0.0,127,96.117744
3.0,230,100.291878
0.0,129,102.635737
0.0,127,104.674485
3.0,274,109.450782
0.0,125,111.258289
0.0,127,113.269338
1.0,173,116.582688
0.0,129,118.969046
0.0,127,121.169989
4.0,299,126.279921
3.0,270,131.000409
0.0,127,133.18419
0.0,127,135.242203
1.0,157,138.027556
0.0,127,140.043334
6.0,372,146.473035
4.0,299,151.540721
3.0,252,155.686295
4.0,321,161.087724
2.0,200,164.406287
1.0,173,167.314388
1.0,173,170.25314
0.0,127,172.494763
1.0,153,174.878829
0.0,125,176.976157
1.0,173,179.573817
0.0,125,181.756196
0.0,127,183.689218
0.0,129,185.662219
1.0,178,188.24702
3.0,249,192.748636
0.0,129,194.795133
1.0,157,197.126548
0.0,127,199.548532
0.0,129,201.554771
0.0,127,203.430145
4.0,298,208.322515
0.0,129,210.452205
