#{"t_start": 1544715600.4891016, "env_id": "BreakoutNoFrameskip-v4"}
r,l,t
3.0,213,42.059912
0.0,129,45.00204
1.0,155,47.844267
2.0,222,59.950426
2.0,224,62.311458
3.0,250,65.085645
0.0,127,66.631554
4.0,299,69.992056
3.0,270,74.500744
0.0,127,76.443418
0.0,127,78.91175
0.0,127,80.884712
1.0,154,83.635014
2.0,220,88.465428
1.0,171,91.646083
2.0,222,95.628171
0.0,129,97.716899
0.0,127,100.156127
2.0,200,103.618743
1.0,174,106.586265
2.0,203,110.052486
3.0,252,114.054914
6.0,400,121.924667
2.0,184,125.062443
2.0,202,128.456007
1.0,173,131.407049
4.0,299,136.791761
6.0,421,144.127327
0.0,127,146.134133
0.0,127,148.313297
2.0,202,151.419433
4.0,297,156.488358
2.0,202,159.792483
2.0,222,163.433275
0.0,127,165.531697
1.0,175,168.492843
0.0,125,170.601135
0.0,127,172.604489
3.0,248,177.22203
1.0,157,179.415866
1.0,157,182.099253
0.0,125,183.971411
0.0,127,185.974339
4.0,279,190.40254
4.0,280,195.391831
4.0,299,200.560698
8.0,376,206.617239
0.0,129,208.762035
