#{"t_start": 1544715593.8968835, "env_id": "BreakoutNoFrameskip-v4"}
r,l,t
2.0,204,48.366863
2.0,201,52.881533
0.0,129,55.218393
1.0,153,66.134399
2.0,204,68.31599
2.0,222,70.809924
0.0,127,72.131376
2.0,222,74.749887
0.0,127,76.085654
2.0,200,78.86618
0.0,127,81.065418
0.0,129,83.068634
0.0,129,85.586126
1.0,175,88.395176
2.0,208,92.531832
2.0,225,97.310149
3.0,272,102.296482
0.0,129,104.38642
0.0,129,106.837245
3.0,253,111.301733
0.0,127,113.373181
1.0,172,116.316617
0.0,129,118.236852
0.0,129,120.100045
1.0,173,123.347583
1.0,175,126.710126
0.0,127,128.909983
0.0,127,130.87631
4.0,295,136.042644
4.0,297,141.434339
5.0,350,147.634249
2.0,205,150.974889
5.0,352,157.010746
0.0,129,159.074777
1.0,155,161.521124
1.0,153,164.062531
2.0,222,167.613091
1.0,176,170.472607
4.0,299,175.686543
0.0,127,177.821933
0.0,127,180.008473
0.0,127,181.919653
2.0,227,185.770514
0.0,125,187.642087
1.0,173,190.604227
6.0,376,196.707421
0.0,127,199.018875
0.0,127,201.08771
0.0,129,203.119189
0.0,125,204.791237
0.0,129,207.223901
0.0,129,209.252033
4.0,299,213.820645
0.0,129,216.065292
