#{"t_start": 1544715599.6228387, "env_id": "BreakoutNoFrameskip-v4"}
r,l,t
2.0,184,42.034455
2.0,225,48.772429
1.0,173,72.651093
0.0,127,76.358117
0.0,129,80.4564
2.0,185,86.145475
0.0,129,89.735007
11.0,380,102.284251
0.0,127,106.067313
0.0,129,109.986081
2.0,223,117.330374
0.0,129,121.002819
3.0,252,129.293466
1.0,157,134.354142
2.0,204,141.27664
0.0,127,145.375427
1.0,157,150.473966
3.0,268,160.011672
1.0,171,165.643475
1.0,157,170.792019
1.0,172,176.451962
2.0,201,183.306158
0.0,129,187.72844
1.0,177,193.376528
1.0,173,199.133752
2.0,224,206.458351
