#{"t_start": 1544715601.9620986, "env_id": "BreakoutNoFrameskip-v4"}
r,l,t
1.0,175,39.399122
1.0,178,44.504055
0.0,129,48.287787
0.0,127,70.72648
1.0,176,76.232329
0.0,125,80.208343
0.0,129,83.869616
4.0,321,94.197903
0.0,129,98.098419
0.0,127,101.865801
1.0,175,107.276246
3.0,248,115.451651
3.0,252,123.393171
3.0,253,131.828158
0.0,127,136.025545
0.0,129,140.214219
0.0,127,144.215505
3.0,251,152.664749
0.0,123,156.953373
2.0,199,163.672293
5.0,348,175.54339
1.0,153,180.773096
3.0,270,190.068292
0.0,127,194.176592
0.0,127,198.102314
0.0,127,202.045108
