#{"t_start": 1544715600.4600194, "env_id": "BreakoutNoFrameskip-v4"}
r,l,t
2.0,201,41.722092
2.0,204,47.784179
1.0,173,71.699496
4.0,299,81.515304
0.0,129,85.225421
0.0,127,88.707567
1.0,175,94.292805
0.0,123,98.081209
0.0,129,101.909497
3.0,230,109.216596
2.0,202,115.886182
0.0,129,119.520089
0.0,127,123.516603
0.0,129,127.397031
4.0,319,138.422022
0.0,127,142.630482
2.0,200,149.087873
0.0,129,153.271436
1.0,155,158.781299
5.0,350,170.821192
0.0,127,174.670345
1.0,155,179.888685
0.0,125,184.127307
1.0,155,189.482604
2.0,220,196.626433
2.0,185,202.677531
1.0,153,207.658404
