#{"t_start": 1544715602.1180036, "env_id": "BreakoutNoFrameskip-v4"}
r,l,t
1.0,175,39.265449
0.0,127,42.654681
0.0,125,46.399789
8.0,371,76.952325
0.0,127,80.932269
0.0,129,84.514603
2.0,224,91.643596
4.0,303,101.465752
0.0,129,105.334483
1.0,173,110.893891
3.0,234,118.224424
1.0,173,123.743944
0.0,125,127.677926
1.0,155,132.684626
0.0,127,136.805981
1.0,175,142.617544
0.0,129,146.599215
1.0,157,151.884208
0.0,129,156.185441
2.0,223,163.869084
0.0,129,167.970473
0.0,127,172.11167
1.0,157,177.14
0.0,125,181.390622
0.0,129,185.758554
2.0,204,192.348737
1.0,176,198.134449
2.0,201,204.806199
