#{"t_start": 1544715594.3239596, "env_id": "BreakoutNoFrameskip-v4"}
r,l,t
1.0,155,46.411361
0.0,123,49.744381
3.0,220,56.404362
5.0,326,85.772409
1.0,173,91.094314
4.0,263,99.283197
3.0,234,106.747354
2.0,224,113.828294
1.0,173,119.501003
1.0,171,124.610511
3.0,277,133.656044
0.0,127,137.747156
3.0,245,146.094384
3.0,253,154.624412
1.0,173,160.336732
0.0,125,164.749731
0.0,125,168.895636
7.0,303,179.225767
3.0,251,187.682524
0.0,129,192.153384
1.0,157,197.2128
1.0,173,202.863661
1.0,175,208.54014
0.0,127,212.581957
