#{"t_start": 1544715597.1238997, "env_id": "BreakoutNoFrameskip-v4"}
r,l,t
0.0,129,42.893413
2.0,205,48.722727
2.0,218,74.40442
2.0,202,80.450476
4.0,280,89.367685
3.0,230,96.608155
1.0,176,102.171499
1.0,176,107.622153
0.0,127,111.413054
0.0,127,115.356157
3.0,249,123.260294
2.0,200,129.627275
1.0,177,135.496543
0.0,127,139.642704
0.0,129,143.742766
0.0,125,147.768733
0.0,123,151.54286
3.0,252,160.280621
2.0,224,168.147271
3.0,251,176.812039
0.0,125,180.512516
2.0,205,187.695017
0.0,129,192.085268
1.0,155,196.886539
0.0,129,201.189792
0.0,129,205.088138
1.0,173,210.78659
