#{"t_start": 1544715596.8433652, "env_id": "BreakoutNoFrameskip-v4"}
r,l,t
2.0,183,44.783265
8.0,461,77.824215
0.0,127,81.751783
0.0,125,85.784805
0.0,127,89.297604
1.0,157,93.913837
2.0,201,100.416077
2.0,205,106.891284
3.0,252,114.930029
0.0,129,119.080962
2.0,185,124.674116
0.0,129,128.674006
0.0,129,132.714372
0.0,125,136.643862
0.0,127,140.810775
0.0,125,144.893356
5.0,348,156.772834
3.0,252,165.853101
2.0,183,171.740666
1.0,155,177.001762
2.0,185,182.837305
3.0,250,191.924916
1.0,155,196.670385
0.0,129,200.966602
2.0,187,206.989809
0.0,129,211.168756
