#{"t_start": 1544715596.2451127, "env_id": "BreakoutNoFrameskip-v4"}
r,l,t
1.0,155,44.490239
0.0,129,47.990629
1.0,172,53.115855
4.0,260,80.001091
1.0,173,85.623402
1.0,153,90.053493
4.0,281,99.140373
0.0,129,102.945268
0.0,127,106.778587
2.0,188,112.641694
0.0,127,116.601562
2.0,202,122.897047
2.0,206,129.493596
0.0,125,133.456594
1.0,173,139.130915
0.0,127,143.31409
1.0,173,148.951604
2.0,203,155.79455
1.0,173,161.576646
0.0,129,166.051318
1.0,173,171.629488
0.0,127,175.799862
0.0,125,179.629176
1.0,153,184.737966
0.0,127,188.98597
9.0,405,203.016996
2.0,188,209.117202
