#{"t_start": 1544715602.1157732, "env_id": "BreakoutNoFrameskip-v4"}
r,l,t
1.0,173,39.189718
0.0,129,42.64571
1.0,173,47.83966
4.0,315,76.668376
3.0,231,83.97685
0.0,129,87.678421
0.0,127,91.581416
1.0,177,97.195843
0.0,127,100.960782
3.0,251,108.884681
1.0,173,114.608958
9.0,398,127.760534
2.0,223,135.234799
0.0,127,139.363697
0.0,129,143.430472
3.0,235,151.333527
1.0,153,156.683792
2.0,202,163.535282
1.0,160,168.750532
1.0,171,174.3811
0.0,125,178.354357
1.0,175,184.518017
2.0,205,191.202818
0.0,127,195.310179
1.0,174,200.960617
