#{"t_start": 1544715601.902948, "env_id": "BreakoutNoFrameskip-v4"}
r,l,t
0.0,129,38.116973
1.0,173,42.869633
4.0,300,71.030908
0.0,129,74.943192
2.0,204,81.48339
2.0,225,88.233222
1.0,173,93.832964
3.0,254,101.870996
0.0,127,105.655185
0.0,129,109.512681
1.0,171,115.161853
1.0,154,119.682523
1.0,153,124.510438
0.0,127,128.577294
0.0,127,132.590972
2.0,200,139.306322
1.0,176,145.189158
1.0,177,150.912858
3.0,267,160.575828
2.0,222,167.896404
2.0,227,175.467657
1.0,155,180.708117
11.0,484,197.69461
0.0,127,201.713918
2.0,204,208.375611
