#{"t_start": 1544715589.2943707, "env_id": "BreakoutNoFrameskip-v4"}
r,l,t
0.0,129,50.728678
2.0,190,56.028352
0.0,129,59.836431
2.0,202,84.718533
0.0,129,88.637576
0.0,129,92.769523
3.0,251,100.349533
1.0,173,105.905202
3.0,228,113.080651
0.0,127,116.925713
1.0,175,122.343962
0.0,127,126.430654
1.0,175,131.657092
1.0,153,136.517574
1.0,153,141.431477
2.0,221,148.940691
0.0,125,152.958687
0.0,125,156.901785
0.0,123,160.755069
1.0,155,165.886
1.0,157,171.383826
0.0,125,175.496322
1.0,178,181.282289
0.0,127,185.371472
3.0,248,193.896967
1.0,178,200.065313
1.0,176,205.558338
0.0,127,209.728511
2.0,200,216.22526
0.0,129,220.348211
