policy_loss,fps,episode_length,explained_variance,advantage_norm,epoch_idx,policy_entropy,P09:episode_rewards,P01:episode_rewards,value_loss,grad_norm,PMM:episode_rewards,frames
-0.10708220781874843,514,168.76923076923077,-1.1656067997217179,5.879926036819816,1,1.3313713830709457,2.0,0.0,1.3677554921379669,38.051957656604344,1.1282051282051282,8000
-0.0006745845030673081,312,180.9438202247191,-6.064729098081589,0.7302903965115547,2,1.3824347150325775,3.0,0.0,0.0058805078215527825,0.1287494375886564,1.3820224719101124,16000
5.4800273646833373e-05,352,187.42,-6.441280462741852,0.6908382375910879,3,1.3781680953502655,4.0,0.0,0.005240131824173204,0.11257398886386273,1.54,24000
4.159766818702337e-05,375,177.15,-4.777253422141075,0.6956584667041897,4,1.3831598389148712,3.0,0.0,0.0056472689548604646,0.13436030146784989,1.27,32000
2.756701062025968e-05,388,175.61,-2.870325581431389,0.6470448667369783,5,1.3849063277244569,3.0,0.0,0.005008014104532776,0.10385568383435259,1.21,40000
0.0003100608647218905,396,174.57,-2.220944813489914,0.7208427961170674,6,1.3830311739444732,3.0,0.0,0.005525145932806481,0.12479206546656378,1.2,48000
-0.00020638449695979942,402,178.89,-2.954937327504158,0.7211553044244647,7,1.385252641439438,3.0,0.0,0.005786198322766722,0.11218450421835058,1.29,56000
0.0024970220525574404,406,177.59,-3.9979118263721465,0.7216271288692951,8,1.3841617429256439,3.0,0.0,0.005587436284222349,0.12096416506243393,1.27,64000
