#{"t_start": 1546138359.6043434, "env_id": "BreakoutNoFrameskip-v4"}
r,l,t
0.0,125,107.641484
2.0,186,118.104831
2.0,187,131.863839
