#{"t_start": 1546138361.493608, "env_id": "BreakoutNoFrameskip-v4"}
r,l,t
3.0,230,111.445215
1.0,171,122.735367
0.0,125,132.22059
