#{"t_start": 1546138369.8634334, "env_id": "BreakoutNoFrameskip-v4"}
r,l,t
1.0,155,98.965663
0.0,129,105.253905
0.0,129,114.140898
