#{"t_start": 1546138364.1096675, "env_id": "BreakoutNoFrameskip-v4"}
r,l,t
1.0,155,104.716708
0.0,127,110.90057
0.0,125,119.481611
