#{"t_start": 1546138368.165217, "env_id": "BreakoutNoFrameskip-v4"}
r,l,t
0.0,123,98.99201
0.0,129,104.999301
3.0,248,123.52749
