#{"t_start": 1546138372.540268, "env_id": "BreakoutNoFrameskip-v4"}
r,l,t
3.0,250,101.158941
1.0,156,112.158083
