#{"t_start": 1546138367.0408354, "env_id": "BreakoutNoFrameskip-v4"}
r,l,t
3.0,252,106.829152
2.0,202,121.743237
