#{"t_start": 1546138360.855972, "env_id": "BreakoutNoFrameskip-v4"}
r,l,t
1.0,155,107.929798
1.0,157,116.967766
1.0,157,128.039693
