#{"t_start": 1546138361.5796332, "env_id": "BreakoutNoFrameskip-v4"}
r,l,t
1.0,175,107.935921
2.0,200,120.432007
