#{"t_start": 1546138360.4497597, "env_id": "BreakoutNoFrameskip-v4"}
r,l,t
1.0,155,108.348919
1.0,174,118.5985
