#{"t_start": 1546138362.3897111, "env_id": "BreakoutNoFrameskip-v4"}
r,l,t
4.0,283,113.842375
0.0,123,122.2934
