#{"t_start": 1546138362.1289618, "env_id": "BreakoutNoFrameskip-v4"}
r,l,t
1.0,155,106.681757
0.0,123,112.578567
3.0,250,131.892047
