#{"t_start": 1546138363.1539211, "env_id": "BreakoutNoFrameskip-v4"}
r,l,t
0.0,127,104.150135
0.0,129,110.13082
0.0,125,118.339073
