#{"t_start": 1546138362.8313904, "env_id": "BreakoutNoFrameskip-v4"}
r,l,t
0.0,127,104.472701
3.0,253,119.666992
0.0,129,129.394765
