#{"t_start": 1544715597.1041675, "env_id": "BreakoutNoFrameskip-v4"}
r,l,t
3.0,250,47.003025
1.0,176,50.726118
0.0,127,72.264209
3.0,250,76.116836
1.0,155,79.245089
2.0,200,83.208804
1.0,157,85.542565
1.0,173,88.845638
0.0,127,91.534452
0.0,123,93.74385
0.0,127,95.984591
2.0,186,99.245989
0.0,127,101.232618
1.0,175,104.306865
0.0,125,106.493759
3.0,250,110.985092
0.0,127,113.308029
1.0,155,115.678702
0.0,127,117.56514
3.0,271,122.933687
2.0,205,126.57271
0.0,127,128.785485
1.0,173,131.656056
4.0,301,137.263675
4.0,297,142.567765
1.0,173,145.445055
0.0,127,147.435239
0.0,129,149.501053
0.0,129,151.878083
0.0,129,153.834111
0.0,129,156.012487
3.0,232,159.745006
3.0,251,163.626192
0.0,123,165.517181
1.0,171,168.309438
0.0,127,170.219732
3.0,269,174.483526
0.0,125,176.377656
10.0,457,183.587367
0.0,129,185.494461
3.0,250,189.398085
1.0,173,192.229708
0.0,129,194.254704
4.0,302,199.506229
4.0,298,205.076426
2.0,198,208.19263
0.0,127,210.047826
