#{"t_start": 1544715602.3331828, "env_id": "BreakoutNoFrameskip-v4"}
r,l,t
3.0,248,41.688371
0.0,127,44.466692
0.0,129,46.854466
3.0,233,68.909011
2.0,222,74.057251
2.0,188,77.831546
1.0,177,80.471604
0.0,129,82.779689
1.0,153,86.079475
0.0,127,88.417608
0.0,125,90.611492
1.0,174,93.650029
0.0,127,95.666702
2.0,228,99.742254
2.0,184,103.113629
1.0,157,105.756696
1.0,173,108.901699
0.0,129,110.761872
0.0,125,112.629948
4.0,298,118.535916
1.0,173,121.573811
2.0,204,125.230145
2.0,202,128.751101
3.0,253,133.405126
0.0,127,135.550543
1.0,155,138.104253
2.0,224,141.776216
4.0,280,146.892111
4.0,278,151.625388
3.0,250,155.677585
1.0,152,157.840923
2.0,222,161.370963
1.0,175,164.292336
1.0,153,166.682794
1.0,170,169.178185
0.0,127,171.190257
3.0,248,175.066105
1.0,169,177.482744
2.0,201,180.555492
1.0,155,182.971253
1.0,178,185.573571
3.0,248,190.004821
0.0,129,191.987336
0.0,127,194.069489
4.0,278,199.323818
2.0,202,202.509404
0.0,129,204.35665
0.0,129,206.232201
