#{"t_start": 1544715596.1252894, "env_id": "BreakoutNoFrameskip-v4"}
r,l,t
0.0,127,44.374686
3.0,233,50.38569
0.0,129,52.653256
2.0,222,74.779878
2.0,202,78.940778
1.0,153,82.438154
0.0,129,84.551295
1.0,177,87.531638
1.0,155,90.484111
0.0,125,93.073943
0.0,129,95.242047
4.0,297,100.705993
4.0,282,105.697193
0.0,127,107.982139
0.0,129,110.12166
1.0,171,113.222981
3.0,228,116.941448
1.0,171,119.729286
0.0,129,122.223047
2.0,190,125.759213
2.0,204,129.43958
2.0,186,132.502825
4.0,310,138.385316
0.0,129,140.625921
2.0,221,144.366106
1.0,157,146.893634
0.0,125,148.883088
1.0,173,151.902506
2.0,224,155.65094
1.0,153,158.288196
1.0,173,161.067422
3.0,251,164.857949
3.0,251,169.024081
0.0,129,170.997012
1.0,173,173.650244
4.0,317,178.845917
0.0,129,180.622841
0.0,125,182.434962
0.0,123,184.193542
0.0,129,186.075317
0.0,127,187.924431
1.0,173,190.61158
0.0,125,192.475201
1.0,155,195.012111
0.0,127,197.197995
1.0,155,199.639539
3.0,269,204.77106
4.0,297,209.588385
1.0,173,212.082124
