#{"t_start": 1544715601.9965699, "env_id": "BreakoutNoFrameskip-v4"}
r,l,t
0.0,125,38.360934
0.0,129,41.762074
1.0,175,45.593355
0.0,125,48.448482
2.0,203,69.351021
0.0,125,72.377738
0.0,129,75.162833
2.0,225,79.121615
0.0,129,81.194152
2.0,205,85.242688
3.0,234,89.865946
2.0,222,93.897327
2.0,204,97.533936
0.0,127,99.516062
1.0,157,102.346655
1.0,155,104.93438
3.0,266,109.826464
1.0,157,112.147978
1.0,157,114.925767
0.0,127,117.345813
5.0,350,123.893373
3.0,248,128.17646
0.0,129,130.46265
0.0,123,132.665951
2.0,203,136.220168
1.0,175,139.182336
5.0,332,144.775
3.0,251,149.176716
0.0,123,151.318253
0.0,127,153.252312
3.0,227,156.826913
2.0,204,159.936306
1.0,175,162.844724
1.0,171,165.522921
3.0,270,169.875135
2.0,224,173.38273
3.0,218,176.650687
0.0,127,178.473593
0.0,129,180.337074
2.0,187,183.230878
0.0,127,185.119311
0.0,125,187.01715
0.0,127,189.017324
0.0,127,191.204776
3.0,252,195.408948
0.0,127,197.900854
0.0,127,200.024831
2.0,201,203.168337
