#{"t_start": 1544715592.5733688, "env_id": "BreakoutNoFrameskip-v4"}
r,l,t
3.0,271,52.362529
0.0,129,54.719286
1.0,155,76.825153
0.0,129,78.014881
4.0,294,84.454529
3.0,232,88.601046
0.0,127,90.616779
1.0,176,94.051029
1.0,155,97.178271
1.0,173,100.292389
0.0,127,102.418569
1.0,177,105.426514
0.0,129,107.74397
2.0,202,111.313448
3.0,234,115.386475
1.0,175,118.620285
2.0,224,122.108828
2.0,223,126.356946
1.0,177,129.808114
3.0,230,133.871558
1.0,176,136.852613
1.0,155,139.468326
0.0,125,141.667289
0.0,129,143.956673
1.0,155,146.530057
0.0,127,148.663647
0.0,127,150.560466
0.0,127,152.635625
2.0,200,156.255327
1.0,176,158.926004
0.0,127,161.14117
0.0,125,163.037231
0.0,129,165.093128
2.0,202,168.070574
3.0,253,172.295676
2.0,201,175.513908
2.0,222,178.867552
1.0,155,181.431519
2.0,225,184.860629
0.0,127,186.596651
0.0,127,188.401498
1.0,174,191.021606
2.0,200,194.219477
0.0,127,196.10559
0.0,129,198.061234
0.0,127,200.337584
8.0,375,207.189856
0.0,129,209.360747
3.0,251,213.321457
0.0,125,215.090616
