#{"t_start": 1544715601.5000167, "env_id": "BreakoutNoFrameskip-v4"}
r,l,t
3.0,251,42.651368
1.0,178,46.380671
1.0,155,68.21815
0.0,127,69.404863
3.0,275,75.745448
0.0,127,78.095983
1.0,178,80.731055
1.0,175,83.963053
1.0,157,87.323266
3.0,212,91.211615
0.0,127,93.404154
1.0,155,96.033435
1.0,157,98.810217
0.0,129,100.970697
3.0,235,105.126054
1.0,175,108.449437
1.0,157,110.848178
3.0,250,115.116148
0.0,129,117.537235
4.0,258,122.329993
1.0,174,125.458087
0.0,127,127.449845
0.0,129,129.726507
3.0,245,134.181548
1.0,173,137.202079
0.0,129,139.258302
1.0,171,141.974723
0.0,127,144.179981
0.0,125,146.093793
4.0,305,151.584628
2.0,224,155.163351
0.0,125,157.075967
0.0,129,158.85113
4.0,318,164.280409
1.0,157,166.678658
0.0,123,168.438468
0.0,129,170.440827
5.0,345,175.962018
0.0,127,177.701847
5.0,350,183.145484
1.0,175,185.913221
4.0,325,191.550152
2.0,220,195.269696
0.0,125,197.637378
2.0,224,201.548632
6.0,362,207.207468
