#{"t_start": 1544715602.0707877, "env_id": "BreakoutNoFrameskip-v4"}
r,l,t
3.0,248,41.930214
0.0,129,44.776386
0.0,127,47.116566
2.0,187,68.592204
1.0,158,71.91871
2.0,220,76.560109
2.0,201,79.810269
1.0,157,82.526816
4.0,299,88.815967
0.0,127,91.057948
1.0,157,93.784851
2.0,202,97.373828
0.0,125,99.29469
2.0,186,102.714377
1.0,178,105.763798
1.0,157,108.564816
0.0,127,110.511832
0.0,125,112.350315
0.0,129,114.649946
1.0,155,117.646609
1.0,155,120.569407
1.0,157,123.203225
0.0,129,125.363178
1.0,177,128.337616
2.0,206,132.020827
0.0,127,134.301461
5.0,327,140.017729
3.0,251,144.281769
1.0,173,147.436959
1.0,173,150.055823
2.0,199,153.411042
0.0,127,155.459897
1.0,175,157.953966
0.0,129,159.928061
1.0,171,162.721313
3.0,253,166.83032
3.0,251,170.875033
0.0,129,172.796553
2.0,202,175.850679
0.0,127,177.584013
0.0,125,179.318329
3.0,250,183.34874
2.0,204,186.504695
4.0,300,191.801099
0.0,125,193.733881
0.0,129,196.218129
3.0,270,200.950242
1.0,157,203.270252
0.0,127,205.153616
0.0,127,207.037435
