#{"t_start": 1544715593.191114, "env_id": "BreakoutNoFrameskip-v4"}
r,l,t
0.0,123,47.066372
1.0,174,52.045237
3.0,238,57.054412
2.0,202,78.05076
1.0,157,81.529212
2.0,221,86.456335
2.0,225,90.077118
1.0,171,93.319551
3.0,232,98.001923
1.0,154,100.865022
1.0,157,103.461241
1.0,175,106.575826
1.0,155,109.174112
1.0,173,112.249321
0.0,127,114.329695
0.0,127,116.718905
0.0,129,118.709319
0.0,123,120.412096
0.0,129,122.405026
1.0,157,125.533139
0.0,127,127.94784
1.0,173,130.848545
0.0,129,133.179389
4.0,276,138.111117
4.0,297,143.671733
5.0,331,149.314638
1.0,173,152.257926
1.0,173,155.204406
0.0,127,157.369258
0.0,127,159.283377
0.0,125,161.337667
0.0,129,163.216064
2.0,220,166.525723
1.0,171,169.315899
0.0,125,171.258286
1.0,173,174.053952
0.0,127,175.975097
1.0,170,178.60396
0.0,129,180.518798
0.0,127,182.37692
1.0,155,184.730034
4.0,277,188.92135
0.0,127,190.741211
2.0,202,193.950835
0.0,129,195.919173
3.0,250,200.315594
1.0,155,202.807825
0.0,127,205.224055
4.0,298,210.434567
1.0,155,212.669486
