#{"t_start": 1544715601.904968, "env_id": "BreakoutNoFrameskip-v4"}
r,l,t
0.0,127,38.556212
2.0,222,44.372327
2.0,222,67.67546
3.0,272,72.224739
0.0,129,75.013613
0.0,127,77.456569
1.0,174,80.044327
2.0,222,84.221048
0.0,129,86.944335
0.0,127,89.18958
1.0,173,92.402246
0.0,125,94.402895
1.0,175,97.496693
5.0,328,103.432928
1.0,173,106.498968
0.0,127,108.637782
1.0,175,111.363757
2.0,224,115.373196
1.0,170,118.641528
2.0,185,121.898696
4.0,325,127.784781
6.0,380,134.992072
0.0,129,137.01289
0.0,127,139.102575
2.0,225,142.811396
3.0,252,147.37384
1.0,153,149.661483
2.0,198,153.114347
2.0,201,156.303048
0.0,129,158.025835
0.0,127,159.983089
2.0,221,163.744329
0.0,127,165.613673
1.0,157,167.982962
2.0,200,171.19884
3.0,250,175.096141
1.0,157,177.380569
2.0,201,180.378645
3.0,268,184.59729
0.0,129,186.554053
3.0,248,190.918687
2.0,200,194.249378
0.0,127,196.651121
0.0,127,198.758753
0.0,127,200.879113
0.0,127,202.682091
1.0,153,204.9643
0.0,125,206.747611
