#{"t_start": 1544715601.3495283, "env_id": "BreakoutNoFrameskip-v4"}
r,l,t
3.0,252,42.841338
0.0,129,45.59054
2.0,222,68.547569
1.0,175,70.972688
0.0,129,73.609963
1.0,155,77.137155
0.0,127,79.22915
0.0,127,81.074585
0.0,129,83.339869
0.0,129,86.013962
0.0,129,88.573283
3.0,230,92.87036
1.0,175,95.76292
0.0,127,97.975226
0.0,125,99.906093
2.0,206,103.733416
0.0,125,105.734067
0.0,129,108.117602
1.0,177,110.972623
0.0,129,112.89663
3.0,250,117.643514
0.0,127,120.018303
5.0,352,126.355866
1.0,171,129.30813
1.0,173,132.371675
0.0,125,134.689238
2.0,202,138.047751
2.0,224,141.85274
0.0,127,143.965771
0.0,127,145.847206
0.0,127,148.285056
1.0,171,150.931744
0.0,127,153.061703
0.0,129,154.925
0.0,125,156.92753
2.0,226,160.333016
1.0,155,162.77766
3.0,272,167.316063
3.0,250,171.302256
3.0,250,175.146567
0.0,123,176.946003
0.0,127,178.706904
2.0,220,182.066276
1.0,173,184.765895
0.0,127,186.622136
3.0,269,191.376161
0.0,125,193.276036
2.0,201,197.099522
2.0,222,200.921387
1.0,155,203.30569
0.0,127,205.101829
0.0,123,206.793423
