#{"t_start": 1544715595.1672533, "env_id": "BreakoutNoFrameskip-v4"}
r,l,t
1.0,173,46.063568
2.0,204,51.771434
1.0,175,75.902751
2.0,220,82.373438
1.0,175,87.734593
2.0,226,93.962161
0.0,125,97.749725
0.0,127,101.653926
0.0,127,105.308445
5.0,327,115.834803
0.0,129,119.881635
0.0,127,123.377426
2.0,200,129.586001
1.0,173,135.077472
0.0,129,138.629227
1.0,172,144.235545
2.0,204,150.884894
1.0,157,155.303649
1.0,177,161.140421
1.0,155,166.501912
3.0,268,175.280202
0.0,129,179.238901
2.0,208,186.23552
1.0,178,192.193094
1.0,175,197.790387
2.0,185,203.751054
0.0,127,207.615795
