#{"t_start": 1544715592.1856904, "env_id": "BreakoutNoFrameskip-v4"}
r,l,t
4.0,255,51.577592
1.0,156,55.86405
1.0,173,79.569613
0.0,123,83.164236
1.0,176,88.470837
4.0,302,97.380573
0.0,127,101.20363
0.0,125,105.029153
0.0,129,108.72995
3.0,250,116.716824
0.0,127,120.70003
9.0,408,133.533428
0.0,123,137.352815
0.0,127,140.943599
0.0,125,144.732877
1.0,171,150.308189
1.0,175,155.61111
0.0,127,159.33524
0.0,127,163.3289
1.0,175,169.438782
1.0,176,175.0691
1.0,174,180.654814
0.0,127,184.567066
2.0,200,191.248648
2.0,202,198.161789
2.0,223,205.180543
2.0,224,212.690634
