#{"t_start": 1544715600.3814437, "env_id": "BreakoutNoFrameskip-v4"}
r,l,t
0.0,127,39.548677
0.0,127,42.899527
7.0,397,73.415583
0.0,129,77.417677
6.0,379,88.770284
0.0,129,92.681683
2.0,220,99.509907
0.0,127,103.287583
1.0,175,108.809423
5.0,331,119.255237
0.0,127,122.944097
2.0,198,129.406422
0.0,129,132.976793
1.0,173,138.605331
3.0,270,147.234535
0.0,127,150.942987
0.0,125,154.844852
2.0,200,161.875602
1.0,175,167.413207
1.0,157,172.428884
1.0,176,178.141735
1.0,173,183.87016
0.0,123,187.908549
2.0,203,194.356859
1.0,159,199.379754
2.0,220,206.879959
