#{"t_start": 1544715601.943019, "env_id": "BreakoutNoFrameskip-v4"}
r,l,t
0.0,125,37.93342
0.0,129,41.337944
2.0,202,47.145105
3.0,230,72.651035
1.0,155,77.251103
0.0,127,81.128315
0.0,127,84.418242
0.0,129,88.014444
1.0,178,93.491411
1.0,172,98.779444
2.0,201,105.173755
1.0,176,110.725414
0.0,127,114.407536
0.0,123,117.839787
4.0,303,127.690846
2.0,205,133.805172
2.0,201,140.519513
3.0,248,148.162735
3.0,250,156.728658
2.0,224,164.212365
8.0,356,176.235533
1.0,172,181.90358
0.0,127,186.064893
4.0,277,195.022313
0.0,127,199.055321
