#{"t_start": 1544715602.1202168, "env_id": "BreakoutNoFrameskip-v4"}
r,l,t
0.0,127,37.824281
2.0,198,43.252588
2.0,204,49.311001
3.0,270,76.232763
4.0,299,85.262462
1.0,170,90.206452
3.0,272,98.913304
0.0,127,102.568232
2.0,200,108.983076
3.0,255,116.879807
0.0,125,120.503683
7.0,424,134.409355
0.0,129,138.373168
1.0,173,144.029154
1.0,175,149.076183
1.0,175,155.013259
0.0,127,159.200315
0.0,123,162.916671
1.0,173,168.477816
0.0,127,172.377911
2.0,187,178.588703
0.0,127,182.767407
3.0,235,190.470861
1.0,175,196.099277
3.0,254,204.721631
