#{"t_start": 1544715597.7712905, "env_id": "BreakoutNoFrameskip-v4"}
r,l,t
0.0,127,42.186212
1.0,173,46.850048
3.0,252,73.298889
2.0,201,79.181187
0.0,129,82.854949
2.0,220,89.314982
0.0,127,92.813119
3.0,248,100.799727
2.0,220,107.447092
6.0,373,119.636929
0.0,127,123.341937
1.0,155,128.015654
3.0,252,135.846882
2.0,219,143.020022
0.0,129,147.181856
0.0,129,150.730049
1.0,157,155.669083
0.0,125,159.782127
0.0,129,164.051842
5.0,332,175.130009
1.0,175,180.803914
0.0,127,184.788555
2.0,202,191.739841
0.0,129,195.598872
0.0,127,199.425957
1.0,175,205.082883
0.0,127,209.311912
