#{"t_start": 1544715594.3104527, "env_id": "BreakoutNoFrameskip-v4"}
r,l,t
4.0,299,50.707832
1.0,173,55.644633
1.0,172,79.264658
0.0,127,83.191506
2.0,226,90.085255
1.0,171,94.65871
0.0,125,98.456222
0.0,127,102.36551
0.0,127,105.987514
0.0,129,109.68581
1.0,157,114.719078
1.0,157,119.70425
8.0,465,134.647431
1.0,154,139.047917
3.0,232,146.688256
0.0,129,150.803787
0.0,127,154.260145
0.0,127,158.126534
0.0,127,162.222415
0.0,129,166.499602
5.0,310,176.810581
3.0,212,183.870265
2.0,198,190.536226
0.0,125,194.558445
3.0,252,202.596702
2.0,206,209.460035
