#{"t_start": 1544715593.419058, "env_id": "BreakoutNoFrameskip-v4"}
r,l,t
0.0,123,46.385767
0.0,123,49.612084
2.0,199,55.33236
4.0,277,82.337907
0.0,125,85.983102
1.0,155,90.615847
2.0,226,97.094363
1.0,175,102.610109
1.0,173,107.814281
1.0,155,112.521867
0.0,125,116.346485
1.0,172,121.839858
3.0,228,128.614183
2.0,200,135.018968
0.0,127,138.645783
1.0,173,144.0988
1.0,173,149.692602
2.0,201,155.787966
0.0,129,159.715022
1.0,155,164.98041
2.0,222,172.383196
0.0,129,176.295581
0.0,129,180.4441
0.0,125,184.303191
1.0,176,190.141808
0.0,127,194.313345
0.0,127,198.177434
3.0,267,206.919671
1.0,157,212.04818
