#{"t_start": 1544715600.5982003, "env_id": "BreakoutNoFrameskip-v4"}
r,l,t
1.0,170,40.561846
0.0,127,43.918998
3.0,267,70.712546
0.0,127,74.212453
0.0,127,77.907551
0.0,129,81.787839
3.0,252,88.980602
0.0,125,92.723547
0.0,129,96.681766
0.0,129,100.408465
1.0,172,105.750731
1.0,173,111.070466
4.0,302,120.629592
1.0,170,125.840426
0.0,125,129.704549
0.0,129,133.29316
1.0,175,138.953949
4.0,262,147.331339
1.0,175,152.795022
1.0,157,158.063664
6.0,279,167.422021
3.0,269,176.340083
5.0,350,188.572767
3.0,248,196.505687
0.0,127,200.5204
0.0,125,204.542897
