#{"t_start": 1544715602.4596498, "env_id": "BreakoutNoFrameskip-v4"}
r,l,t
1.0,158,38.417165
0.0,129,41.807833
0.0,127,45.257579
1.0,175,69.055053
0.0,127,72.770724
2.0,202,78.908782
7.0,326,88.707045
4.0,282,97.581191
2.0,183,103.169603
0.0,129,107.196358
0.0,125,111.130896
1.0,152,115.484881
3.0,252,123.357079
0.0,125,127.250288
1.0,173,132.261386
5.0,350,144.055789
0.0,127,147.540907
0.0,129,151.691912
1.0,176,157.720648
0.0,127,161.816888
2.0,202,168.221254
1.0,155,173.069121
7.0,420,187.853184
0.0,129,191.63552
2.0,183,197.521032
0.0,123,201.423922
