#{"t_start": 1544715592.6782706, "env_id": "BreakoutNoFrameskip-v4"}
r,l,t
2.0,202,49.484904
2.0,200,55.116143
1.0,157,78.530197
0.0,127,81.897267
0.0,129,85.731367
1.0,155,90.455823
0.0,125,93.663315
2.0,198,99.548179
1.0,175,105.173612
0.0,127,108.697386
2.0,203,115.171342
1.0,157,120.146065
0.0,129,123.856512
2.0,187,129.421308
0.0,127,133.247409
0.0,127,137.230971
4.0,279,146.103915
0.0,127,149.982805
2.0,181,155.483805
2.0,221,162.589002
1.0,155,167.908223
5.0,312,178.324445
2.0,200,184.838819
0.0,125,188.92295
1.0,153,193.920485
2.0,224,201.209401
2.0,183,207.12445
0.0,125,211.046046
