#{"t_start": 1544715602.0471065, "env_id": "BreakoutNoFrameskip-v4"}
r,l,t
0.0,127,37.88292
0.0,129,41.309489
0.0,129,44.710735
0.0,127,48.281143
1.0,175,72.115711
0.0,127,75.929283
4.0,279,84.225841
0.0,127,87.772658
0.0,123,91.473332
0.0,129,95.428725
2.0,225,102.225815
0.0,127,106.214033
0.0,125,109.946142
0.0,127,113.783498
4.0,299,123.07167
1.0,171,128.506995
1.0,156,132.995774
1.0,155,138.017022
1.0,175,143.733531
1.0,171,148.643762
3.0,248,157.235747
0.0,125,161.340595
2.0,204,167.712529
0.0,129,171.87227
1.0,173,177.467369
1.0,153,182.526483
1.0,173,188.323259
3.0,255,196.491669
0.0,127,200.415631
0.0,127,204.556769
