#{"t_start": 1544715596.194002, "env_id": "BreakoutNoFrameskip-v4"}
r,l,t
0.0,123,43.614817
1.0,157,47.906362
4.0,281,75.05904
1.0,155,79.321651
4.0,280,88.144283
0.0,127,91.476287
2.0,226,98.375472
2.0,219,105.242348
1.0,175,110.727937
2.0,204,117.313719
2.0,202,123.151974
0.0,129,126.960561
0.0,127,130.937105
0.0,125,134.691671
1.0,173,139.860512
1.0,155,144.890578
2.0,206,151.362336
0.0,129,155.115402
4.0,301,165.724787
1.0,155,170.640719
2.0,205,177.267767
0.0,129,181.216439
1.0,157,186.355973
1.0,157,191.682458
0.0,125,195.446774
3.0,272,204.367872
0.0,127,208.499629
