#{"t_start": 1544715601.9149337, "env_id": "BreakoutNoFrameskip-v4"}
r,l,t
1.0,173,39.317701
5.0,329,49.073905
1.0,155,72.141282
2.0,201,78.349107
2.0,202,84.228233
1.0,173,89.362458
0.0,125,93.010458
2.0,225,100.029948
1.0,155,104.84797
0.0,129,108.696318
3.0,252,116.567692
0.0,127,120.285271
0.0,125,124.062091
0.0,129,128.113834
0.0,127,131.548523
1.0,177,137.316612
0.0,127,141.265806
3.0,250,149.00033
3.0,249,157.641705
8.0,373,170.215339
3.0,252,178.619151
0.0,125,182.71474
4.0,282,192.041786
1.0,175,197.66353
0.0,127,201.652947
