#{"t_start": 1544715600.087386, "env_id": "BreakoutNoFrameskip-v4"}
r,l,t
1.0,173,41.143658
0.0,129,44.601917
0.0,125,48.036027
1.0,177,71.800273
0.0,127,75.48472
6.0,377,87.188473
0.0,127,90.786262
3.0,252,98.776865
4.0,299,108.342063
4.0,281,117.225032
2.0,201,123.240803
0.0,127,127.225525
1.0,173,132.361677
0.0,127,136.167961
1.0,157,141.238289
0.0,127,145.344319
0.0,127,148.765629
0.0,129,152.70108
1.0,157,158.027432
1.0,173,163.924904
2.0,206,170.419548
2.0,202,176.952045
0.0,129,181.149659
1.0,155,186.299583
4.0,298,196.026341
1.0,175,201.785764
0.0,125,205.785469
