P09:episode_rewards,P01:episode_rewards,explained_variance,fps,advantage_norm,PMM:episode_rewards,grad_norm,episode_length,value_loss,policy_entropy,epoch_idx,policy_loss,frames
2.0,0.0,-2.703121170401573,526,4.837060607895255,0.9743589743589743,29.05074347416801,164.28205128205127,0.9466141679693919,1.3185133004747331,1,0.15799842589545732,8000
3.0,0.0,-5.251746261715889,320,0.7513546652905643,1.1704545454545454,0.11356178510083102,173.3068181818182,0.005806266515314747,1.3839044451713562,2,0.0005394267514930107,16000
4.0,0.0,-3.128050286769867,361,0.6886447726935149,1.42,0.09561957116887562,185.51,0.005270937957811838,1.3833368372917176,3,-0.00010916973322309786,24000
4.0,0.0,-3.658938670158386,385,0.7863810371421277,1.4,0.09414649641958076,184.39,0.006462300348939607,1.3850434553623199,4,0.00032053794129751625,32000
4.0,0.0,-4.016594059467316,401,0.682839376134798,1.41,0.07592512168881502,183.17,0.005157749331108335,1.3850182282924652,5,-0.0005291094840140431,40000
3.0,0.0,-1.9077598363161088,410,0.6858148849569261,1.32,0.0767676043060198,179.51,0.005273097028621692,1.3857249999046326,6,0.0005479518335778266,48000
3.0,0.0,-1.952701182961464,415,0.8019337267614901,1.38,0.13773233343444047,182.44,0.0066881876599313725,1.3859684538841248,7,0.0017416548533947208,56000
3.0,0.0,-0.7251554816961289,419,0.7996362623199821,1.35,0.0880383540090681,178.84,0.006053176900368271,1.385754749774933,8,0.0001320867647882551,64000
4.0,0.0,-4.245195939540863,423,0.6928544393461198,1.57,0.07383512417525352,188.02,0.0055182165655520525,1.3856099236011505,9,3.320900403195992e-05,72000
