#{"t_start": 1544715590.9048517, "env_id": "BreakoutNoFrameskip-v4"}
r,l,t
5.0,328,55.575805
2.0,200,61.305251
4.0,299,90.341546
2.0,200,96.281145
4.0,286,104.938155
0.0,127,108.605294
0.0,127,112.46126
2.0,201,118.645167
0.0,127,122.698436
0.0,129,126.590507
3.0,250,134.54579
1.0,153,139.306902
3.0,254,147.389763
1.0,175,152.708171
2.0,205,159.020065
0.0,127,162.925809
0.0,129,166.899512
3.0,272,175.850966
1.0,175,181.583288
5.0,352,193.944593
2.0,192,200.416301
4.0,260,208.691485
4.0,281,218.192273
