#{"t_start": 1544715601.7430239, "env_id": "BreakoutNoFrameskip-v4"}
r,l,t
0.0,127,39.199492
0.0,129,42.327974
1.0,172,47.129641
0.0,125,50.405692
0.0,129,73.490411
0.0,129,77.426271
1.0,158,82.513374
0.0,129,85.941643
2.0,202,91.864362
1.0,156,96.672358
3.0,253,104.321368
1.0,157,109.319103
2.0,219,116.377892
0.0,129,120.356268
1.0,175,125.567441
3.0,251,133.700134
1.0,155,138.338169
4.0,278,147.094117
2.0,205,153.710444
2.0,223,160.890357
2.0,206,167.638549
3.0,235,175.43
1.0,173,181.360227
0.0,127,185.358799
0.0,129,189.821277
1.0,173,195.179351
0.0,127,198.942528
2.0,200,205.519922
