#{"t_start": 1544715596.7081354, "env_id": "BreakoutNoFrameskip-v4"}
r,l,t
3.0,228,47.002516
0.0,127,50.262996
0.0,127,53.854912
0.0,127,76.505155
0.0,127,80.452772
2.0,221,87.650951
3.0,249,94.874126
5.0,340,105.516628
0.0,127,109.076256
2.0,200,115.661043
2.0,222,122.652812
3.0,231,129.90912
0.0,129,133.991622
0.0,127,137.68331
0.0,127,141.589045
0.0,127,145.199442
3.0,251,153.116717
2.0,200,159.55894
3.0,240,167.553783
3.0,233,175.128418
0.0,127,179.092479
4.0,259,188.21924
2.0,198,194.924392
3.0,230,202.214132
5.0,327,213.277221
