#{"t_start": 1544715596.283982, "env_id": "BreakoutNoFrameskip-v4"}
r,l,t
2.0,185,46.308958
0.0,127,49.474481
3.0,248,75.763672
1.0,172,81.263579
0.0,127,85.138007
2.0,202,91.091016
0.0,129,94.788558
0.0,125,98.154249
0.0,125,102.049655
0.0,125,105.601331
0.0,127,109.182177
1.0,177,114.922047
0.0,127,118.876286
1.0,155,123.56634
4.0,303,133.410429
1.0,175,138.740521
1.0,176,144.172506
0.0,127,147.925524
5.0,352,159.416703
3.0,248,167.70452
0.0,129,171.495121
2.0,187,177.707835
2.0,201,184.504543
0.0,125,188.642714
2.0,220,196.039837
3.0,266,204.527815
0.0,129,208.55236
0.0,125,212.656178
