#{"t_start": 1544715602.2604518, "env_id": "BreakoutNoFrameskip-v4"}
r,l,t
0.0,129,38.761266
1.0,173,43.169996
3.0,252,69.585439
0.0,125,73.359616
1.0,175,78.952228
0.0,129,82.997506
1.0,155,87.042208
4.0,317,96.874116
5.0,346,107.988193
4.0,282,117.170994
1.0,171,122.548379
1.0,157,127.373442
0.0,127,131.123498
4.0,262,139.374587
0.0,125,143.051881
6.0,396,156.210801
0.0,127,159.98372
0.0,125,164.006422
1.0,157,168.975695
1.0,175,174.623091
0.0,127,178.924501
1.0,175,184.63749
1.0,156,189.958782
1.0,157,194.818675
2.0,204,201.179544
0.0,127,205.329085
