#{"t_start": 1544715591.8228915, "env_id": "BreakoutNoFrameskip-v4"}
r,l,t
0.0,129,49.19885
0.0,127,52.248671
1.0,155,56.501738
1.0,155,79.939925
0.0,127,83.799311
2.0,221,91.122889
0.0,127,94.59524
0.0,127,98.016009
3.0,249,105.67746
0.0,129,109.482487
1.0,173,114.698332
2.0,202,121.306866
0.0,127,125.079978
0.0,127,128.860852
1.0,157,133.752766
1.0,154,138.500477
0.0,123,142.118315
2.0,202,148.345865
4.0,266,156.713266
0.0,125,160.721503
1.0,157,165.463791
3.0,230,173.02706
0.0,127,176.9352
2.0,202,183.503549
4.0,291,193.757777
0.0,129,197.790643
4.0,284,207.312854
3.0,230,214.845166
