#{"t_start": 1544715590.9068117, "env_id": "BreakoutNoFrameskip-v4"}
r,l,t
0.0,127,50.035336
1.0,173,54.448143
0.0,127,57.902708
0.0,129,61.303001
1.0,172,85.982568
0.0,129,89.859235
3.0,234,96.951989
2.0,202,102.917139
5.0,350,113.891882
0.0,127,117.727738
3.0,233,125.35922
2.0,204,131.737314
1.0,173,137.084421
3.0,229,144.36663
0.0,129,148.366272
0.0,125,151.934233
2.0,202,158.158556
1.0,153,163.0322
0.0,127,166.913603
1.0,177,172.551468
4.0,300,182.679977
3.0,219,190.087698
6.0,355,202.39917
0.0,125,206.204241
2.0,181,211.785348
