#{"t_start": 1544715596.4357936, "env_id": "BreakoutNoFrameskip-v4"}
r,l,t
0.0,127,44.506723
1.0,155,48.355031
2.0,202,54.204584
2.0,201,79.41356
0.0,127,83.213961
0.0,127,87.324258
2.0,199,92.854432
0.0,127,96.57536
0.0,125,100.108469
0.0,125,103.786966
1.0,172,108.884332
2.0,183,114.814564
1.0,177,120.390351
1.0,153,125.155423
0.0,129,128.981977
1.0,172,134.391686
1.0,176,139.796603
2.0,184,145.35098
0.0,127,149.109047
5.0,328,159.894496
3.0,253,168.171408
0.0,125,172.01802
1.0,157,177.197673
0.0,129,181.122156
2.0,206,188.406821
3.0,272,197.655331
1.0,157,202.438353
1.0,173,207.795849
1.0,157,213.065703
