#{"t_start": 1544715594.6451101, "env_id": "BreakoutNoFrameskip-v4"}
r,l,t
1.0,177,47.708079
1.0,176,52.239179
3.0,234,78.371047
0.0,129,82.308185
1.0,175,88.031391
0.0,129,91.571841
1.0,170,96.396231
0.0,127,99.865813
1.0,155,104.578347
2.0,221,111.348954
0.0,127,115.266953
0.0,127,119.329651
1.0,175,124.647576
3.0,252,132.616684
0.0,123,136.516126
3.0,252,144.50304
1.0,153,149.102511
3.0,251,157.208462
2.0,225,164.388153
0.0,129,168.250931
0.0,129,172.282051
0.0,125,176.236933
0.0,127,180.16186
2.0,202,187.108293
3.0,232,194.859009
0.0,125,198.98179
0.0,129,202.880007
3.0,251,210.967594
0.0,123,215.06533
