#{"t_start": 1544715600.482516, "env_id": "BreakoutNoFrameskip-v4"}
r,l,t
4.0,264,44.183291
5.0,353,73.936266
1.0,155,78.773539
0.0,127,82.862426
1.0,155,87.105316
0.0,127,90.768183
1.0,177,95.90766
3.0,246,103.558074
3.0,252,111.710543
3.0,268,120.405577
0.0,129,124.278177
1.0,170,129.604502
1.0,173,134.88197
2.0,202,141.086267
1.0,153,145.66791
0.0,129,149.615178
3.0,230,157.11674
0.0,127,160.846305
4.0,299,170.95036
3.0,252,179.531564
2.0,199,186.188555
4.0,316,196.931204
3.0,248,204.900898
