#{"t_start": 1544715596.591118, "env_id": "BreakoutNoFrameskip-v4"}
r,l,t
1.0,153,45.102873
0.0,129,48.217177
0.0,127,51.655168
0.0,127,55.213884
3.0,270,82.868924
0.0,127,86.946215
4.0,302,95.903648
0.0,127,99.485104
0.0,127,103.224236
0.0,129,107.060513
3.0,250,115.064891
2.0,202,121.497577
0.0,127,125.380996
4.0,299,135.000813
0.0,127,138.704623
0.0,127,142.624365
3.0,252,150.517685
1.0,171,155.907616
1.0,159,160.80002
3.0,251,168.988366
0.0,129,172.966362
8.0,478,189.77572
2.0,220,197.242887
0.0,125,200.9862
4.0,321,211.839549
