#{"t_start": 1544715595.7133696, "env_id": "BreakoutNoFrameskip-v4"}
r,l,t
2.0,185,46.879546
0.0,125,49.97959
2.0,200,55.778121
0.0,125,78.311985
0.0,125,82.321797
0.0,129,86.321585
0.0,127,90.044416
0.0,129,93.330409
1.0,171,98.329465
0.0,127,102.166029
1.0,157,106.866214
1.0,173,112.057121
2.0,225,119.570844
0.0,125,123.220235
1.0,157,127.944834
1.0,157,132.911263
1.0,177,138.349646
0.0,127,142.214267
2.0,223,149.062204
1.0,176,154.552086
2.0,204,161.076986
0.0,127,164.91131
3.0,227,172.416024
3.0,268,181.341311
1.0,171,187.195778
1.0,172,192.8767
1.0,173,198.711599
4.0,280,207.581276
0.0,129,211.760414
