P09:episode_rewards,explained_variance,fps,PMM:episode_rewards,policy_loss,value_loss,episode_length,advantage_norm,grad_norm,epoch_idx,P01:episode_rewards,frames,policy_entropy
2.0,-6.272122482657433,523,0.8837209302325582,-0.06859109724697192,3.249066874419532,159.86046511627907,6.191369033008814,56.73257269086729,1,0.0,8000,1.2995652456162496
3.0,-6.979401924014091,312,1.105263157894737,1.030499450280331e-05,0.005213009183898975,169.92631578947368,0.6889490005746484,0.126202804413678,2,0.0,16000,1.3831601428985596
3.0,-7.704067753553391,356,1.28,0.00023765623460349162,0.006389730035562024,178.74,0.7834710851311684,0.1282903519925562,3,0.0,24000,1.3824790120124817
4.0,-5.075305069684982,378,1.48,-0.0001406394065452332,0.005863564859550934,187.1,0.7795667249523103,0.11371894681712985,4,0.0,32000,1.3858349680900575
3.0,-6.918716866374016,394,1.4,-7.638497430889401e-05,0.0049937523048151885,183.41,0.6715472614578902,0.09508462003196373,5,0.0,40000,1.3848230350017547
3.0,-9.653739266395569,406,1.24,0.00018843906291294844,0.00651365092844685,176.1,0.8124525744654238,0.11807882848473414,6,0.0,48000,1.3856229186058044
4.0,-2.686242998242378,412,1.62,0.000398244505704497,0.006640936389467242,190.49,0.8278260788321495,0.11450332675508669,7,0.0,56000,1.38527361869812
4.0,-2.7122645020484923,416,1.73,-0.0006604981287091505,0.006578901048551415,195.25,0.8220074550621211,0.11359271332575188,8,0.0,64000,1.3858662557601928
4.0,-4.199827517867089,420,1.56,0.00039072290132025956,0.006361900916663217,188.53,0.7750542615354061,0.11743024526752652,9,0.0,72000,1.3854511666297913
