#{"t_start": 1544715591.0247934, "env_id": "BreakoutNoFrameskip-v4"}
r,l,t
7.0,283,54.445161
4.0,299,82.723758
2.0,183,88.437293
3.0,232,95.336629
2.0,180,100.761302
0.0,127,104.626283
1.0,171,109.733915
1.0,155,114.594412
0.0,129,118.683782
2.0,220,125.784998
1.0,175,131.02895
0.0,127,134.86951
1.0,175,140.222289
1.0,155,144.689096
0.0,129,148.55978
1.0,175,154.026161
1.0,155,158.834059
2.0,201,165.322966
3.0,270,174.302249
0.0,127,178.115424
0.0,129,182.370169
4.0,298,192.478397
1.0,173,198.142187
1.0,173,203.518606
3.0,234,210.885496
