#{"t_start": 1544715602.4575615, "env_id": "BreakoutNoFrameskip-v4"}
r,l,t
3.0,250,42.041766
2.0,204,48.222804
0.0,129,70.901485
0.0,127,74.650141
0.0,127,78.551544
2.0,205,84.425344
1.0,175,89.750205
1.0,153,94.493259
0.0,129,98.126915
1.0,157,103.085487
0.0,125,107.032731
1.0,153,112.073159
0.0,127,115.604845
2.0,190,121.400491
1.0,175,126.90606
3.0,229,133.888757
1.0,171,139.034729
0.0,129,143.074043
3.0,247,150.801891
1.0,155,155.7294
0.0,125,159.793284
2.0,206,166.400759
5.0,328,177.720152
4.0,259,186.482064
0.0,129,190.331626
0.0,129,194.198215
0.0,127,198.036822
1.0,155,203.125737
