#{"t_start": 1544715598.0823796, "env_id": "BreakoutNoFrameskip-v4"}
r,l,t
0.0,127,42.990219
0.0,127,46.046588
1.0,157,50.754013
5.0,316,79.563063
0.0,127,83.570117
0.0,129,87.233147
1.0,155,91.541235
0.0,123,95.090572
2.0,185,100.902979
1.0,175,106.161957
1.0,154,111.182447
1.0,157,116.361445
2.0,188,121.904496
1.0,172,127.235042
4.0,260,135.268493
0.0,127,139.068348
0.0,125,142.666904
0.0,125,146.447365
1.0,171,151.875582
0.0,129,155.62331
3.0,248,164.013449
2.0,222,171.198711
7.0,324,182.373673
1.0,175,187.995836
2.0,192,194.246486
1.0,176,199.812691
1.0,173,205.120438
