#{"t_start": 1544715589.913867, "env_id": "BreakoutNoFrameskip-v4"}
r,l,t
3.0,252,54.708482
1.0,173,59.808869
2.0,221,85.36028
2.0,224,92.685108
2.0,202,98.267657
0.0,129,102.233817
1.0,176,107.870676
0.0,129,111.45065
1.0,173,116.921217
2.0,200,123.586239
2.0,224,130.436349
5.0,338,141.291807
0.0,127,144.862579
2.0,199,150.99276
0.0,127,154.8687
3.0,230,162.289432
0.0,127,166.226479
0.0,125,170.096757
2.0,221,177.249923
2.0,200,183.959656
1.0,155,188.989083
3.0,251,197.356836
0.0,127,201.468535
1.0,155,206.114444
0.0,125,209.926001
