#{"t_start": 1544715602.1111672, "env_id": "BreakoutNoFrameskip-v4"}
r,l,t
2.0,200,41.020481
0.0,127,44.260388
0.0,129,48.201903
2.0,201,73.035374
0.0,127,76.98634
0.0,127,80.784064
1.0,175,85.655263
1.0,173,91.004228
1.0,153,95.920628
4.0,294,105.220359
0.0,127,109.225314
0.0,125,113.185852
1.0,155,117.683603
1.0,155,122.389908
2.0,222,129.34695
1.0,151,133.716015
0.0,129,137.554123
3.0,234,145.159732
1.0,157,149.925294
1.0,178,155.499114
1.0,157,160.676621
1.0,157,165.487004
0.0,129,169.539072
0.0,127,173.777521
1.0,173,179.550335
1.0,173,185.01841
0.0,127,189.138233
2.0,202,195.426036
3.0,270,204.386664
