#{"t_start": 1544715592.5519457, "env_id": "BreakoutNoFrameskip-v4"}
r,l,t
0.0,125,48.479781
4.0,302,57.24843
0.0,127,79.768517
0.0,127,83.513333
0.0,129,87.539018
0.0,127,91.209341
0.0,127,94.572275
2.0,202,100.798468
0.0,123,104.621482
0.0,125,108.09254
1.0,172,113.586342
0.0,129,117.730803
1.0,175,123.343087
0.0,127,126.902373
0.0,125,130.537423
5.0,332,141.044721
0.0,123,144.757727
0.0,129,148.476817
0.0,127,152.348978
0.0,125,156.265603
0.0,127,160.020665
0.0,129,164.044459
1.0,157,169.05733
3.0,251,177.211353
0.0,127,181.374961
1.0,155,186.427547
1.0,171,192.097138
2.0,202,198.740807
3.0,250,206.741278
1.0,157,211.493588
