#{"t_start": 1544715590.9079874, "env_id": "BreakoutNoFrameskip-v4"}
r,l,t
4.0,297,54.920083
0.0,127,58.75509
1.0,153,82.2486
1.0,178,87.704791
1.0,157,92.464693
1.0,173,97.203412
0.0,127,101.119171
1.0,153,105.850569
0.0,123,109.346515
1.0,155,114.201162
2.0,207,121.056144
0.0,129,125.086192
0.0,127,128.6267
4.0,301,138.288329
1.0,173,143.325775
0.0,125,147.127252
2.0,183,152.792623
6.0,329,163.376894
1.0,155,168.490872
0.0,129,172.485668
0.0,127,176.344097
0.0,129,180.27196
2.0,227,188.156394
1.0,173,193.895693
2.0,220,201.055319
3.0,246,208.889609
0.0,129,212.724599
