#{"t_start": 1544715596.3077812, "env_id": "BreakoutNoFrameskip-v4"}
r,l,t
0.0,127,44.765962
0.0,129,47.93279
1.0,157,52.589824
2.0,227,78.216853
0.0,123,82.107833
1.0,156,86.803577
1.0,157,91.161359
0.0,129,95.069878
0.0,129,98.876546
2.0,221,105.74765
0.0,127,109.620261
1.0,170,115.235814
1.0,155,120.072566
2.0,199,126.042363
3.0,246,133.97517
1.0,175,138.973791
2.0,188,144.816335
1.0,157,149.8537
0.0,129,153.709473
0.0,129,157.437361
1.0,174,163.203649
0.0,129,167.228621
2.0,225,174.494349
3.0,230,182.321459
0.0,127,186.357567
0.0,127,190.358455
0.0,129,194.432598
0.0,127,198.29262
