#{"t_start": 1544715587.9913294, "env_id": "BreakoutNoFrameskip-v4"}
r,l,t
0.0,129,53.164072
0.0,129,56.308476
0.0,123,59.819139
0.0,127,63.571887
2.0,204,88.666225
1.0,177,94.3226
4.0,286,102.747585
1.0,157,107.675645
1.0,155,112.212891
2.0,205,118.802403
0.0,129,123.003328
1.0,157,127.956698
0.0,129,131.574793
0.0,125,135.217301
5.0,284,144.283385
0.0,127,147.901935
1.0,173,153.179459
2.0,200,159.697115
2.0,222,166.552762
1.0,155,171.649183
3.0,216,178.653709
0.0,129,182.598064
0.0,127,186.763596
2.0,225,194.31588
0.0,129,198.364355
2.0,203,204.981014
4.0,298,214.498438
0.0,129,218.834599
