#{"t_start": 1544715595.5791726, "env_id": "BreakoutNoFrameskip-v4"}
r,l,t
0.0,125,45.450233
1.0,155,49.403417
2.0,227,56.294678
1.0,155,79.782187
0.0,127,83.681367
1.0,155,88.401617
1.0,156,92.590369
0.0,125,96.410247
1.0,157,101.319598
0.0,129,104.955421
4.0,284,114.413779
0.0,129,118.560045
1.0,173,123.645208
1.0,173,128.989769
0.0,127,132.947402
1.0,157,137.464537
0.0,127,141.141887
3.0,271,149.834396
2.0,221,156.831981
1.0,155,161.693021
1.0,153,166.643178
1.0,155,171.47685
23.0,601,192.437217
2.0,200,198.830037
3.0,255,206.910017
0.0,127,211.164437
