#{"t_start": 1544715601.9891393, "env_id": "BreakoutNoFrameskip-v4"}
r,l,t
0.0,127,39.08348
0.0,127,42.139829
2.0,205,48.421991
1.0,157,71.953374
1.0,176,77.392076
2.0,229,84.275372
0.0,127,87.945338
0.0,125,91.567586
0.0,129,95.662791
0.0,129,99.267549
0.0,125,103.084222
0.0,125,106.950037
0.0,127,111.053678
0.0,127,114.842643
0.0,127,118.468066
0.0,127,122.298195
0.0,127,126.209375
0.0,129,129.848095
1.0,156,134.464558
0.0,125,138.101012
1.0,157,142.975228
0.0,129,147.005376
4.0,305,156.966627
0.0,127,160.992255
1.0,174,166.436965
0.0,129,170.531475
4.0,278,180.084369
1.0,173,185.711353
3.0,250,193.789483
1.0,178,199.282762
