#{"t_start": 1544715602.0901868, "env_id": "BreakoutNoFrameskip-v4"}
r,l,t
2.0,198,40.951768
0.0,123,44.060051
0.0,129,48.058229
1.0,173,72.090566
2.0,221,79.204932
0.0,127,82.891726
2.0,183,88.039539
0.0,125,91.701165
3.0,251,99.628121
2.0,225,106.927412
4.0,324,117.475615
2.0,220,124.436348
0.0,127,128.263102
1.0,155,132.617081
1.0,157,137.424328
0.0,129,141.353775
0.0,129,145.391292
2.0,187,151.044945
1.0,173,156.671149
2.0,203,163.354822
0.0,129,167.281044
2.0,199,174.012352
0.0,125,177.973182
2.0,225,185.426387
1.0,155,190.326618
1.0,173,195.754661
0.0,127,199.433206
