epoch_idx,frames,explained_variance,policy_entropy,fps,value_loss,PMM:episode_rewards,P01:episode_rewards,P09:episode_rewards,advantage_norm,episode_length,grad_norm,policy_loss
1,8000,-11.013153812885285,1.3219776904582978,520,0.9255828142641258,1.0,0.0,2.8999999999999986,4.364263414405286,164.76190476190476,28.835071859075423,-0.14263770699268208
2,16000,-2.876667650938034,1.3664339017868041,313,0.0049844032226747,1.074468085106383,0.0,3.0,0.6579851397685706,168.56382978723406,0.10246152328412501,-0.0005692086450289935
3,24000,-5.63146812081337,1.3697248351573945,353,0.004113240967812999,0.96,0.0,2.0,0.5275458160229027,163.95,0.07778828017374632,0.0001952958856600162
4,32000,-2.9479124188423156,1.3765642595291139,376,0.004241552232688264,0.82,0.0,2.0,0.579837074931711,158.62,0.07421958785656205,0.00034121749638870824
5,40000,-2.1828470462560654,1.379408656358719,393,0.005075763410736726,1.07,0.0,3.0,0.6498118129558861,168.82,0.07975266553143738,-0.00035349337107618337
6,48000,-2.653414509296417,1.3770701241493226,405,0.00532611985688618,1.15,0.0,3.0,0.6786534337326884,171.1,0.08292887781611792,0.00019408517284318804
7,56000,-2.0445418226718903,1.3789091098308563,411,0.0049474116590567975,1.07,0.0,3.0,0.6626684520579874,168.91,0.08249165983470584,-6.348482565954328e-07
8,64000,-1.237051146030426,1.3842745018005371,415,0.006835226000102921,1.55,0.0,3.1000000000000085,0.8179593898355961,183.77,0.09170971760171512,0.0012886112183332443
