#{"t_start": 1544715596.5288813, "env_id": "BreakoutNoFrameskip-v4"}
r,l,t
1.0,155,45.029967
1.0,173,49.06113
1.0,176,52.373977
4.0,317,72.542895
2.0,198,74.606611
1.0,178,79.676083
0.0,129,82.024414
1.0,155,84.703862
0.0,125,87.115851
2.0,225,91.786838
4.0,302,97.637213
1.0,171,100.782969
0.0,127,103.166525
2.0,203,106.878447
3.0,232,111.269543
1.0,171,114.063336
0.0,127,116.05405
1.0,172,118.861173
0.0,129,121.457551
0.0,127,123.814352
0.0,129,126.089087
2.0,202,129.7199
6.0,373,136.530402
0.0,129,138.920725
2.0,202,142.303033
2.0,204,145.941118
0.0,129,148.034584
4.0,321,153.799597
3.0,266,158.779909
0.0,129,160.772636
2.0,202,164.055245
0.0,129,166.204158
1.0,174,168.995051
3.0,253,173.203573
2.0,206,176.614564
1.0,155,179.071194
0.0,127,181.039453
0.0,127,182.839727
0.0,129,184.89507
0.0,129,186.887585
0.0,127,188.85674
1.0,175,191.632339
0.0,129,193.559556
3.0,236,197.730879
3.0,270,203.350319
2.0,204,206.925067
5.0,330,212.368716
1.0,155,214.944325
