#{"t_start": 1544715602.0301747, "env_id": "BreakoutNoFrameskip-v4"}
r,l,t
0.0,125,38.660316
1.0,155,42.447243
1.0,157,45.400976
3.0,272,65.486871
0.0,125,67.018077
1.0,171,68.742773
0.0,125,71.600444
2.0,224,76.842178
2.0,200,80.34201
2.0,219,84.938962
0.0,129,87.327945
0.0,129,89.54184
0.0,129,92.106848
1.0,175,95.350677
0.0,129,97.787604
1.0,155,100.554163
4.0,304,106.235186
4.0,299,111.280973
2.0,202,114.925359
2.0,223,119.345992
0.0,125,121.552658
0.0,125,123.72548
0.0,127,125.74478
3.0,250,130.36444
0.0,125,132.628929
0.0,127,134.682147
0.0,127,136.729228
1.0,175,139.879524
0.0,127,141.818122
5.0,329,147.837775
0.0,127,150.07523
3.0,250,154.500464
0.0,127,156.505037
4.0,283,161.307567
1.0,153,163.758392
1.0,159,166.290455
0.0,127,168.34454
0.0,125,170.329325
0.0,129,172.349749
0.0,129,174.233492
0.0,129,176.21321
1.0,176,178.890285
3.0,253,183.132641
2.0,223,186.767603
2.0,206,190.42811
1.0,153,192.831923
2.0,204,197.243477
2.0,224,201.15612
0.0,129,203.120999
6.0,400,210.054601
