#{"t_start": 1544715602.2998052, "env_id": "BreakoutNoFrameskip-v4"}
r,l,t
1.0,174,39.878909
1.0,171,43.673392
2.0,225,63.690377
0.0,129,65.124532
3.0,250,67.993118
5.0,315,75.251904
2.0,185,78.645558
2.0,190,82.205034
2.0,200,86.449951
0.0,127,88.657118
1.0,175,92.028451
1.0,155,94.879017
1.0,177,98.299188
1.0,154,100.932816
1.0,157,103.904601
1.0,157,106.553497
0.0,129,108.697553
0.0,129,110.656728
1.0,155,113.202554
0.0,127,115.759015
2.0,222,119.881425
0.0,123,121.975014
1.0,175,125.142505
3.0,271,130.034032
1.0,173,133.262807
9.0,404,140.533635
0.0,129,142.568425
0.0,127,144.530837
0.0,129,146.826314
0.0,129,149.179061
0.0,125,151.470037
1.0,155,153.852313
0.0,127,155.893207
0.0,127,157.843944
0.0,129,159.935746
0.0,129,161.86503
0.0,127,164.064229
0.0,129,166.020879
3.0,268,170.589693
3.0,258,174.780333
1.0,175,177.370996
2.0,202,180.76755
1.0,171,183.523503
1.0,176,186.293478
0.0,129,188.313126
1.0,174,191.406881
1.0,157,194.127322
0.0,129,196.938077
1.0,174,199.879673
4.0,301,204.886485
0.0,127,206.961428
