#{"t_start": 1544715601.414655, "env_id": "BreakoutNoFrameskip-v4"}
r,l,t
4.0,282,43.470584
1.0,178,46.828297
0.0,129,64.817825
0.0,127,66.157333
0.0,127,67.747568
0.0,127,68.96368
3.0,217,74.225206
2.0,204,78.278946
0.0,127,80.224068
0.0,127,82.731795
2.0,220,87.277163
0.0,127,89.466301
3.0,250,94.55482
0.0,129,96.660905
0.0,127,99.116125
1.0,175,102.269188
1.0,173,105.421764
3.0,272,110.146667
3.0,234,114.033082
3.0,250,119.101023
2.0,200,122.68041
2.0,204,126.301137
0.0,129,128.391534
0.0,129,130.714822
0.0,127,133.08034
2.0,200,136.414125
1.0,157,139.314426
0.0,125,141.326179
0.0,127,143.339016
2.0,202,146.864712
2.0,225,151.036324
2.0,220,154.834217
0.0,129,156.921357
0.0,129,158.882972
4.0,324,164.496597
1.0,154,166.913628
0.0,125,168.898867
0.0,127,170.944699
5.0,310,176.066978
2.0,187,178.847004
0.0,123,180.934735
0.0,129,182.85191
1.0,173,185.615395
2.0,205,188.893213
1.0,157,191.673627
1.0,171,194.595104
0.0,125,197.418687
1.0,155,200.035695
0.0,129,202.266191
1.0,174,204.864588
3.0,248,209.06794
