#{"t_start": 1544715602.0422966, "env_id": "BreakoutNoFrameskip-v4"}
r,l,t
1.0,171,40.015438
4.0,277,45.883172
0.0,129,64.05814
1.0,175,66.068885
4.0,260,69.002747
2.0,201,74.509753
0.0,127,76.830706
1.0,178,79.827248
1.0,178,83.381553
0.0,127,86.068209
0.0,129,88.300589
0.0,129,90.703788
2.0,201,94.65309
2.0,187,98.149273
1.0,173,101.225288
0.0,127,103.690247
0.0,129,105.820085
1.0,157,108.417953
0.0,127,110.343308
0.0,127,112.335121
1.0,174,115.611193
1.0,155,118.626175
0.0,129,120.94669
0.0,129,123.12321
0.0,129,125.331428
3.0,272,130.180526
0.0,127,132.55366
0.0,129,134.642801
3.0,272,139.538062
2.0,219,143.284084
0.0,127,145.234144
2.0,202,149.14029
1.0,155,151.957561
1.0,151,154.300945
7.0,322,159.763858
0.0,127,161.735468
0.0,127,163.815871
1.0,174,166.652268
0.0,125,168.63464
0.0,129,170.626476
0.0,127,172.653857
0.0,129,174.506533
0.0,127,176.459126
1.0,175,179.249785
1.0,175,182.042867
3.0,232,185.872375
3.0,252,190.282695
1.0,154,192.628441
0.0,129,195.004058
1.0,173,198.637879
2.0,226,202.494007
0.0,123,204.301383
0.0,129,206.199639
2.0,222,210.205129
