#{"t_start": 1544715597.6634219, "env_id": "BreakoutNoFrameskip-v4"}
r,l,t
3.0,264,46.725179
0.0,125,49.138753
2.0,204,68.645536
0.0,129,70.031847
0.0,127,71.613749
3.0,273,76.098028
3.0,272,82.31819
1.0,173,85.43924
5.0,270,91.019547
1.0,155,93.728102
0.0,129,96.208726
6.0,398,104.041726
0.0,127,106.375093
2.0,200,110.021267
3.0,250,114.224608
4.0,263,118.846567
3.0,250,123.79598
0.0,127,126.01381
2.0,223,129.972919
1.0,173,132.856009
0.0,127,135.240693
0.0,125,137.559735
0.0,129,139.577951
0.0,123,141.553161
3.0,250,146.01342
2.0,200,149.31191
1.0,175,152.540608
0.0,127,154.886707
0.0,129,157.188477
2.0,202,160.338524
2.0,222,164.054366
1.0,175,166.952007
1.0,155,169.504885
1.0,176,172.300938
0.0,127,174.341143
0.0,127,176.211288
4.0,259,180.483547
0.0,127,182.267176
0.0,127,184.500847
1.0,174,187.10791
5.0,348,193.013111
1.0,173,196.085887
0.0,129,198.171039
2.0,205,202.467338
1.0,173,205.48288
0.0,127,207.402493
7.0,329,212.951703
