#{"t_start": 1544715600.8766491, "env_id": "BreakoutNoFrameskip-v4"}
r,l,t
0.0,125,39.779436
0.0,129,42.895432
0.0,123,45.450199
4.0,279,66.040523
0.0,129,67.547353
0.0,125,68.883582
1.0,173,71.085563
0.0,127,74.908136
1.0,171,78.312357
0.0,129,80.387811
3.0,254,85.595283
3.0,226,89.953208
4.0,304,96.004731
1.0,153,98.880719
1.0,157,101.675366
0.0,123,103.963126
1.0,176,107.071771
0.0,129,109.200571
3.0,269,113.641477
1.0,157,116.530306
8.0,465,125.655971
2.0,205,129.03954
3.0,248,133.88565
4.0,291,138.990041
1.0,155,141.700398
1.0,173,144.582805
2.0,202,148.104685
0.0,127,150.437591
1.0,153,153.208936
3.0,272,157.708828
4.0,299,162.748369
1.0,175,165.688588
0.0,129,167.654685
7.0,429,174.943121
0.0,125,176.892301
4.0,318,182.080024
2.0,198,185.270216
3.0,248,189.269564
3.0,234,193.38507
1.0,155,196.214501
1.0,155,199.462163
0.0,129,201.66721
0.0,129,203.694516
0.0,127,205.557789
0.0,127,207.572279
1.0,171,210.446749
