#{"t_start": 1544715600.628368, "env_id": "BreakoutNoFrameskip-v4"}
r,l,t
1.0,173,41.506493
3.0,271,47.229626
2.0,189,66.17769
3.0,250,69.153571
2.0,202,72.573525
4.0,323,79.889047
1.0,155,82.699433
4.0,277,88.36672
0.0,127,90.536139
1.0,172,93.914521
0.0,129,96.291337
0.0,129,98.646366
0.0,125,100.833316
1.0,175,104.168766
2.0,224,108.088918
2.0,223,111.82186
1.0,173,114.668212
1.0,172,118.097945
1.0,153,120.92466
0.0,127,123.130651
1.0,157,125.98047
4.0,301,131.296248
5.0,353,137.827232
5.0,310,143.322047
4.0,321,149.173345
1.0,157,152.152031
9.0,423,159.358761
3.0,250,163.476682
3.0,270,168.231411
4.0,301,173.144982
4.0,261,177.467773
1.0,175,180.10543
0.0,127,182.212527
1.0,157,184.68347
0.0,129,186.664055
2.0,202,189.951232
2.0,226,193.847263
0.0,127,196.175662
0.0,129,198.980515
1.0,175,202.009734
2.0,206,205.291502
2.0,200,208.632117
2.0,200,212.094384
