#{"t_start": 1544715594.6271846, "env_id": "BreakoutNoFrameskip-v4"}
r,l,t
3.0,248,49.321846
1.0,172,52.746724
1.0,173,71.68202
2.0,220,74.362093
0.0,129,75.572395
2.0,222,80.694318
3.0,252,85.701036
12.0,521,96.281619
3.0,213,100.734345
3.0,272,105.747762
1.0,174,108.884017
4.0,299,114.418905
3.0,271,118.925876
2.0,221,123.108368
0.0,129,125.585978
2.0,200,129.182739
1.0,155,132.015904
1.0,174,134.845348
0.0,129,137.132117
2.0,225,141.28771
0.0,125,143.264687
1.0,153,146.045201
0.0,127,148.143244
2.0,200,151.492474
2.0,202,155.008937
0.0,129,157.364193
0.0,127,159.73969
0.0,127,161.578712
0.0,129,163.633611
0.0,129,165.628027
0.0,127,167.683908
0.0,129,169.626217
2.0,200,173.057572
7.0,371,179.373837
7.0,432,186.416206
3.0,250,190.617098
2.0,202,193.81543
0.0,129,195.849348
4.0,279,200.860753
1.0,177,204.733418
1.0,176,207.697952
4.0,293,212.533225
0.0,129,214.683284
2.0,223,218.604165
