#{"t_start": 1544715602.3419533, "env_id": "BreakoutNoFrameskip-v4"}
r,l,t
4.0,299,42.923234
0.0,129,45.201808
6.0,380,66.75268
0.0,125,67.918029
0.0,125,69.750725
2.0,205,75.170752
1.0,155,78.06318
2.0,187,81.547242
0.0,125,83.94827
0.0,129,86.517115
1.0,175,89.609587
4.0,299,95.521348
0.0,129,97.984098
0.0,127,100.18076
0.0,127,102.595806
4.0,299,107.957711
0.0,127,109.83207
0.0,127,111.850796
1.0,178,115.147655
0.0,127,117.614819
1.0,176,120.839327
1.0,176,123.99089
0.0,127,125.873262
0.0,127,128.009116
0.0,129,130.453499
3.0,252,134.994268
0.0,125,137.031185
0.0,127,139.286274
4.0,299,144.390755
1.0,155,147.122684
2.0,202,151.115583
0.0,127,153.059752
2.0,202,156.350187
3.0,247,160.587595
2.0,188,163.660873
0.0,127,165.650703
2.0,202,169.003613
1.0,172,171.770077
4.0,303,176.544427
1.0,174,179.501847
1.0,176,182.188838
0.0,129,184.232243
3.0,253,188.428662
6.0,349,195.593743
2.0,225,199.372145
0.0,129,201.58663
1.0,172,204.157401
1.0,159,206.779334
2.0,200,210.261226
