#{"t_start": 1544715600.8951342, "env_id": "BreakoutNoFrameskip-v4"}
r,l,t
0.0,127,39.119892
0.0,129,42.099792
1.0,155,46.346647
2.0,222,71.087658
0.0,127,74.834352
0.0,129,78.452409
3.0,250,86.179628
3.0,250,93.853935
1.0,157,98.804866
0.0,129,102.615367
1.0,155,107.537537
3.0,270,116.342491
2.0,203,122.867484
1.0,151,127.544682
0.0,127,131.283924
1.0,176,136.743033
7.0,322,147.101818
0.0,129,151.002826
2.0,220,158.403404
2.0,218,165.707462
4.0,319,176.32571
4.0,319,187.557403
1.0,174,192.956838
1.0,155,198.004637
1.0,173,203.486962
1.0,173,209.105626
