#{"t_start": 1544715594.0523834, "env_id": "BreakoutNoFrameskip-v4"}
r,l,t
4.0,301,50.706363
1.0,153,55.017733
2.0,224,79.782358
4.0,278,88.561206
0.0,129,92.249698
0.0,127,95.681617
0.0,129,99.586379
2.0,224,106.786969
2.0,224,113.835093
0.0,129,117.809333
2.0,221,124.962248
1.0,153,129.809342
0.0,125,133.546846
0.0,123,137.213697
3.0,251,145.260162
1.0,173,150.515729
0.0,127,154.278019
2.0,202,160.912265
2.0,218,168.253509
2.0,198,174.707536
1.0,158,179.882718
1.0,151,184.627238
3.0,252,193.353389
0.0,127,197.355875
0.0,127,201.098852
2.0,202,207.731377
0.0,129,211.710509
