#{"t_start": 1544715602.0469863, "env_id": "BreakoutNoFrameskip-v4"}
r,l,t
0.0,129,38.026325
2.0,200,43.16072
1.0,155,47.549858
0.0,129,69.405731
0.0,129,73.033422
3.0,231,80.2051
1.0,174,85.276435
0.0,127,88.853596
0.0,127,92.622196
4.0,321,103.109213
3.0,248,111.254997
0.0,129,115.136843
2.0,191,121.233615
0.0,127,125.050909
0.0,127,128.913188
0.0,127,132.730979
2.0,186,138.454324
1.0,175,143.941486
0.0,129,147.665075
1.0,157,152.828551
2.0,204,159.602151
6.0,273,168.677546
1.0,171,174.283774
0.0,129,178.450941
2.0,221,186.027215
1.0,173,191.451991
1.0,157,196.536573
1.0,175,202.09234
2.0,202,208.698739
