#{"t_start": 1544715600.2011518, "env_id": "BreakoutNoFrameskip-v4"}
r,l,t
1.0,157,40.565031
0.0,127,43.630758
2.0,220,50.166231
3.0,233,75.2178
0.0,129,78.912873
9.0,399,91.340201
2.0,199,97.675004
0.0,129,101.544554
0.0,123,105.226521
3.0,229,112.634066
1.0,157,117.499958
3.0,251,125.723632
0.0,127,129.513217
0.0,129,133.441539
0.0,125,137.083125
2.0,204,143.481359
1.0,173,148.756117
0.0,127,152.717297
0.0,127,156.656287
0.0,125,160.790974
1.0,153,165.765255
1.0,173,171.246753
4.0,280,180.826999
3.0,223,188.525316
0.0,125,192.258881
1.0,157,197.287557
1.0,158,202.234496
0.0,127,206.177576
