#{"t_start": 1544715595.7444203, "env_id": "BreakoutNoFrameskip-v4"}
r,l,t
1.0,173,45.404266
0.0,127,48.525922
0.0,125,51.959347
0.0,127,55.693693
1.0,175,78.799417
8.0,353,89.994607
2.0,200,95.87009
2.0,200,102.240519
3.0,212,108.942327
0.0,125,112.753
2.0,223,119.961114
0.0,127,123.718681
3.0,235,131.305279
1.0,175,136.759884
0.0,129,140.585074
5.0,301,150.391466
0.0,127,154.061867
0.0,129,158.17793
3.0,250,166.676095
3.0,237,174.436609
1.0,173,180.092994
0.0,129,184.257802
0.0,125,188.074706
0.0,127,192.415455
0.0,129,196.338411
0.0,123,200.062903
2.0,199,206.566002
1.0,157,211.581198
