#{"t_start": 1544715602.50184, "env_id": "BreakoutNoFrameskip-v4"}
r,l,t
3.0,250,40.757334
1.0,155,45.02189
2.0,221,69.711215
3.0,249,77.321854
3.0,227,84.350392
2.0,219,90.960559
0.0,127,94.832567
1.0,153,99.44587
5.0,313,109.767908
0.0,129,113.72877
8.0,476,129.474929
2.0,204,135.963201
1.0,177,141.338466
0.0,125,145.129025
0.0,127,148.928019
2.0,200,155.431181
0.0,129,159.719761
0.0,129,163.784966
5.0,326,174.676323
0.0,129,178.9468
1.0,171,184.681214
1.0,178,190.404328
1.0,173,195.973904
2.0,204,202.519945
