#{"t_start": 1544715602.2933795, "env_id": "BreakoutNoFrameskip-v4"}
r,l,t
0.0,129,37.780014
0.0,127,40.736119
0.0,125,43.953313
1.0,171,49.14719
2.0,221,73.86646
4.0,297,83.187135
1.0,171,87.941808
0.0,127,91.76765
3.0,249,99.766713
1.0,158,104.641162
1.0,157,109.613585
2.0,222,116.788883
0.0,123,120.483262
4.0,320,130.899337
3.0,252,138.865432
1.0,155,143.715845
0.0,129,147.42118
1.0,155,152.505354
2.0,199,159.08664
0.0,129,163.206779
0.0,127,167.174602
2.0,224,174.545944
0.0,127,178.664871
2.0,227,186.542192
0.0,127,190.306087
0.0,129,194.308473
5.0,352,206.179328
