#{"t_start": 1544715599.6153677, "env_id": "BreakoutNoFrameskip-v4"}
r,l,t
3.0,248,43.555219
2.0,200,49.280757
0.0,127,71.406737
0.0,127,74.515083
2.0,186,80.154616
1.0,155,84.937373
2.0,224,91.510337
0.0,127,95.380244
0.0,127,99.323606
1.0,153,103.859118
3.0,231,111.267113
1.0,172,116.786563
0.0,123,120.544911
1.0,155,125.461757
1.0,151,130.009852
3.0,252,138.081981
0.0,127,141.824307
0.0,127,145.671308
3.0,252,153.7863
0.0,123,157.524575
2.0,203,164.655895
0.0,129,168.5056
1.0,170,174.06149
2.0,201,180.733854
3.0,253,189.487872
0.0,129,193.357761
1.0,170,198.794553
0.0,127,202.683435
0.0,129,206.641132
0.0,125,210.638969
