#{"t_start": 1544715595.0256584, "env_id": "BreakoutNoFrameskip-v4"}
r,l,t
0.0,129,45.039344
3.0,250,51.568802
1.0,157,56.320596
0.0,129,78.045293
0.0,127,81.76677
1.0,151,86.244433
1.0,155,90.821802
0.0,123,94.02664
2.0,204,100.568691
0.0,129,104.466146
1.0,176,109.932203
0.0,127,113.822907
0.0,127,117.698773
0.0,127,121.579878
1.0,157,126.426039
3.0,213,133.367556
1.0,169,138.572966
0.0,129,142.423388
10.0,451,157.155094
4.0,303,167.653684
0.0,129,171.678072
2.0,202,178.182689
4.0,301,188.39679
3.0,269,197.553216
1.0,155,202.521503
0.0,129,206.45943
1.0,176,212.149246
