#{"t_start": 1544715602.2950006, "env_id": "BreakoutNoFrameskip-v4"}
r,l,t
0.0,125,37.672218
0.0,129,40.635289
1.0,157,44.952763
0.0,127,48.650133
2.0,224,73.529248
5.0,351,84.445666
1.0,177,89.671018
1.0,157,94.514559
1.0,176,99.950213
0.0,125,103.715798
3.0,270,112.666605
0.0,127,116.405426
3.0,229,123.881557
0.0,127,127.662582
1.0,173,132.99568
1.0,174,138.364337
2.0,222,145.44926
3.0,230,152.890121
0.0,125,156.877938
4.0,297,166.937263
1.0,174,172.639647
12.0,433,187.881011
4.0,280,196.914865
0.0,127,200.733313
