#{"t_start": 1544715601.544981, "env_id": "BreakoutNoFrameskip-v4"}
r,l,t
1.0,155,39.141765
0.0,129,42.275748
2.0,204,48.23456
1.0,173,71.406766
0.0,129,75.155466
0.0,129,78.826105
0.0,123,82.441389
1.0,154,86.785988
2.0,181,92.33282
0.0,125,96.176266
1.0,173,101.560336
3.0,248,109.468699
3.0,238,117.225617
0.0,125,121.034543
0.0,129,125.018594
0.0,127,128.872728
1.0,155,133.603919
0.0,129,137.577371
1.0,172,142.734437
0.0,129,146.600791
4.0,320,157.386224
4.0,302,167.648125
4.0,301,177.846684
0.0,127,181.811784
2.0,222,189.531915
0.0,127,193.227277
0.0,127,197.274927
0.0,127,201.120691
0.0,127,205.143929
