#{"t_start": 1544715592.7892857, "env_id": "BreakoutNoFrameskip-v4"}
r,l,t
2.0,220,49.602075
1.0,172,54.2466
3.0,250,79.989934
2.0,224,86.712972
1.0,153,91.41331
2.0,184,96.615355
2.0,222,103.787918
2.0,223,110.77634
0.0,125,114.534934
2.0,223,121.908344
1.0,173,127.248159
3.0,226,134.509932
2.0,204,140.996566
0.0,127,144.75829
0.0,127,148.509297
0.0,129,152.420658
0.0,127,156.084608
2.0,203,162.801144
2.0,204,169.754707
5.0,350,181.508298
2.0,203,188.277826
1.0,176,194.166485
0.0,129,198.384218
1.0,175,203.802137
2.0,220,210.90576
0.0,129,215.068763
