#{"t_start": 1544715602.355535, "env_id": "BreakoutNoFrameskip-v4"}
r,l,t
2.0,220,40.049263
4.0,263,47.739146
1.0,174,70.900712
0.0,125,74.591656
5.0,332,84.809008
2.0,223,91.587618
2.0,224,98.843164
0.0,127,102.604945
1.0,178,108.093837
2.0,183,114.046407
0.0,127,117.972122
1.0,178,123.631387
1.0,175,129.045229
1.0,174,134.331893
1.0,155,139.147254
4.0,299,148.746931
2.0,202,155.281321
1.0,157,160.697788
3.0,270,169.547487
2.0,220,176.983928
1.0,155,182.067086
1.0,173,188.011694
0.0,125,191.541964
0.0,127,195.551765
1.0,175,201.070212
0.0,127,205.163793
