#{"t_start": 1544715600.3335185, "env_id": "BreakoutNoFrameskip-v4"}
r,l,t
0.0,127,39.681559
0.0,129,42.684285
0.0,127,45.979181
2.0,190,70.488716
0.0,129,73.403208
0.0,125,77.043491
0.0,127,80.83949
0.0,123,84.429235
3.0,249,91.894659
1.0,173,97.269383
1.0,159,102.16039
1.0,155,106.905878
1.0,153,111.77597
1.0,157,116.702186
0.0,127,120.598759
4.0,301,130.419401
2.0,204,136.712567
2.0,204,143.113653
2.0,204,149.520009
4.0,319,160.34294
2.0,184,166.537688
0.0,127,170.316515
1.0,157,175.450883
0.0,129,179.618782
1.0,153,184.766841
0.0,127,188.844609
2.0,199,195.040446
4.0,270,204.076501
0.0,127,208.048565
