frames,explained_variance,value_loss,policy_loss,advantage_norm,episode_length,fps,P01:episode_rewards,PMM:episode_rewards,grad_norm,policy_entropy,P09:episode_rewards,epoch_idx
8000,-3.4419828766584395,1.9100141049886725,-0.15591326119509177,5.501955702546984,164.41304347826087,533,0.0,0.9782608695652174,43.44135490113935,1.3345425333594902,2.5,1
16000,-3.754152317047119,0.006468444181928134,0.0008340443716588198,0.7688126361370087,170.2087912087912,324,0.0,1.1428571428571428,0.11093612872357911,1.3806501495838166,3.0,2
24000,-1.7976322549581527,0.005382158320204553,-0.001300804206985049,0.7071056585013866,181.57,365,0.0,1.43,0.08038006521816511,1.3845739948749543,3.0,3
32000,-3.4797065234184266,0.00589711904100227,0.00027940460771787914,0.7754178746929392,190.16,385,0.0,1.62,0.07666302103045478,1.385005054473877,3.0,4
40000,-2.831988048553467,0.005526435967217367,0.0005557155113638146,0.7033763782307506,179.85,400,0.0,1.34,0.08021725544474671,1.3848100697994232,3.0,5
48000,-3.902731693983078,0.006539429487647794,0.003527170951019798,0.7767005665786564,181.89,410,0.0,1.4,0.12675207396565916,1.3845508015155792,3.1000000000000085,6
56000,-2.0506201976537706,0.0061114639005245405,0.0003452765161637217,0.7495041803643108,185.21,416,0.0,1.5,0.08134546666469043,1.3847984969615936,4.0,7
64000,-1.3044720578193665,0.006427888241933033,-0.00023713326663710177,0.7758462672308087,196.86,418,0.0,1.73,0.08807727407571049,1.3844068789482116,4.0,8
72000,-3.9963686752319334,0.004118428162892087,3.1603644501956296e-05,0.5462777191214263,183.08,423,0.0,1.42,0.06276151436334045,1.384875328540802,4.0,9
