#{"t_start": 1546138371.9964175, "env_id": "BreakoutNoFrameskip-v4"}
r,l,t
1.0,173,100.971045
1.0,173,112.846082
0.0,129,122.413384
