#{"t_start": 1546138373.0397801, "env_id": "BreakoutNoFrameskip-v4"}
r,l,t
1.0,177,100.231102
0.0,129,108.855687
2.0,186,122.733387
