#{"t_start": 1546138371.0824864, "env_id": "BreakoutNoFrameskip-v4"}
r,l,t
2.0,202,103.978453
0.0,125,112.38462
1.0,175,125.448339
