#{"t_start": 1546138372.888977, "env_id": "BreakoutNoFrameskip-v4"}
r,l,t
0.0,127,96.865277
0.0,125,104.977765
2.0,187,118.572109
