#{"t_start": 1546138372.7349596, "env_id": "BreakoutNoFrameskip-v4"}
r,l,t
2.0,223,103.969596
0.0,127,112.499566
