#{"t_start": 1546138372.4039292, "env_id": "BreakoutNoFrameskip-v4"}
r,l,t
1.0,174,100.644485
3.0,254,119.222569
