#{"t_start": 1546138372.950067, "env_id": "BreakoutNoFrameskip-v4"}
r,l,t
2.0,198,101.82637
0.0,127,110.288317
1.0,157,121.981385
