#{"t_start": 1546138372.8427682, "env_id": "BreakoutNoFrameskip-v4"}
r,l,t
0.0,129,97.092283
1.0,155,107.915464
1.0,177,120.3403
