#{"t_start": 1546138372.148249, "env_id": "BreakoutNoFrameskip-v4"}
r,l,t
0.0,129,97.762575
1.0,177,109.757913
1.0,157,121.168161
