#{"t_start": 1546138369.6477685, "env_id": "BreakoutNoFrameskip-v4"}
r,l,t
0.0,127,100.07623
1.0,155,110.801769
0.0,129,119.455746
