#{"t_start": 1546138371.9670572, "env_id": "BreakoutNoFrameskip-v4"}
r,l,t
0.0,127,97.770895
1.0,177,109.798661
0.0,127,118.67076
