#{"t_start": 1546138372.4193358, "env_id": "BreakoutNoFrameskip-v4"}
r,l,t
0.0,127,97.314991
1.0,173,109.174332
0.0,125,117.732862
