#{"t_start": 1546138371.8974636, "env_id": "BreakoutNoFrameskip-v4"}
r,l,t
0.0,127,97.833515
1.0,155,108.570029
0.0,129,117.225285
0.0,129,126.641804
