#{"t_start": 1546138368.898233, "env_id": "BreakoutNoFrameskip-v4"}
r,l,t
2.0,202,106.134379
2.0,183,119.132522
0.0,127,128.431875
