#{"t_start": 1546138373.0875819, "env_id": "BreakoutNoFrameskip-v4"}
r,l,t
0.0,125,96.538895
3.0,250,114.101263
0.0,127,123.415454
