#{"t_start": 1546138369.541937, "env_id": "BreakoutNoFrameskip-v4"}
r,l,t
4.0,294,112.485981
1.0,175,125.50711
