#{"t_start": 1544715596.3136296, "env_id": "BreakoutNoFrameskip-v4"}
r,l,t
4.0,294,49.76168
1.0,157,53.164662
1.0,155,75.432542
1.0,157,78.770894
5.0,323,84.584049
0.0,129,87.215231
1.0,157,90.172632
0.0,127,92.730815
1.0,157,95.590586
0.0,129,98.056384
0.0,125,100.062921
1.0,178,103.191987
2.0,190,106.42081
0.0,129,109.024567
2.0,203,112.536605
2.0,218,116.259051
0.0,127,118.11303
2.0,207,122.14676
0.0,127,124.635783
2.0,225,128.634525
0.0,127,130.723265
3.0,229,134.780551
4.0,298,140.340384
0.0,129,142.426635
0.0,129,144.738745
0.0,127,146.734723
3.0,274,152.080724
7.0,421,159.852167
0.0,129,161.876259
2.0,183,165.111645
0.0,127,167.129952
0.0,127,169.349097
5.0,349,175.190332
0.0,127,177.261023
0.0,129,179.234839
1.0,175,182.006264
2.0,202,185.262943
2.0,198,188.79903
1.0,176,191.597349
2.0,203,194.881793
1.0,175,197.993847
2.0,224,201.698737
1.0,173,204.430533
1.0,171,207.427524
3.0,252,211.314806
2.0,201,214.916777
