#{"t_start": 1544715597.9926786, "env_id": "BreakoutNoFrameskip-v4"}
r,l,t
2.0,198,45.546577
1.0,154,48.909812
2.0,190,53.645847
2.0,221,77.092035
5.0,347,83.529101
2.0,182,86.885737
1.0,153,90.235426
2.0,202,94.029241
2.0,224,98.143326
2.0,202,101.773233
0.0,127,103.846392
3.0,248,108.6117
3.0,268,113.414695
3.0,270,117.9948
1.0,170,121.194525
0.0,127,123.697546
0.0,129,125.912374
1.0,159,128.542457
5.0,331,134.661045
4.0,299,140.020651
3.0,248,144.426301
0.0,129,146.49843
2.0,200,150.591701
0.0,125,152.600868
5.0,326,158.693418
1.0,173,161.592584
0.0,125,163.689319
3.0,252,168.051307
0.0,127,170.011401
4.0,302,175.21415
1.0,153,177.515592
0.0,127,179.556407
0.0,127,181.350376
4.0,279,186.150439
0.0,127,188.367303
0.0,129,190.328175
1.0,170,192.964536
2.0,222,197.010233
1.0,176,199.813734
3.0,251,203.982495
4.0,305,209.028511
0.0,125,211.169136
1.0,175,214.160088
