#{"t_start": 1544715600.9514313, "env_id": "BreakoutNoFrameskip-v4"}
r,l,t
1.0,173,41.904296
0.0,123,44.842212
0.0,129,47.378503
0.0,125,50.596805
1.0,176,73.30213
3.0,228,77.180726
0.0,127,79.462857
0.0,127,81.725858
3.0,250,86.903145
1.0,176,90.147677
1.0,155,93.195952
0.0,123,95.157883
0.0,127,97.273486
1.0,173,100.303603
0.0,127,102.839176
0.0,129,105.020835
1.0,176,108.085408
2.0,201,111.405123
5.0,331,117.511763
0.0,125,119.968525
1.0,155,122.779369
2.0,221,126.462491
0.0,125,128.382922
0.0,129,130.869972
0.0,129,133.132736
1.0,175,136.11045
1.0,156,138.809238
0.0,129,141.003885
10.0,433,149.250556
2.0,224,153.407291
2.0,205,156.857124
0.0,129,159.128254
2.0,220,162.739045
1.0,153,165.434227
1.0,155,168.039714
1.0,176,170.966566
0.0,129,172.834418
1.0,152,175.161411
0.0,125,177.15884
3.0,234,181.108597
0.0,125,182.976985
1.0,155,185.682178
2.0,201,188.845542
0.0,127,191.030984
0.0,129,193.123274
1.0,176,196.073552
4.0,242,199.980745
2.0,200,203.555899
0.0,127,205.3521
2.0,183,208.38721
0.0,123,210.379691
0.0,127,212.622753
