#{"t_start": 1544715602.469192, "env_id": "BreakoutNoFrameskip-v4"}
r,l,t
3.0,216,41.59608
3.0,254,47.554022
0.0,129,69.153623
0.0,125,72.04587
2.0,221,75.821794
2.0,186,79.191484
4.0,281,84.969359
7.0,423,93.330707
0.0,127,95.370201
3.0,252,99.884845
0.0,127,102.387283
2.0,204,105.877682
0.0,129,108.124131
0.0,125,110.075428
2.0,220,113.964022
0.0,129,116.287032
2.0,203,120.390542
4.0,280,125.139534
1.0,176,128.128778
0.0,129,130.566045
5.0,329,136.507919
1.0,173,139.545768
5.0,350,146.339286
3.0,252,150.932784
1.0,157,153.535912
1.0,155,156.075994
0.0,129,158.301253
1.0,175,161.140074
0.0,125,163.377534
1.0,155,165.973441
0.0,125,167.803237
0.0,129,170.027101
4.0,295,174.767209
3.0,248,178.765512
0.0,129,180.874298
0.0,125,183.022559
1.0,173,185.763332
2.0,200,189.089039
1.0,154,191.743464
2.0,224,195.449375
0.0,129,197.380456
0.0,129,199.484224
3.0,257,203.835052
1.0,154,206.29705
0.0,129,208.402687
