#{"t_start": 1544715600.5389314, "env_id": "BreakoutNoFrameskip-v4"}
r,l,t
2.0,198,43.009795
1.0,175,46.748658
0.0,127,50.039103
0.0,129,71.465898
2.0,205,75.535858
2.0,204,79.415783
3.0,252,84.056009
1.0,171,87.749678
0.0,127,89.997933
1.0,153,92.862112
3.0,248,97.262154
2.0,204,100.892932
2.0,217,105.149998
0.0,129,107.264961
2.0,202,110.823702
0.0,127,112.661217
1.0,155,115.330928
0.0,127,117.687521
0.0,125,120.127202
0.0,125,122.469894
0.0,129,124.43262
0.0,127,126.528724
3.0,252,131.111508
3.0,271,136.03417
0.0,125,138.062126
0.0,127,140.369512
3.0,249,144.571843
0.0,129,147.193773
3.0,250,151.78714
0.0,129,154.025844
0.0,129,156.268115
0.0,129,158.213263
0.0,129,160.412957
0.0,127,162.469063
4.0,260,166.894158
0.0,129,169.014631
0.0,129,171.011754
4.0,298,175.913011
0.0,127,177.933542
5.0,328,183.515127
0.0,129,185.745273
4.0,321,191.143181
0.0,127,193.298837
0.0,129,195.391994
0.0,127,197.349575
1.0,173,200.05202
1.0,173,203.063452
0.0,129,205.121161
2.0,183,207.939837
0.0,129,210.092563
1.0,157,212.917558
