#{"t_start": 1544715600.8031044, "env_id": "BreakoutNoFrameskip-v4"}
r,l,t
1.0,152,41.45577
2.0,216,46.408592
0.0,127,49.602258
2.0,222,73.594494
0.0,129,75.509106
0.0,123,77.757481
2.0,183,80.980578
1.0,155,83.851178
0.0,123,86.407556
1.0,170,89.635154
2.0,200,93.627491
5.0,318,99.22908
2.0,184,102.780602
0.0,127,104.980517
0.0,127,107.069792
0.0,129,109.346152
0.0,129,111.259032
1.0,173,114.005213
3.0,228,118.469587
0.0,129,120.984288
0.0,129,123.173048
2.0,202,126.578737
1.0,173,129.370603
0.0,127,131.911574
0.0,125,134.153703
0.0,125,136.082035
0.0,127,138.223016
0.0,129,140.494733
0.0,127,142.453379
1.0,157,145.067965
4.0,299,151.055376
1.0,175,154.268275
1.0,176,157.125707
3.0,271,161.902381
2.0,220,165.731952
2.0,220,169.38755
0.0,125,171.532249
1.0,175,174.172168
0.0,127,176.153017
1.0,178,178.903531
1.0,155,181.529953
0.0,129,183.494775
1.0,177,186.538314
1.0,172,189.191986
0.0,127,191.504884
0.0,127,193.513582
2.0,202,196.832221
0.0,129,198.783848
0.0,125,200.762389
2.0,203,204.383677
2.0,186,207.124986
1.0,155,209.727507
1.0,175,212.986212
