#{"t_start": 1544715602.193114, "env_id": "BreakoutNoFrameskip-v4"}
r,l,t
0.0,125,39.068544
0.0,127,42.549305
1.0,173,46.126186
2.0,202,69.748011
0.0,127,72.499572
0.0,129,74.498118
0.0,127,77.048153
3.0,244,81.536901
0.0,125,83.777307
0.0,127,86.483574
1.0,157,89.242909
1.0,153,92.268415
1.0,173,95.097591
1.0,173,98.144351
1.0,155,100.980713
0.0,127,103.313374
4.0,325,109.169198
0.0,129,111.061852
0.0,127,113.160979
0.0,129,115.548541
0.0,127,118.036205
1.0,175,121.299786
0.0,129,123.300394
4.0,282,128.127973
7.0,448,136.668712
0.0,129,138.940333
2.0,206,142.35998
1.0,172,145.804206
0.0,127,147.892808
1.0,155,150.827715
0.0,129,153.018307
0.0,127,155.101187
2.0,222,158.896524
2.0,220,162.777971
2.0,219,166.488442
2.0,205,169.917062
0.0,127,171.755518
1.0,175,174.391699
3.0,271,178.970618
0.0,127,181.056537
0.0,127,183.202737
2.0,218,186.713104
0.0,127,188.586971
3.0,270,193.519426
1.0,173,196.262361
0.0,129,198.217333
1.0,173,201.201903
2.0,184,204.166429
0.0,129,206.096062
1.0,173,209.137242
0.0,125,211.319407
