#{"t_start": 1544715600.6070812, "env_id": "BreakoutNoFrameskip-v4"}
r,l,t
2.0,199,42.992976
2.0,186,46.911872
0.0,125,50.232137
3.0,248,74.375686
0.0,127,76.421684
1.0,173,79.673568
0.0,125,81.856813
1.0,174,85.148562
4.0,264,90.517277
3.0,212,94.643809
0.0,129,96.713726
0.0,129,98.962926
2.0,199,102.618387
2.0,224,106.73435
0.0,129,108.935139
2.0,226,112.613024
0.0,129,114.784082
0.0,127,117.097412
1.0,155,120.16098
0.0,127,122.571399
1.0,173,125.326721
2.0,202,128.543036
0.0,127,131.071827
6.0,380,137.964003
9.0,403,145.209009
1.0,172,148.736012
2.0,201,152.492314
6.0,417,159.933011
6.0,398,166.859845
0.0,129,169.002361
2.0,224,172.751177
1.0,155,175.109565
0.0,129,177.243755
0.0,127,178.988089
0.0,127,181.154504
0.0,127,183.075823
1.0,173,186.130052
0.0,127,188.038693
0.0,127,189.914263
0.0,127,192.217168
2.0,182,195.231476
3.0,272,199.668291
0.0,127,201.870737
0.0,125,203.973291
3.0,250,207.866862
0.0,127,209.979249
