#{"t_start": 1544715592.364628, "env_id": "BreakoutNoFrameskip-v4"}
r,l,t
0.0,127,48.986922
6.0,375,58.740204
4.0,295,83.523007
3.0,250,88.160026
0.0,127,90.491817
0.0,127,92.6726
1.0,173,96.500832
0.0,129,98.682949
2.0,204,102.677181
0.0,125,104.646769
0.0,125,106.816156
0.0,129,108.930059
0.0,129,111.5241
0.0,129,113.679297
5.0,349,119.818254
1.0,173,122.59507
0.0,125,124.969317
0.0,127,127.267354
1.0,173,130.763376
0.0,125,132.65081
0.0,129,134.76875
2.0,204,138.233154
1.0,173,141.525238
0.0,125,143.661584
2.0,222,147.524908
2.0,220,151.269384
0.0,127,153.368535
1.0,173,156.920454
2.0,198,160.609745
0.0,129,162.801628
0.0,127,164.861743
2.0,224,168.688928
0.0,127,170.771997
3.0,218,174.466164
1.0,175,177.405714
2.0,202,180.788832
2.0,223,184.181394
6.0,386,190.885291
10.0,446,198.479388
0.0,129,200.795751
2.0,204,204.257814
1.0,171,206.862725
2.0,200,210.434518
0.0,127,212.509942
1.0,178,215.031717
2.0,198,218.539872
0.0,127,220.689028
