#{"t_start": 1544715600.4579139, "env_id": "BreakoutNoFrameskip-v4"}
r,l,t
2.0,200,43.202889
0.0,125,45.980889
0.0,127,48.699377
1.0,155,71.059445
2.0,224,75.559619
5.0,348,82.177318
1.0,153,84.975378
2.0,201,89.154211
1.0,170,92.402816
0.0,127,94.723744
3.0,254,99.252728
2.0,200,103.011848
2.0,222,107.025812
4.0,301,112.257434
0.0,125,114.107985
1.0,174,117.446656
0.0,123,119.88443
1.0,173,123.102016
0.0,129,125.09193
0.0,125,127.089442
3.0,248,131.685342
0.0,125,133.911136
0.0,123,135.855028
0.0,129,137.954635
3.0,246,142.370461
3.0,251,147.192772
1.0,155,149.894516
5.0,330,156.058934
1.0,155,158.732829
1.0,157,161.331915
1.0,157,163.927764
2.0,203,167.289717
1.0,172,170.133544
0.0,129,172.34303
1.0,171,174.910367
4.0,295,179.654337
3.0,252,183.996463
0.0,125,186.175593
1.0,177,188.957077
0.0,127,190.984905
1.0,155,193.668227
0.0,125,195.673404
0.0,125,197.602499
1.0,155,199.982678
0.0,127,202.214913
2.0,183,205.203171
0.0,125,206.865973
2.0,201,210.447359
1.0,155,213.232006
