#{"t_start": 1544715595.173589, "env_id": "BreakoutNoFrameskip-v4"}
r,l,t
4.0,294,50.912727
0.0,125,53.497172
1.0,176,76.380353
9.0,422,84.923262
1.0,153,87.582146
3.0,233,92.357468
1.0,174,95.672998
3.0,253,100.532507
0.0,129,102.586962
3.0,232,106.774112
0.0,127,109.274634
3.0,255,113.815265
3.0,269,118.265757
1.0,153,121.020045
2.0,203,125.091371
6.0,399,132.313129
0.0,125,134.255272
0.0,129,136.739052
0.0,127,138.985806
0.0,129,141.08582
0.0,129,143.173595
0.0,129,145.526409
0.0,125,147.48204
3.0,250,152.072843
1.0,153,154.914282
0.0,129,157.315253
1.0,171,160.281765
1.0,176,163.22246
9.0,404,170.516955
0.0,125,172.388326
1.0,178,175.37146
2.0,202,178.678118
0.0,125,180.585495
2.0,204,183.845561
2.0,224,187.617211
0.0,129,189.826861
0.0,127,191.801015
4.0,297,196.925251
0.0,125,198.92507
1.0,176,201.876744
1.0,157,204.22763
1.0,153,206.754998
0.0,129,209.039164
1.0,173,211.564109
1.0,157,214.237775
2.0,199,217.647391
