#{"t_start": 1544715597.2732384, "env_id": "BreakoutNoFrameskip-v4"}
r,l,t
3.0,256,47.863643
0.0,129,50.396973
5.0,351,81.247062
0.0,127,84.594027
0.0,127,88.279416
3.0,251,95.152879
1.0,173,100.465777
0.0,127,104.146087
1.0,176,109.723676
0.0,129,113.447928
5.0,350,124.830525
1.0,175,130.460037
0.0,127,134.319011
0.0,123,137.908694
2.0,200,144.157071
2.0,200,150.613163
1.0,155,155.024062
0.0,125,159.181839
3.0,252,167.427176
1.0,157,172.183979
2.0,204,179.197483
0.0,127,183.222952
1.0,155,188.241505
0.0,127,192.23089
0.0,125,196.054238
6.0,402,209.776065
