#{"t_start": 1544715592.740137, "env_id": "BreakoutNoFrameskip-v4"}
r,l,t
2.0,206,50.8995
1.0,177,54.863351
0.0,129,58.702877
4.0,303,87.334937
0.0,127,91.143724
1.0,159,95.538363
4.0,261,103.231288
0.0,125,106.740865
1.0,155,111.544401
4.0,299,121.184445
0.0,125,124.882131
1.0,155,129.755389
4.0,299,139.696029
1.0,158,144.48507
0.0,125,148.140969
0.0,127,152.073087
5.0,330,162.713133
3.0,277,171.824994
0.0,129,175.670455
2.0,224,183.392367
0.0,129,187.433357
3.0,230,195.251925
3.0,250,203.244626
2.0,222,210.607717
0.0,127,214.746247
