#{"t_start": 1544715602.4574842, "env_id": "BreakoutNoFrameskip-v4"}
r,l,t
0.0,129,38.675176
0.0,125,42.26652
4.0,299,69.696476
2.0,202,76.267786
1.0,155,80.485267
2.0,204,86.156797
4.0,283,94.563351
1.0,153,99.27625
3.0,214,105.979014
3.0,246,113.896758
0.0,123,117.381848
3.0,250,125.718773
1.0,153,130.530282
4.0,321,140.849713
0.0,127,144.774213
4.0,319,155.061391
1.0,177,160.692572
1.0,175,166.059985
0.0,129,170.352186
0.0,127,174.423517
0.0,129,178.528243
3.0,212,185.666779
1.0,157,190.442625
1.0,173,195.841786
0.0,129,199.948496
