#{"t_start": 1544715601.9232295, "env_id": "BreakoutNoFrameskip-v4"}
r,l,t
3.0,252,43.1186
6.0,341,71.91995
2.0,199,77.935617
0.0,125,81.689486
1.0,176,86.5088
1.0,155,90.723606
1.0,155,95.341033
1.0,173,100.70271
1.0,153,105.478307
0.0,127,109.101404
0.0,127,113.127336
1.0,157,117.689702
2.0,222,124.884856
2.0,200,131.497536
4.0,299,140.929804
1.0,173,146.255921
1.0,178,151.735879
1.0,173,157.544159
0.0,129,161.471716
1.0,155,166.067945
3.0,272,175.537305
1.0,175,181.239209
4.0,301,191.318302
1.0,152,195.889572
2.0,200,202.64667
