#{"t_start": 1544715600.5108516, "env_id": "BreakoutNoFrameskip-v4"}
r,l,t
0.0,127,40.539347
0.0,129,44.264322
1.0,174,48.105256
3.0,249,75.539006
4.0,299,84.636861
7.0,447,98.128989
4.0,301,107.602736
1.0,173,112.929304
4.0,270,121.639944
0.0,127,125.504351
0.0,129,129.612911
4.0,280,138.666051
1.0,153,143.332248
1.0,176,148.507696
2.0,200,155.014199
0.0,127,159.066358
1.0,177,164.669603
0.0,127,168.388341
2.0,224,176.1182
0.0,129,180.198348
0.0,129,184.327464
0.0,129,188.419923
0.0,129,192.230353
1.0,155,196.98366
2.0,200,203.735626
