#{"t_start": 1544715596.3314974, "env_id": "BreakoutNoFrameskip-v4"}
r,l,t
0.0,127,44.706676
1.0,175,49.560382
0.0,127,52.226909
3.0,246,79.575758
1.0,178,84.676693
3.0,248,91.962094
3.0,274,100.130571
2.0,183,105.702828
0.0,129,109.634851
0.0,127,113.304626
0.0,123,116.927984
2.0,198,123.088323
6.0,401,136.648535
3.0,248,144.381745
1.0,171,149.808878
3.0,252,157.620442
1.0,157,162.91224
2.0,226,170.060794
1.0,155,174.791017
1.0,157,180.234376
0.0,127,184.241307
0.0,127,188.290505
2.0,224,195.525159
1.0,157,200.405596
0.0,127,204.457273
0.0,129,208.608117
