#{"t_start": 1544715595.6713684, "env_id": "BreakoutNoFrameskip-v4"}
r,l,t
1.0,157,46.583074
2.0,204,51.491251
0.0,129,54.986904
0.0,129,78.081184
2.0,202,84.229535
1.0,173,89.579734
1.0,173,94.133182
0.0,129,97.566604
2.0,204,103.784258
0.0,125,107.63835
1.0,173,112.922951
1.0,175,118.392987
0.0,127,122.117271
0.0,127,126.045654
3.0,252,134.33037
0.0,125,138.182971
3.0,270,146.64484
0.0,127,150.647015
0.0,127,154.119677
1.0,155,159.127881
1.0,174,164.737469
1.0,171,170.072603
0.0,129,173.953984
1.0,176,179.997179
0.0,125,183.915977
7.0,321,194.860237
4.0,262,203.238746
0.0,125,207.201865
