#{"t_start": 1544715601.5421195, "env_id": "BreakoutNoFrameskip-v4"}
r,l,t
0.0,127,39.49557
0.0,125,43.079593
0.0,127,45.73002
0.0,127,49.187098
1.0,173,73.999385
0.0,125,77.764626
4.0,300,86.446727
0.0,129,89.772984
0.0,129,93.412371
0.0,127,97.288682
6.0,380,109.440423
1.0,172,114.930761
3.0,230,122.174915
0.0,125,126.027127
3.0,250,134.101768
4.0,280,143.119744
1.0,173,148.208636
0.0,127,152.08713
0.0,125,156.2068
14.0,484,172.641546
0.0,127,176.629417
0.0,127,180.632687
1.0,173,186.375014
2.0,188,192.318104
1.0,173,197.818762
0.0,129,201.905214
