#{"t_start": 1544715602.161765, "env_id": "BreakoutNoFrameskip-v4"}
r,l,t
0.0,129,38.968593
4.0,297,46.808864
2.0,187,71.904096
0.0,129,76.122417
1.0,171,80.895577
5.0,332,90.422478
0.0,127,94.205303
0.0,127,97.768672
0.0,127,101.568168
1.0,171,106.92212
0.0,127,110.653474
0.0,127,114.599678
2.0,223,121.685426
8.0,352,133.263184
0.0,125,137.132043
0.0,127,140.809136
4.0,278,149.503406
1.0,171,155.202275
2.0,224,162.418802
0.0,125,166.089102
2.0,220,173.72235
1.0,159,178.85857
4.0,284,188.471484
1.0,175,193.87174
0.0,127,197.881845
0.0,127,201.812489
