#{"t_start": 1544715599.9423347, "env_id": "BreakoutNoFrameskip-v4"}
r,l,t
3.0,256,45.196996
0.0,127,47.663747
1.0,173,72.323996
0.0,127,76.266896
0.0,127,79.749295
1.0,175,84.945308
1.0,157,89.19476
0.0,129,92.576958
0.0,127,96.355048
3.0,251,104.072342
0.0,127,107.970929
0.0,127,111.698934
0.0,129,115.79159
3.0,250,123.672008
0.0,125,127.494426
0.0,129,131.50955
0.0,129,135.393505
0.0,129,139.391665
1.0,153,144.079856
0.0,129,147.918496
0.0,127,151.37088
1.0,153,156.483541
1.0,155,161.457396
1.0,155,166.132442
1.0,176,171.767953
2.0,202,178.642376
0.0,127,182.677004
1.0,159,187.88018
1.0,155,192.593386
0.0,127,196.542297
3.0,234,204.395811
