#{"t_start": 1544715597.1226058, "env_id": "BreakoutNoFrameskip-v4"}
r,l,t
3.0,251,47.884694
1.0,175,51.849134
4.0,302,81.162245
0.0,123,84.347121
0.0,127,88.016736
4.0,300,96.349427
0.0,129,100.330483
0.0,129,104.127189
2.0,201,110.535523
0.0,127,114.114609
9.0,404,127.479361
0.0,129,131.559377
0.0,127,135.46273
1.0,174,140.869037
5.0,349,151.832079
3.0,214,158.919919
2.0,222,166.132388
1.0,153,170.741307
0.0,129,174.859912
2.0,202,181.716399
2.0,224,189.243191
1.0,157,194.151969
1.0,173,199.550075
1.0,173,205.153041
