#{"t_start": 1544715590.6128044, "env_id": "BreakoutNoFrameskip-v4"}
r,l,t
1.0,157,51.808254
0.0,123,54.971668
0.0,127,57.34252
3.0,272,82.787903
4.0,302,90.57147
5.0,350,98.066012
1.0,153,101.160942
0.0,127,104.244076
0.0,129,106.897638
0.0,127,109.868149
10.0,432,118.209831
1.0,173,121.831488
0.0,125,124.046202
0.0,129,126.652781
0.0,129,129.349939
0.0,129,131.897117
4.0,282,137.434947
2.0,202,141.433882
0.0,123,144.099836
2.0,225,148.352162
2.0,220,152.862842
2.0,188,156.166241
1.0,173,160.046652
0.0,127,162.405881
2.0,204,165.75497
0.0,127,167.727088
0.0,125,170.137665
5.0,328,176.208031
1.0,171,179.186395
1.0,157,182.147087
1.0,175,185.00433
0.0,127,187.395799
0.0,123,189.559332
1.0,172,192.649106
0.0,125,194.836408
0.0,127,196.89064
2.0,226,201.319309
0.0,125,203.699516
2.0,203,207.285077
0.0,127,209.490565
0.0,129,211.939541
4.0,299,217.562618
0.0,125,219.681691
