#{"t_start": 1544715598.8389866, "env_id": "BreakoutNoFrameskip-v4"}
r,l,t
1.0,170,43.941235
3.0,250,49.794686
1.0,173,73.158992
1.0,172,76.80865
3.0,252,82.911601
2.0,202,86.953166
1.0,153,90.572501
3.0,247,96.27083
1.0,176,100.003682
5.0,346,107.20411
4.0,299,112.914177
10.0,430,122.239758
2.0,222,126.903551
1.0,175,129.955348
1.0,151,133.038779
3.0,247,138.163294
0.0,127,140.476719
2.0,202,144.644668
2.0,200,148.153401
0.0,129,151.185024
0.0,125,153.538418
1.0,153,156.111492
2.0,200,159.318509
1.0,173,162.588764
0.0,129,164.726192
1.0,176,167.948574
3.0,250,172.590173
1.0,157,175.355512
0.0,125,177.329696
0.0,127,180.067693
1.0,171,182.703652
0.0,127,185.025065
1.0,157,187.679535
1.0,173,190.874092
4.0,265,196.275156
0.0,127,198.429782
1.0,155,201.083273
2.0,200,204.956391
0.0,125,206.997881
0.0,125,209.27796
