#{"t_start": 1544715589.684521, "env_id": "BreakoutNoFrameskip-v4"}
r,l,t
1.0,155,52.684894
0.0,129,56.023857
0.0,127,58.36218
4.0,279,84.138611
6.0,340,92.308285
2.0,222,96.982648
3.0,228,101.978046
4.0,301,109.15873
0.0,127,112.008662
0.0,127,114.297227
2.0,202,118.052221
5.0,332,124.636466
1.0,173,128.235398
3.0,248,133.47421
2.0,222,137.955789
0.0,127,140.289414
1.0,175,143.912079
1.0,172,147.188105
4.0,296,153.245367
0.0,127,155.588465
1.0,175,158.804589
1.0,157,162.207717
0.0,127,164.489984
2.0,202,167.711159
3.0,253,172.338451
1.0,173,175.611352
0.0,123,177.616024
3.0,250,182.229211
1.0,157,184.944669
1.0,173,187.968127
1.0,155,190.862284
2.0,222,194.849055
1.0,176,197.969887
0.0,125,200.271822
1.0,175,203.67378
0.0,129,206.161157
0.0,129,208.187086
0.0,129,210.457134
4.0,302,216.198241
0.0,129,218.550783
0.0,127,220.712755
