#{"t_start": 1544715602.1914568, "env_id": "BreakoutNoFrameskip-v4"}
r,l,t
3.0,230,42.413639
3.0,231,47.77062
3.0,248,72.791101
5.0,332,80.221743
1.0,153,83.259947
4.0,280,89.672958
13.0,457,100.451508
2.0,202,104.246474
1.0,175,107.637488
5.0,351,114.819705
1.0,155,118.104987
5.0,348,125.279717
0.0,129,127.681588
2.0,220,132.202381
1.0,173,135.524779
3.0,245,140.492284
0.0,127,142.845802
3.0,271,148.497222
1.0,174,151.758241
3.0,230,155.47691
0.0,127,157.766346
0.0,129,159.941476
1.0,157,162.942628
5.0,296,168.230463
0.0,129,170.62092
1.0,175,173.47407
2.0,200,177.493498
0.0,125,179.418449
1.0,172,182.462589
3.0,271,187.597073
0.0,127,190.049268
1.0,155,193.048092
0.0,129,195.243284
0.0,129,197.392234
3.0,248,202.087932
1.0,175,205.167303
0.0,129,207.530293
