#{"t_start": 1544715601.7421653, "env_id": "BreakoutNoFrameskip-v4"}
r,l,t
1.0,171,41.092021
1.0,173,45.264571
3.0,272,70.712301
2.0,224,75.234125
0.0,129,79.223663
0.0,127,81.315945
0.0,129,83.834373
10.0,451,94.520773
1.0,176,98.717669
2.0,204,102.659966
5.0,331,109.085135
0.0,129,111.602835
0.0,129,113.994565
1.0,172,117.554927
2.0,203,121.704056
3.0,272,126.969062
2.0,198,131.27865
0.0,127,133.915847
1.0,157,136.659684
1.0,173,140.183951
0.0,125,142.472585
0.0,125,144.620667
0.0,129,147.259481
0.0,129,149.856108
0.0,129,152.173673
3.0,266,156.528623
0.0,127,158.945367
1.0,171,161.882543
2.0,202,165.6231
4.0,297,171.211267
2.0,203,174.72432
0.0,129,177.389066
2.0,190,180.582995
0.0,129,182.673947
0.0,125,184.821961
0.0,127,187.26422
1.0,175,190.55428
1.0,155,193.564387
0.0,127,195.695101
2.0,183,198.855617
0.0,127,201.178205
0.0,127,203.37233
1.0,171,206.567785
