#{"t_start": 1544715594.583556, "env_id": "BreakoutNoFrameskip-v4"}
r,l,t
1.0,174,48.361838
0.0,127,51.495218
0.0,129,53.957793
5.0,352,81.353366
0.0,129,84.283519
2.0,202,88.960368
0.0,127,91.383757
6.0,364,99.975571
0.0,125,102.740293
0.0,127,105.502152
1.0,173,108.92312
1.0,155,111.734396
1.0,173,115.057701
2.0,202,118.999787
2.0,204,123.188003
1.0,173,126.738333
3.0,248,131.968636
4.0,317,138.294581
0.0,125,140.984758
0.0,129,143.163872
0.0,129,145.543093
3.0,270,151.020751
0.0,127,153.155444
0.0,125,155.94038
1.0,168,159.138996
0.0,127,161.088932
2.0,200,164.583663
1.0,170,167.549395
1.0,155,170.482206
2.0,203,174.054041
2.0,200,177.704242
1.0,173,180.677992
1.0,154,183.67841
2.0,187,186.828418
1.0,155,189.587646
1.0,172,192.65153
2.0,188,196.129766
3.0,230,200.883111
2.0,190,204.159154
1.0,157,207.128934
0.0,123,209.27029
2.0,220,213.144553
