#{"t_start": 1544715594.2028797, "env_id": "BreakoutNoFrameskip-v4"}
r,l,t
1.0,176,48.791705
3.0,228,54.051097
1.0,157,77.171602
0.0,127,79.555773
1.0,169,82.882525
1.0,175,87.571536
1.0,157,90.545048
1.0,153,93.994624
0.0,125,96.601897
3.0,250,102.346983
1.0,155,105.949202
0.0,129,108.43911
2.0,202,112.215245
1.0,157,115.071795
2.0,184,118.820596
3.0,248,123.867311
0.0,127,126.526294
0.0,129,129.012365
4.0,302,134.925397
4.0,317,141.80299
0.0,129,144.073998
0.0,129,146.577314
0.0,129,149.107013
2.0,225,153.137905
1.0,172,157.010039
0.0,125,159.294441
0.0,125,161.183549
1.0,157,163.750922
4.0,277,168.924549
0.0,129,171.336559
0.0,125,173.376273
0.0,127,175.472349
0.0,127,177.848552
1.0,155,180.519325
1.0,175,183.542747
1.0,169,186.698991
1.0,155,189.415629
0.0,125,191.620754
1.0,155,194.564413
0.0,125,196.570682
1.0,174,200.064959
5.0,344,206.441815
0.0,127,208.753141
3.0,233,212.947609
0.0,127,215.338731
