#{"t_start": 1544715593.5900466, "env_id": "BreakoutNoFrameskip-v4"}
r,l,t
1.0,173,49.312881
2.0,204,54.001377
9.0,403,82.585215
0.0,123,85.46485
1.0,159,88.957004
0.0,129,91.453154
0.0,127,94.330723
1.0,157,97.566556
0.0,127,100.398525
1.0,170,104.321424
1.0,170,108.206546
1.0,175,111.390287
2.0,203,115.097869
0.0,127,117.555936
3.0,272,123.224403
5.0,327,130.198944
3.0,268,135.353365
0.0,129,137.922979
1.0,173,141.822043
3.0,274,146.981247
0.0,129,149.561401
0.0,123,151.783144
1.0,157,154.601887
0.0,129,157.449595
0.0,127,159.755726
0.0,129,161.733217
2.0,202,165.036792
5.0,364,172.240358
1.0,173,175.230336
2.0,202,178.880155
1.0,173,181.832237
1.0,171,185.373853
1.0,155,187.680852
4.0,303,193.369794
2.0,203,197.120415
1.0,173,200.576616
1.0,173,203.757156
3.0,277,208.96067
0.0,129,211.120347
0.0,127,213.282081
0.0,125,215.679263
1.0,171,218.579283
