#{"t_start": 1544715598.5616555, "env_id": "BreakoutNoFrameskip-v4"}
r,l,t
0.0,125,42.915522
1.0,175,47.484834
0.0,125,49.863916
1.0,173,73.258492
0.0,127,76.039309
2.0,222,81.028693
1.0,175,84.840923
1.0,173,88.482804
1.0,176,92.32227
0.0,129,95.024045
4.0,280,101.897701
10.0,436,110.337598
0.0,123,112.692589
0.0,127,115.137357
2.0,202,119.309283
2.0,187,123.263219
2.0,222,127.818148
2.0,202,131.635489
3.0,230,136.720746
2.0,201,140.259355
2.0,198,144.29116
2.0,225,148.359191
0.0,127,151.359305
0.0,125,153.705807
6.0,401,160.903076
1.0,175,163.968044
2.0,219,168.040626
0.0,129,170.258693
1.0,155,173.00829
1.0,171,175.991393
3.0,250,180.894114
1.0,173,183.896471
0.0,129,185.919934
0.0,129,188.164915
1.0,173,191.344999
3.0,220,195.78016
2.0,224,199.799156
3.0,252,204.626409
3.0,250,209.134946
3.0,218,213.130881
