#{"t_start": 1544715602.3284907, "env_id": "BreakoutNoFrameskip-v4"}
r,l,t
0.0,125,39.150469
2.0,202,44.304432
1.0,176,48.440218
1.0,174,71.013237
2.0,200,75.563652
3.0,230,81.021762
1.0,153,84.158306
0.0,127,87.114275
2.0,202,91.349988
1.0,171,95.281853
0.0,129,98.28995
0.0,129,100.629891
5.0,352,107.630574
1.0,173,110.986851
0.0,125,113.266775
1.0,177,116.968652
0.0,127,119.567172
2.0,229,124.301205
3.0,254,129.130809
0.0,129,131.843499
3.0,250,136.699891
0.0,129,139.341657
0.0,129,141.683194
1.0,173,144.69607
2.0,220,149.613396
1.0,171,152.591315
1.0,173,155.338779
1.0,157,158.257439
1.0,173,161.235391
0.0,127,163.667316
4.0,280,168.742859
1.0,157,171.422047
0.0,127,173.479614
3.0,248,178.28129
0.0,127,180.533387
3.0,230,184.632697
1.0,173,187.79838
1.0,173,191.224929
4.0,299,196.805083
0.0,129,199.272316
6.0,398,206.815259
0.0,125,208.837127
