#{"t_start": 1546138366.5689518, "env_id": "BreakoutNoFrameskip-v4"}
r,l,t
1.0,155,106.015614
2.0,226,122.377026
