#{"t_start": 1546138365.828891, "env_id": "BreakoutNoFrameskip-v4"}
r,l,t
2.0,223,111.424433
3.0,216,127.305261
