#{"t_start": 1546138365.3680506, "env_id": "BreakoutNoFrameskip-v4"}
r,l,t
3.0,248,113.619709
1.0,155,125.259655
0.0,129,135.202312
