#{"t_start": 1546138367.4804854, "env_id": "BreakoutNoFrameskip-v4"}
r,l,t
4.0,299,115.721879
3.0,217,132.953516
