#{"t_start": 1546138366.9965472, "env_id": "BreakoutNoFrameskip-v4"}
r,l,t
0.0,125,103.120466
1.0,155,113.759931
0.0,129,122.849551
