#{"t_start": 1546138366.458861, "env_id": "BreakoutNoFrameskip-v4"}
r,l,t
0.0,127,103.852767
2.0,204,118.691157
0.0,123,126.826632
