#{"t_start": 1546138365.4599335, "env_id": "BreakoutNoFrameskip-v4"}
r,l,t
2.0,181,108.74956
0.0,129,117.529592
1.0,174,130.781347
