#{"t_start": 1546138373.1156554, "env_id": "BreakoutNoFrameskip-v4"}
r,l,t
0.0,125,97.02988
1.0,174,109.120038
2.0,190,123.491692
