#{"t_start": 1546138366.7159905, "env_id": "BreakoutNoFrameskip-v4"}
r,l,t
2.0,204,109.049629
1.0,155,120.592025
1.0,159,132.239301
