#{"t_start": 1546138365.403117, "env_id": "BreakoutNoFrameskip-v4"}
r,l,t
0.0,129,105.00763
0.0,127,113.00224
3.0,250,132.351678
