#{"t_start": 1546138364.7781546, "env_id": "BreakoutNoFrameskip-v4"}
r,l,t
2.0,199,110.564143
3.0,251,129.296979
