#{"t_start": 1546138369.4010189, "env_id": "BreakoutNoFrameskip-v4"}
r,l,t
0.0,125,100.688876
1.0,169,112.4624
2.0,201,127.542534
