#{"t_start": 1546138365.5336442, "env_id": "BreakoutNoFrameskip-v4"}
r,l,t
1.0,173,108.112407
2.0,190,122.044743
0.0,125,130.989895
