#{"t_start": 1546138370.028579, "env_id": "BreakoutNoFrameskip-v4"}
r,l,t
1.0,154,102.446544
1.0,159,113.152244
0.0,127,122.08524
