#{"t_start": 1546138366.1963243, "env_id": "BreakoutNoFrameskip-v4"}
r,l,t
0.0,127,104.101227
0.0,129,112.231411
1.0,173,125.389298
