#{"t_start": 1546138364.693795, "env_id": "BreakoutNoFrameskip-v4"}
r,l,t
4.0,316,120.369759
2.0,187,134.11615
