#{"t_start": 1544715598.7513902, "env_id": "BreakoutNoFrameskip-v4"}
r,l,t
1.0,155,41.782169
2.0,222,47.103837
0.0,125,50.613326
3.0,235,74.422577
0.0,127,78.332681
3.0,250,86.46644
1.0,159,90.769856
3.0,253,98.774526
0.0,129,102.719226
4.0,297,112.132506
1.0,160,117.189435
1.0,177,122.367467
7.0,405,135.401166
5.0,348,146.837163
0.0,127,150.660549
0.0,125,154.665411
1.0,157,160.014463
0.0,127,164.002119
0.0,127,168.172425
0.0,129,172.657824
3.0,256,181.869936
1.0,171,187.455142
1.0,157,192.862193
2.0,204,199.271793
2.0,183,205.319876
0.0,129,209.611871
