#{"t_start": 1544715596.8169017, "env_id": "BreakoutNoFrameskip-v4"}
r,l,t
0.0,127,43.039886
1.0,171,46.886922
0.0,129,50.262258
0.0,127,53.72967
2.0,225,77.081669
2.0,222,84.450266
0.0,127,88.412182
1.0,157,92.623055
0.0,125,96.293596
4.0,260,104.702099
3.0,274,113.428367
0.0,127,117.415811
0.0,129,121.021945
0.0,125,124.587627
4.0,298,133.970685
1.0,174,139.419102
0.0,127,143.296671
2.0,202,149.907961
0.0,125,153.468067
0.0,127,157.650618
1.0,173,163.524863
1.0,157,168.682034
2.0,186,175.363727
1.0,155,180.615729
2.0,224,188.348871
0.0,129,192.811627
2.0,200,198.994373
