#{"t_start": 1544715600.842429, "env_id": "BreakoutNoFrameskip-v4"}
r,l,t
0.0,129,39.073435
1.0,176,43.131615
0.0,129,46.472987
4.0,299,72.220982
1.0,176,77.659476
3.0,252,85.614366
2.0,207,91.81634
2.0,225,98.832158
5.0,329,109.626583
2.0,222,116.591342
0.0,129,120.200732
4.0,299,129.604729
2.0,223,136.857404
0.0,129,140.742081
1.0,154,145.620471
1.0,175,151.252565
1.0,175,157.08891
1.0,157,162.178779
1.0,176,168.198264
0.0,127,172.630135
0.0,129,176.91915
2.0,201,183.938319
2.0,203,190.899238
2.0,204,197.300949
1.0,173,203.011345
