#{"t_start": 1544715596.3637407, "env_id": "BreakoutNoFrameskip-v4"}
r,l,t
0.0,129,43.551468
1.0,172,47.436522
2.0,199,52.933824
1.0,178,75.025367
0.0,127,78.490822
1.0,157,83.357285
3.0,251,91.217459
1.0,155,95.857089
0.0,127,99.676366
0.0,129,103.43789
0.0,127,107.431791
0.0,127,111.13441
2.0,224,118.383533
0.0,127,121.955314
3.0,232,128.822935
0.0,127,132.704666
2.0,222,139.816337
5.0,314,150.27181
0.0,127,153.939394
0.0,129,158.163167
0.0,125,162.350503
0.0,123,166.163207
2.0,204,173.437893
4.0,300,184.284622
1.0,176,190.17246
2.0,217,197.230412
0.0,127,201.175274
2.0,225,208.817554
0.0,129,212.968199
