#{"t_start": 1544715602.409826, "env_id": "BreakoutNoFrameskip-v4"}
r,l,t
2.0,203,39.236749
1.0,157,43.006958
2.0,222,67.91121
1.0,173,71.199356
0.0,127,75.206403
0.0,129,79.292354
1.0,171,84.260477
2.0,223,91.029504
1.0,177,96.480947
1.0,155,101.386713
0.0,129,105.162022
0.0,129,109.043175
3.0,270,117.364348
0.0,127,120.995076
1.0,173,126.356552
1.0,175,131.915362
2.0,203,138.291045
1.0,173,143.866242
1.0,173,149.470677
1.0,175,155.304174
0.0,127,159.316423
0.0,127,163.462882
1.0,175,169.715581
3.0,248,178.585563
1.0,156,183.611621
0.0,125,187.964041
2.0,206,194.29503
1.0,174,200.04686
