#{"t_start": 1544715601.9367745, "env_id": "BreakoutNoFrameskip-v4"}
r,l,t
3.0,231,40.450234
10.0,453,70.4334
1.0,176,75.90558
0.0,127,79.916413
0.0,127,83.642954
0.0,127,86.943693
2.0,222,93.895608
0.0,127,97.611228
0.0,127,101.692271
0.0,127,105.361011
0.0,127,109.121465
0.0,127,113.134375
1.0,173,118.008297
1.0,156,122.676873
1.0,173,128.005478
0.0,127,131.95917
1.0,173,137.433678
0.0,129,141.341739
1.0,155,146.236955
2.0,221,153.608176
0.0,127,157.761476
1.0,173,163.473918
1.0,173,169.586808
0.0,129,173.96112
1.0,173,179.937999
3.0,272,189.423
0.0,127,193.062186
2.0,202,199.87176
1.0,155,204.962687
