#{"t_start": 1544715597.1008527, "env_id": "BreakoutNoFrameskip-v4"}
r,l,t
1.0,157,43.481029
1.0,157,47.048864
0.0,129,50.532563
0.0,129,72.984556
4.0,322,80.944314
1.0,155,85.960328
0.0,129,89.445675
0.0,129,93.087881
0.0,127,96.782567
0.0,129,100.717478
0.0,129,104.720229
1.0,157,109.527985
1.0,157,114.157805
0.0,129,118.256093
0.0,127,121.711208
0.0,129,125.36118
0.0,129,129.118831
0.0,129,133.07628
2.0,202,139.551228
1.0,178,145.176228
1.0,173,150.727915
2.0,222,158.088066
2.0,200,164.788661
1.0,155,169.955025
3.0,250,179.032806
0.0,125,183.263179
0.0,125,187.364269
4.0,300,197.407349
1.0,173,203.152545
1.0,155,208.171487
