#{"t_start": 1544715590.171793, "env_id": "BreakoutNoFrameskip-v4"}
r,l,t
0.0,127,49.682393
0.0,125,52.364307
1.0,153,56.238149
1.0,171,79.955152
3.0,250,85.515326
0.0,127,89.218542
2.0,204,95.788785
2.0,224,102.454032
0.0,127,106.255541
1.0,173,111.754611
0.0,127,115.438791
4.0,301,125.265706
1.0,155,129.554959
2.0,202,135.635972
1.0,178,141.267689
1.0,157,146.236878
2.0,220,153.325428
0.0,129,157.37436
2.0,221,164.590657
3.0,232,172.467944
0.0,129,176.719995
0.0,127,181.141652
0.0,125,185.377677
4.0,301,195.911344
3.0,252,204.349335
0.0,129,208.491172
