#{"t_start": 1544715598.664651, "env_id": "BreakoutNoFrameskip-v4"}
r,l,t
1.0,157,41.917371
1.0,177,45.962057
2.0,202,51.701378
3.0,272,76.838642
2.0,183,82.794892
0.0,127,86.686786
2.0,198,92.311511
3.0,248,100.134396
1.0,175,105.586185
1.0,173,111.009669
0.0,129,114.979006
1.0,177,120.073805
2.0,185,125.604204
1.0,157,130.387036
2.0,223,137.550419
3.0,251,145.687921
2.0,204,152.285379
0.0,129,156.465173
1.0,173,162.294516
0.0,129,166.440753
1.0,153,171.764517
2.0,223,179.603808
0.0,127,183.988894
3.0,232,192.074874
2.0,202,198.235765
0.0,127,202.435804
