#{"t_start": 1544715599.6854393, "env_id": "BreakoutNoFrameskip-v4"}
r,l,t
2.0,203,41.950355
0.0,129,44.877854
2.0,202,50.62107
9.0,404,80.203506
0.0,129,84.381508
0.0,129,87.79322
1.0,157,92.462536
2.0,202,98.851441
0.0,125,102.650528
5.0,370,114.766912
1.0,175,119.761906
0.0,129,123.407665
0.0,127,127.058904
4.0,297,136.879508
0.0,127,140.718336
1.0,169,146.056467
2.0,225,153.44439
1.0,173,159.353007
2.0,187,165.573021
1.0,171,171.582572
3.0,234,179.94701
0.0,127,184.104878
2.0,203,191.206795
0.0,129,194.842355
1.0,171,200.473092
0.0,127,204.476121
