#{"t_start": 1544715601.8876567, "env_id": "BreakoutNoFrameskip-v4"}
r,l,t
2.0,205,39.840041
0.0,125,42.617821
6.0,367,70.397172
0.0,127,74.217757
0.0,127,77.959453
0.0,129,82.141052
0.0,129,85.562339
0.0,129,89.394396
0.0,129,93.098582
1.0,155,97.843554
2.0,188,103.815223
1.0,173,109.076326
2.0,188,115.026064
2.0,201,120.882974
0.0,129,124.613156
3.0,252,132.864431
0.0,127,136.778118
2.0,202,143.136268
0.0,125,147.000673
0.0,125,150.898233
1.0,173,156.780146
0.0,129,160.873198
1.0,153,165.931292
1.0,173,172.183897
1.0,173,178.204953
3.0,272,187.851588
0.0,129,191.560197
0.0,127,195.444458
3.0,253,204.183481
