#{"t_start": 1544715601.401644, "env_id": "BreakoutNoFrameskip-v4"}
r,l,t
0.0,125,38.405134
2.0,222,43.594697
1.0,174,48.485363
1.0,155,69.924575
0.0,127,73.382372
0.0,129,77.366628
0.0,129,81.613102
0.0,125,84.940515
4.0,302,94.312859
2.0,184,100.204571
2.0,199,106.356404
2.0,204,112.96599
1.0,175,117.941514
1.0,175,123.130533
0.0,123,126.670769
1.0,173,132.1364
0.0,129,136.241807
0.0,127,139.981792
0.0,125,143.871629
1.0,172,149.253232
1.0,175,155.173781
0.0,129,159.417376
0.0,125,163.415773
1.0,173,169.486663
0.0,127,173.852686
0.0,129,178.143373
3.0,250,187.023644
2.0,224,194.059105
3.0,248,202.447956
0.0,129,206.704556
