#{"t_start": 1544715600.2075865, "env_id": "BreakoutNoFrameskip-v4"}
r,l,t
2.0,206,41.573818
2.0,200,46.646907
0.0,125,50.001703
0.0,127,70.828731
0.0,129,73.985479
2.0,224,81.472647
2.0,220,87.845881
1.0,155,92.585101
2.0,226,99.671784
0.0,129,103.704973
0.0,129,107.514436
1.0,157,112.356641
0.0,129,116.188931
0.0,127,119.681216
1.0,155,124.276679
1.0,171,129.525716
3.0,249,137.738809
0.0,129,141.605444
0.0,127,145.457409
5.0,327,156.630948
1.0,157,161.762745
0.0,127,165.91754
0.0,127,170.310578
0.0,129,174.732525
5.0,352,187.267502
0.0,129,191.492263
0.0,127,195.14152
3.0,269,204.31304
