#{"t_start": 1544715600.9729857, "env_id": "BreakoutNoFrameskip-v4"}
r,l,t
0.0,129,38.949373
0.0,125,41.626081
0.0,127,44.626991
0.0,129,48.210855
3.0,276,73.178898
3.0,213,80.209394
0.0,127,84.198793
2.0,201,89.867914
0.0,127,93.525957
0.0,129,97.56881
0.0,127,101.44956
2.0,200,107.694169
0.0,127,111.443612
2.0,227,118.370307
2.0,204,124.455194
0.0,125,128.221078
2.0,185,134.136273
2.0,189,140.043889
1.0,173,145.738158
0.0,129,149.481121
0.0,127,153.642806
1.0,175,159.611779
3.0,250,168.213736
3.0,232,176.60851
0.0,127,180.87838
2.0,202,188.004653
1.0,175,193.256875
2.0,202,200.050153
0.0,127,204.01927
0.0,129,208.153191
