epoch_idx,fps,P09:episode_rewards,advantage_norm,value_loss,episode_length,frames,P01:episode_rewards,explained_variance,policy_entropy,policy_loss,PMM:episode_rewards,grad_norm
1,568,2.0,5.117928324881941,1.0112206830877835,161.66666666666666,8000,0.0,-2.9928448456525802,1.3421152496337891,0.14366104307569913,0.8888888888888888,33.66190110796481
2,335,3.0,0.7418195605650544,0.005736990561099446,178.26666666666668,16000,0.0,-5.284301280975342,1.3809235572814942,-0.00022947276367631274,1.3333333333333333,0.09837642264934138
3,376,3.0,0.596783885974437,0.0048806942209898806,181.52,24000,0.0,-10.167054245471954,1.3751334357261658,0.00039470827498007567,1.39,0.0840129658123882
4,396,3.0,0.6940786856040358,0.005542779005779721,173.69,32000,0.0,-4.018968920707703,1.368294768333435,-0.0006840851064771414,1.15,0.10748301422941088
5,412,3.1000000000000085,0.6726426448486745,0.005562266245287901,177.33,40000,0.0,-5.6725009793043135,1.369623873233795,0.0005458803834335413,1.23,0.08381507429391043
6,419,3.0,0.616256231861189,0.004667394888919034,175.59,48000,0.0,-24.30050217449665,1.3822622144222259,0.0009438231833883038,1.18,0.07962761358066721
7,422,2.0,0.5847874063253403,0.004344676460044638,167.64,56000,0.0,-8.557168689966202,1.3856214332580565,-0.0006954178579326254,0.99,0.06808802999619204
8,422,3.0,0.7695474620535969,0.006119523460664595,171.41,64000,0.0,-2.6308493679761886,1.3825012838840485,-0.00011278344332822598,1.08,0.092285249550296
9,425,3.0,0.7462474926467985,0.005947233515491916,181.78,72000,0.0,-2.0307217019796373,1.3806583297252655,0.0006121339052333496,1.33,0.07446926094719102
