#{"t_start": 1544715602.168412, "env_id": "BreakoutNoFrameskip-v4"}
r,l,t
4.0,263,41.637715
1.0,157,45.871308
1.0,155,68.839133
2.0,206,74.748408
2.0,203,81.038636
0.0,129,84.479141
1.0,155,88.460759
0.0,129,92.105545
0.0,127,96.079725
3.0,272,104.595389
1.0,178,110.049774
0.0,129,114.055255
1.0,172,118.88852
0.0,129,122.702929
3.0,270,131.267246
1.0,175,136.770783
2.0,208,143.426413
1.0,155,148.1377
0.0,127,152.218379
2.0,200,158.732704
5.0,292,168.42057
2.0,223,175.859837
2.0,202,182.479731
0.0,127,186.692096
0.0,127,190.269051
3.0,232,197.931159
