#{"t_start": 1544715593.5646095, "env_id": "BreakoutNoFrameskip-v4"}
r,l,t
0.0,123,46.453769
0.0,127,49.405615
0.0,129,52.66273
1.0,171,57.484878
1.0,151,80.101182
4.0,304,89.879912
1.0,177,94.539749
2.0,201,100.358266
2.0,201,106.518629
0.0,127,110.445974
0.0,129,114.134233
0.0,127,117.930675
2.0,204,124.233946
2.0,183,129.572145
1.0,153,134.164754
7.0,427,148.209649
1.0,153,153.078825
4.0,262,161.760524
0.0,127,165.833881
2.0,200,172.06601
0.0,129,176.188519
2.0,222,183.357641
0.0,125,187.348342
2.0,204,194.268579
0.0,125,197.96865
2.0,203,204.538756
0.0,127,208.355326
1.0,153,213.306412
