#{"t_start": 1544715602.4990864, "env_id": "BreakoutNoFrameskip-v4"}
r,l,t
0.0,123,37.517082
1.0,153,41.272034
2.0,206,46.879942
0.0,129,68.892138
2.0,201,75.048406
0.0,127,78.719981
5.0,308,87.504769
3.0,232,94.66739
1.0,175,100.259664
2.0,201,106.145709
1.0,172,111.570111
3.0,270,119.785205
3.0,250,127.547086
2.0,200,133.941044
4.0,303,143.803787
2.0,222,151.047913
0.0,125,155.037457
0.0,129,158.899494
1.0,175,164.468736
1.0,153,169.394267
0.0,129,173.29407
1.0,173,179.028119
2.0,202,186.005877
0.0,127,189.589487
0.0,125,193.402376
1.0,173,198.941542
1.0,177,204.732363
