#{"t_start": 1544715602.4410143, "env_id": "BreakoutNoFrameskip-v4"}
r,l,t
2.0,182,39.078015
1.0,155,42.989467
1.0,157,47.335306
0.0,129,69.25053
1.0,157,73.974231
1.0,178,79.403767
2.0,187,84.734337
2.0,204,90.44917
0.0,123,93.988934
1.0,155,98.634947
0.0,127,102.577803
0.0,127,106.134887
3.0,237,113.843577
1.0,176,118.832376
1.0,152,123.336576
0.0,127,127.023353
0.0,129,131.029867
2.0,204,137.551651
0.0,127,141.440033
3.0,248,149.44296
0.0,127,153.485308
0.0,127,157.517359
0.0,129,161.559958
1.0,157,166.277028
0.0,129,170.285931
2.0,224,177.868743
7.0,304,188.208562
0.0,127,191.780417
8.0,351,203.725619
