#{"t_start": 1544715602.3832483, "env_id": "BreakoutNoFrameskip-v4"}
r,l,t
1.0,155,38.454861
1.0,154,42.242527
2.0,186,47.429842
2.0,222,72.320492
1.0,157,76.972589
0.0,127,80.932779
2.0,200,86.244826
0.0,127,89.82168
0.0,129,93.558274
1.0,175,98.896983
0.0,125,102.767986
1.0,153,107.149553
1.0,173,112.748059
2.0,224,119.319195
1.0,170,124.343621
2.0,200,130.718441
2.0,198,137.031444
1.0,173,142.49131
1.0,153,147.025269
2.0,223,154.609527
1.0,171,160.083879
0.0,127,163.894898
3.0,233,171.503988
1.0,173,177.336232
0.0,129,181.27005
3.0,248,189.466341
2.0,222,196.851238
0.0,127,200.575064
0.0,129,204.682471
