#{"t_start": 1544715601.8130317, "env_id": "BreakoutNoFrameskip-v4"}
r,l,t
4.0,248,41.534018
0.0,129,44.822458
1.0,157,49.134813
0.0,129,71.173704
0.0,123,74.852579
1.0,155,79.486995
1.0,157,84.002929
0.0,129,87.180522
4.0,301,96.580304
0.0,127,100.482372
0.0,125,104.082424
4.0,297,113.633559
0.0,123,116.922927
3.0,249,124.536341
2.0,186,130.254024
0.0,127,134.216809
0.0,127,138.086811
2.0,219,145.115587
3.0,269,154.003791
2.0,219,161.189402
0.0,127,164.988524
3.0,232,172.531169
2.0,225,179.997557
2.0,187,186.477701
1.0,175,191.722273
0.0,125,195.597819
1.0,173,201.160194
