#{"t_start": 1544715594.2047126, "env_id": "BreakoutNoFrameskip-v4"}
r,l,t
1.0,178,47.212645
5.0,352,76.433222
0.0,127,79.014229
3.0,229,85.990967
0.0,125,89.920154
1.0,174,94.353802
1.0,175,99.420827
0.0,129,103.288289
2.0,201,109.617177
0.0,123,113.063328
3.0,251,121.303643
2.0,220,127.689951
1.0,160,132.400467
1.0,173,137.745663
3.0,233,145.311602
1.0,155,150.136117
1.0,155,154.745762
0.0,127,158.867163
0.0,129,163.010091
2.0,204,169.688613
1.0,157,174.429143
2.0,226,181.846054
0.0,129,186.107528
0.0,127,190.018752
1.0,157,195.341963
0.0,129,198.998332
1.0,152,203.837901
0.0,129,207.773021
