#{"t_start": 1544715587.3186707, "env_id": "BreakoutNoFrameskip-v4"}
r,l,t
1.0,173,53.960859
0.0,127,57.068242
3.0,270,83.621948
0.0,129,86.720536
0.0,125,90.565101
1.0,175,95.929683
0.0,127,99.29604
0.0,125,102.414485
3.0,234,109.52283
0.0,129,113.324252
3.0,272,121.87968
0.0,129,125.815495
2.0,183,131.33373
0.0,127,134.953152
2.0,202,141.09082
0.0,129,145.00759
2.0,224,152.286877
0.0,129,156.190201
2.0,201,162.400723
3.0,250,170.975673
2.0,201,177.359219
3.0,252,185.568919
0.0,129,189.633474
1.0,173,195.223742
2.0,222,202.902524
1.0,176,208.138482
1.0,174,213.757484
2.0,183,219.774662
