#{"t_start": 1544715596.9414454, "env_id": "BreakoutNoFrameskip-v4"}
r,l,t
0.0,123,43.077578
0.0,127,46.021931
3.0,250,53.006732
0.0,125,74.795982
1.0,173,80.142261
0.0,127,83.719763
0.0,127,87.533531
0.0,127,90.730102
0.0,129,94.148072
1.0,173,99.324689
0.0,127,102.95811
5.0,328,113.462763
1.0,174,119.08686
0.0,127,122.530045
3.0,253,130.134813
3.0,229,137.527046
1.0,155,142.404543
0.0,127,146.300897
1.0,153,150.949362
1.0,174,156.579624
1.0,155,161.70327
1.0,174,167.277334
1.0,173,172.673922
0.0,127,176.508164
0.0,127,180.562366
1.0,155,185.479951
3.0,215,192.911203
1.0,173,198.010371
0.0,125,202.143735
0.0,127,205.874114
0.0,129,210.012574
