#{"t_start": 1544715590.632686, "env_id": "BreakoutNoFrameskip-v4"}
r,l,t
2.0,203,51.374578
2.0,218,57.435624
5.0,299,84.612982
0.0,129,88.454764
1.0,153,93.185797
1.0,173,97.650768
0.0,127,101.145391
3.0,252,108.892672
7.0,448,123.572304
3.0,253,131.203154
0.0,129,134.871214
0.0,129,138.66748
5.0,318,149.192112
0.0,129,153.125453
2.0,182,158.661686
0.0,125,162.701907
0.0,125,166.693243
0.0,127,170.525955
2.0,225,177.812121
1.0,172,183.359524
5.0,325,194.444837
1.0,178,200.325881
0.0,127,203.983886
0.0,129,208.213977
1.0,172,213.514437
0.0,125,217.4921
