#{"t_start": 1544715601.509674, "env_id": "BreakoutNoFrameskip-v4"}
r,l,t
0.0,125,38.588191
2.0,202,43.617638
3.0,213,49.722074
0.0,129,71.626734
0.0,127,75.518007
4.0,298,84.63377
1.0,157,88.637145
0.0,125,92.166846
4.0,301,101.944515
1.0,155,106.379049
1.0,172,111.74738
1.0,171,116.839611
0.0,129,120.577
0.0,125,124.155682
4.0,283,133.236688
1.0,173,138.715072
1.0,154,143.523167
1.0,155,148.143558
2.0,181,154.204991
5.0,301,164.114671
0.0,129,168.240921
2.0,223,175.453192
1.0,155,180.384442
0.0,125,184.528272
4.0,322,195.104694
0.0,129,199.131734
