#{"t_start": 1544715593.1786847, "env_id": "BreakoutNoFrameskip-v4"}
r,l,t
0.0,127,46.96396
2.0,201,51.981219
0.0,125,55.427186
4.0,301,82.760387
1.0,178,88.283171
1.0,157,92.831009
0.0,125,95.872587
3.0,250,103.467708
0.0,127,107.147839
1.0,156,112.093506
0.0,127,115.620241
1.0,173,121.178324
1.0,173,126.1973
3.0,272,134.499196
0.0,125,138.287709
3.0,270,147.104999
2.0,223,154.266355
0.0,127,158.064045
3.0,229,165.891247
1.0,177,171.374338
2.0,202,177.882768
1.0,173,183.432126
1.0,175,189.079625
0.0,127,193.29684
0.0,129,197.418349
0.0,127,200.984035
0.0,125,205.033161
