#{"t_start": 1544715602.312425, "env_id": "BreakoutNoFrameskip-v4"}
r,l,t
0.0,127,37.84394
0.0,127,40.782372
3.0,249,47.743379
0.0,125,69.51443
4.0,281,78.257678
1.0,157,83.029933
2.0,204,88.408791
0.0,123,91.884629
0.0,129,95.886295
0.0,127,99.74758
1.0,176,104.861317
3.0,248,112.971953
1.0,172,117.790153
3.0,231,124.753971
2.0,223,131.97976
0.0,129,135.873986
1.0,173,141.398636
2.0,185,147.050716
1.0,157,152.218161
1.0,157,157.416831
0.0,129,161.357475
0.0,129,165.163792
2.0,204,171.783338
0.0,125,175.870407
0.0,129,179.741935
0.0,125,183.924292
2.0,199,190.255166
0.0,129,194.202075
1.0,173,199.754323
0.0,125,203.734256
