#{"t_start": 1544715602.4352753, "env_id": "BreakoutNoFrameskip-v4"}
r,l,t
1.0,173,38.865769
2.0,223,44.838788
2.0,224,69.554005
1.0,176,75.022646
5.0,316,84.599332
2.0,203,90.278199
0.0,129,93.991809
0.0,125,97.597152
1.0,155,102.479972
1.0,157,107.04561
1.0,155,112.062969
1.0,155,116.508276
0.0,125,120.00704
3.0,248,127.721887
0.0,127,131.63415
4.0,299,141.399983
1.0,173,146.615227
1.0,175,152.4228
2.0,221,159.650194
0.0,127,163.528424
1.0,173,169.119289
3.0,217,176.466622
2.0,224,183.848293
2.0,223,190.936414
1.0,175,196.748632
1.0,154,201.388439
