#{"t_start": 1544715602.4954622, "env_id": "BreakoutNoFrameskip-v4"}
r,l,t
2.0,204,39.536431
1.0,157,43.596979
0.0,129,47.15552
0.0,125,68.964399
0.0,127,72.550594
0.0,127,76.367252
2.0,222,83.106114
2.0,201,88.501347
1.0,173,93.701067
0.0,125,97.275098
1.0,175,102.886621
1.0,173,107.991738
0.0,129,112.094616
2.0,222,118.576585
2.0,220,125.328655
2.0,221,132.402114
0.0,129,136.311605
0.0,129,140.236889
0.0,129,144.261212
1.0,157,149.097803
2.0,205,155.976793
0.0,127,159.856356
3.0,234,167.470649
0.0,129,171.387017
0.0,129,175.588139
5.0,323,186.759187
0.0,125,190.285772
0.0,129,194.226513
3.0,229,201.709832
