#{"t_start": 1544715602.0261598, "env_id": "BreakoutNoFrameskip-v4"}
r,l,t
0.0,123,38.946775
2.0,201,43.770528
1.0,171,47.063189
2.0,200,69.617056
4.0,325,75.43823
1.0,157,78.273714
1.0,175,80.942158
0.0,125,82.984504
0.0,127,85.714666
0.0,129,88.12236
3.0,228,92.3996
3.0,269,96.943224
3.0,252,101.701213
0.0,129,104.038383
2.0,203,107.527637
0.0,129,109.658951
0.0,127,111.41416
1.0,174,114.508758
1.0,173,117.988416
4.0,297,123.318936
0.0,127,125.459682
0.0,125,127.480001
0.0,127,129.542358
3.0,236,133.853484
4.0,278,139.187384
0.0,129,141.157936
0.0,125,143.205682
0.0,125,145.202768
3.0,268,150.075682
1.0,171,152.944731
1.0,174,155.678211
0.0,129,157.486042
1.0,155,160.031934
3.0,248,164.223372
0.0,127,166.228159
5.0,346,171.914295
1.0,173,174.528185
1.0,155,176.86304
1.0,178,179.713038
1.0,157,182.064499
1.0,155,184.512169
5.0,330,190.324885
0.0,129,192.385394
1.0,155,194.863645
0.0,129,196.769204
4.0,280,201.710727
1.0,172,204.314738
3.0,273,208.905267
