#{"t_start": 1544715600.405341, "env_id": "BreakoutNoFrameskip-v4"}
r,l,t
3.0,268,44.429534
1.0,173,47.72626
3.0,252,71.455178
1.0,175,74.448718
0.0,125,76.495606
4.0,279,81.376337
0.0,129,83.598704
1.0,173,86.931447
0.0,125,89.337533
1.0,175,92.428363
0.0,127,94.637177
2.0,222,98.362637
0.0,129,100.722533
0.0,127,102.92299
0.0,129,105.347608
0.0,127,107.471608
0.0,127,109.543097
3.0,246,113.436861
0.0,127,115.623313
0.0,129,118.250648
0.0,129,120.504427
1.0,154,123.21421
1.0,157,125.839602
0.0,129,127.825166
0.0,129,130.009124
1.0,155,132.760262
1.0,171,136.259501
0.0,129,138.357668
2.0,203,141.785914
0.0,127,143.799779
0.0,129,145.944698
0.0,125,148.283674
0.0,129,150.269514
9.0,382,156.792837
5.0,369,162.843773
2.0,222,166.573257
3.0,239,170.48555
2.0,189,173.475705
0.0,129,175.38641
5.0,334,180.804587
0.0,125,182.695973
1.0,173,185.431531
4.0,299,190.282012
1.0,175,193.517133
0.0,125,195.462132
0.0,125,197.312997
0.0,129,199.462956
0.0,125,201.411184
0.0,127,203.516975
0.0,127,205.35712
1.0,175,207.997285
