#{"t_start": 1544715602.107472, "env_id": "BreakoutNoFrameskip-v4"}
r,l,t
0.0,123,38.87995
2.0,206,43.837999
1.0,152,46.630199
2.0,200,69.293686
0.0,129,71.468705
1.0,156,74.063765
3.0,233,78.319783
1.0,175,81.103106
3.0,232,85.685613
1.0,171,88.868106
3.0,232,93.047216
0.0,129,95.103517
1.0,157,97.919916
1.0,155,100.703661
0.0,127,103.019934
1.0,155,105.708721
2.0,186,108.830015
1.0,173,111.441615
0.0,125,113.442235
3.0,247,118.553232
0.0,129,120.805016
3.0,272,125.511061
0.0,129,127.603549
0.0,127,129.71701
1.0,176,132.974999
0.0,127,135.460117
1.0,175,138.51561
3.0,250,142.605055
0.0,129,144.676557
0.0,127,147.117246
1.0,153,149.515784
1.0,177,152.526511
1.0,176,155.32045
3.0,245,159.200981
0.0,127,161.174594
1.0,155,163.766152
4.0,294,168.59525
1.0,155,171.059739
0.0,129,172.956446
1.0,172,175.6155
0.0,129,177.53609
3.0,272,181.875396
0.0,127,183.898936
3.0,270,188.176219
3.0,251,192.847698
4.0,283,197.503512
2.0,222,201.260968
0.0,129,203.188474
1.0,155,205.51621
