#{"t_start": 1544715591.1205847, "env_id": "BreakoutNoFrameskip-v4"}
r,l,t
1.0,157,50.89829
0.0,127,53.799413
1.0,173,57.076386
5.0,299,81.617682
1.0,153,84.225013
2.0,225,88.528818
1.0,173,91.027214
1.0,153,93.590333
1.0,171,97.379925
1.0,157,100.029618
3.0,268,104.85742
3.0,230,109.03102
0.0,125,111.155482
0.0,127,113.504334
4.0,296,118.828038
0.0,129,120.862408
3.0,270,125.494344
0.0,129,128.016628
7.0,403,135.466825
4.0,301,140.762905
1.0,155,143.567342
3.0,275,148.918739
0.0,129,150.872938
1.0,173,153.708024
2.0,198,157.377432
1.0,173,160.153919
0.0,127,162.348066
0.0,129,164.268092
0.0,129,166.307423
0.0,125,168.041309
1.0,175,170.905215
2.0,203,174.336918
4.0,300,179.236416
0.0,129,181.295829
3.0,271,185.581781
2.0,205,188.770244
2.0,222,192.351295
2.0,224,195.992049
1.0,157,198.374443
0.0,127,200.559779
3.0,250,204.875458
0.0,129,206.764161
0.0,127,208.949073
1.0,172,211.783155
1.0,155,214.114062
2.0,220,217.6824
1.0,155,220.235993
