#{"t_start": 1544715595.1060786, "env_id": "BreakoutNoFrameskip-v4"}
r,l,t
2.0,220,48.549361
0.0,125,51.142515
2.0,199,74.825376
1.0,173,76.949758
3.0,232,80.980155
3.0,228,85.19655
0.0,127,86.985334
2.0,220,91.003764
0.0,129,93.809469
1.0,176,96.843201
0.0,127,99.240708
1.0,155,101.592349
2.0,188,105.003971
2.0,203,108.802182
0.0,129,111.063906
0.0,127,113.164137
0.0,127,115.270103
0.0,129,117.209635
1.0,155,119.596588
0.0,123,122.16575
1.0,175,125.338059
0.0,127,127.576011
0.0,127,129.553717
0.0,127,131.824147
0.0,129,133.708202
0.0,127,135.878295
0.0,127,138.058182
2.0,186,141.838544
1.0,157,144.49687
6.0,364,150.812801
0.0,129,153.101245
1.0,153,155.640053
2.0,220,159.365559
1.0,174,162.142636
1.0,154,164.356489
0.0,129,166.469196
0.0,129,168.499874
0.0,129,170.596877
1.0,173,173.372469
1.0,171,176.039439
0.0,127,178.019182
1.0,155,180.339251
0.0,127,182.311409
0.0,127,184.092403
2.0,202,187.371442
1.0,157,189.658798
0.0,127,191.724407
0.0,125,193.489302
0.0,127,195.536375
0.0,129,197.940813
0.0,129,200.089537
1.0,175,202.697147
0.0,127,204.866564
0.0,125,206.784351
1.0,155,209.343024
1.0,178,212.033067
0.0,125,214.052528
