#{"t_start": 1544715593.1337004, "env_id": "BreakoutNoFrameskip-v4"}
r,l,t
1.0,173,49.335245
3.0,245,54.464511
1.0,172,77.264403
1.0,173,79.697697
0.0,127,81.857335
1.0,157,84.596414
1.0,156,87.36101
2.0,223,91.066221
0.0,129,93.38695
0.0,127,96.04554
0.0,129,98.166216
1.0,155,101.141243
2.0,202,104.390684
3.0,238,108.770324
0.0,125,111.082223
1.0,174,114.126669
3.0,250,118.521834
4.0,303,123.988011
3.0,232,128.291497
0.0,129,130.485594
2.0,206,134.128408
1.0,155,136.599261
2.0,204,140.2319
2.0,202,144.264736
4.0,274,148.975941
0.0,129,150.987771
1.0,155,153.557884
0.0,127,155.987678
0.0,125,157.860339
4.0,299,162.934362
0.0,129,164.970763
0.0,127,166.85754
3.0,252,170.935362
1.0,153,173.494266
2.0,220,177.074499
0.0,127,179.033787
0.0,129,181.108657
0.0,129,182.952235
0.0,129,184.829175
1.0,154,187.202744
0.0,127,189.191995
1.0,175,191.853164
0.0,127,193.849622
1.0,154,196.164871
3.0,250,200.739269
1.0,171,203.463772
1.0,153,205.844942
0.0,129,208.064731
3.0,270,212.430245
2.0,199,215.602597
0.0,129,217.706616
