#{"t_start": 1544715597.737813, "env_id": "BreakoutNoFrameskip-v4"}
r,l,t
0.0,129,43.443311
0.0,127,46.453386
2.0,200,50.424347
1.0,155,72.745913
0.0,127,74.479576
2.0,203,77.960813
0.0,125,80.086903
2.0,181,83.181896
1.0,171,86.083881
3.0,252,91.227439
2.0,203,94.806776
0.0,127,97.061935
0.0,127,98.995816
0.0,129,101.161933
2.0,202,104.944122
1.0,157,107.894739
0.0,127,109.996403
1.0,155,112.587066
2.0,223,116.048983
3.0,272,121.463026
1.0,155,124.223713
0.0,129,126.314792
0.0,127,128.483174
0.0,129,130.469724
2.0,202,134.085969
0.0,129,136.397303
3.0,248,141.186136
1.0,177,144.107216
0.0,129,146.129966
2.0,202,149.630806
0.0,129,151.993875
1.0,153,154.481536
1.0,155,157.023742
2.0,204,160.251244
2.0,222,163.801068
1.0,172,166.531766
1.0,173,169.418374
2.0,208,172.765071
0.0,129,174.819058
2.0,202,177.921436
1.0,173,180.529029
3.0,251,184.665471
1.0,173,187.318104
1.0,173,190.066451
1.0,178,192.836184
0.0,127,195.205355
5.0,350,201.015065
0.0,129,203.278876
1.0,174,206.122529
0.0,125,207.923734
1.0,173,210.513768
2.0,200,214.03717
