#{"t_start": 1544715595.5513465, "env_id": "BreakoutNoFrameskip-v4"}
r,l,t
0.0,127,45.590168
0.0,127,48.5857
1.0,171,51.91326
0.0,127,54.997283
1.0,157,76.095092
0.0,123,78.229875
2.0,224,82.088824
2.0,187,85.310221
0.0,125,87.111406
2.0,227,91.571688
0.0,125,94.053648
1.0,154,96.747692
1.0,170,99.740835
0.0,129,101.81687
1.0,175,104.96887
0.0,127,107.195437
1.0,173,110.415061
2.0,202,113.869379
0.0,123,115.92027
1.0,155,118.143821
0.0,129,120.329071
1.0,175,123.865236
1.0,178,127.173419
0.0,123,129.049717
2.0,204,132.501838
0.0,127,134.600546
2.0,200,138.313837
2.0,202,142.323597
3.0,239,146.348634
3.0,234,150.395892
0.0,125,152.557801
5.0,345,158.635306
0.0,127,160.49055
0.0,129,162.526906
0.0,127,164.413456
3.0,252,168.481072
2.0,205,172.019407
5.0,331,177.502142
4.0,321,182.57326
1.0,176,185.391681
3.0,248,189.263559
0.0,125,191.250886
0.0,127,193.07249
4.0,300,198.580469
3.0,231,202.249381
0.0,127,204.405461
8.0,352,210.309005
2.0,205,213.651537
0.0,127,215.624896
