#{"t_start": 1544715601.6573966, "env_id": "BreakoutNoFrameskip-v4"}
r,l,t
2.0,200,41.435118
0.0,127,44.213606
0.0,125,46.353803
1.0,155,68.786191
0.0,129,70.503038
1.0,173,73.415336
1.0,173,76.507061
2.0,183,79.551705
3.0,235,83.584503
0.0,127,86.361572
0.0,127,88.65097
0.0,129,90.810814
3.0,248,95.156438
1.0,172,98.239674
0.0,129,100.495857
1.0,176,103.824033
0.0,125,105.871377
0.0,129,108.02901
5.0,348,113.770641
2.0,224,118.421278
1.0,175,121.577666
2.0,202,125.06668
0.0,129,126.917627
7.0,324,133.060067
3.0,249,137.822264
2.0,223,141.526912
5.0,325,147.526157
0.0,127,149.461454
0.0,127,151.647747
0.0,125,153.560446
2.0,202,156.735086
0.0,127,158.603249
3.0,232,162.343786
0.0,127,164.544374
0.0,127,166.530423
3.0,230,170.193683
2.0,206,173.491061
7.0,322,178.62663
7.0,386,184.969368
1.0,173,187.678531
2.0,200,191.313783
0.0,127,193.40643
0.0,127,195.32823
0.0,125,197.153992
0.0,123,199.268109
2.0,223,202.948483
4.0,307,208.007363
