#{"t_start": 1544715602.1179073, "env_id": "BreakoutNoFrameskip-v4"}
r,l,t
0.0,125,38.957745
2.0,201,43.725668
0.0,125,45.854231
2.0,201,68.870113
1.0,170,71.756282
2.0,204,75.199825
2.0,187,78.525377
3.0,252,82.684213
0.0,125,85.272295
0.0,125,87.667231
2.0,184,90.976637
3.0,256,95.432185
1.0,172,98.542629
1.0,175,101.775847
1.0,173,104.816528
2.0,223,108.678805
0.0,129,110.655845
0.0,125,112.498261
0.0,125,115.109831
0.0,127,117.308783
0.0,125,119.534042
2.0,200,122.997128
3.0,256,127.4655
0.0,125,129.532609
6.0,392,137.128443
2.0,205,140.559114
1.0,171,143.400933
0.0,125,145.591746
1.0,155,148.299964
2.0,220,152.002793
1.0,174,154.729342
3.0,268,159.056043
0.0,127,161.005026
1.0,173,163.924758
2.0,198,167.100838
1.0,155,169.528528
5.0,327,174.893539
1.0,170,177.436152
5.0,348,183.150502
0.0,129,185.198042
0.0,125,186.900306
2.0,204,190.669671
1.0,173,193.524449
3.0,250,197.673008
0.0,125,199.624674
3.0,253,203.818385
4.0,265,208.198089
