#{"t_start": 1546138372.8784208, "env_id": "BreakoutNoFrameskip-v4"}
r,l,t
0.0,129,97.733766
0.0,127,106.174076
0.0,125,115.99215
0.0,125,125.786196
