#{"t_start": 1546138372.87966, "env_id": "BreakoutNoFrameskip-v4"}
r,l,t
0.0,127,97.508272
2.0,204,112.939667
1.0,176,126.848901
