#{"t_start": 1546138370.6841328, "env_id": "BreakoutNoFrameskip-v4"}
r,l,t
0.0,129,99.946192
0.0,127,108.42084
0.0,129,118.851665
0.0,125,128.197141
