#{"t_start": 1546138372.8419435, "env_id": "BreakoutNoFrameskip-v4"}
r,l,t
0.0,129,97.784859
2.0,181,111.119551
0.0,127,121.411948
