#{"t_start": 1546138372.8730965, "env_id": "BreakoutNoFrameskip-v4"}
r,l,t
1.0,173,100.933475
3.0,231,119.718758
