#{"t_start": 1546138372.8048162, "env_id": "BreakoutNoFrameskip-v4"}
r,l,t
0.0,129,97.844791
0.0,125,106.142692
2.0,220,124.697127
