#{"t_start": 1546138372.8684943, "env_id": "BreakoutNoFrameskip-v4"}
r,l,t
1.0,157,100.123716
0.0,125,108.509923
2.0,203,125.2956
