#{"t_start": 1546138372.7553296, "env_id": "BreakoutNoFrameskip-v4"}
r,l,t
2.0,218,104.46268
2.0,198,121.007711
