#{"t_start": 1546138372.5957866, "env_id": "BreakoutNoFrameskip-v4"}
r,l,t
0.0,127,97.808645
5.0,350,125.94301
