#{"t_start": 1546138371.4360292, "env_id": "BreakoutNoFrameskip-v4"}
r,l,t
1.0,175,102.490544
0.0,127,111.655479
2.0,203,127.960562
