#{"t_start": 1546138367.0945725, "env_id": "BreakoutNoFrameskip-v4"}
r,l,t
1.0,175,106.847689
0.0,125,115.770899
1.0,155,128.825466
