#{"t_start": 1546138373.0745702, "env_id": "BreakoutNoFrameskip-v4"}
r,l,t
1.0,173,100.685702
1.0,171,113.707627
0.0,125,123.922149
