#{"t_start": 1546138373.0087907, "env_id": "BreakoutNoFrameskip-v4"}
r,l,t
2.0,220,104.432393
3.0,272,126.624378
