#{"t_start": 1546138370.3369782, "env_id": "BreakoutNoFrameskip-v4"}
r,l,t
1.0,173,103.443185
0.0,127,112.554088
0.0,129,123.265125
