#{"t_start": 1546138372.8145823, "env_id": "BreakoutNoFrameskip-v4"}
r,l,t
1.0,157,100.143264
0.0,129,108.879809
