#{"t_start": 1544715590.886189, "env_id": "BreakoutNoFrameskip-v4"}
r,l,t
1.0,157,49.958892
1.0,173,54.664989
1.0,155,59.787977
0.0,129,82.033195
0.0,125,85.073028
1.0,176,88.930413
0.0,125,92.334412
5.0,333,101.309728
0.0,127,104.592311
0.0,125,108.433356
1.0,175,113.606419
1.0,174,118.420666
0.0,129,122.526681
2.0,198,127.38207
0.0,125,131.071114
4.0,301,139.12967
0.0,129,142.34978
3.0,253,150.708296
1.0,173,155.33243
3.0,253,161.902355
0.0,127,165.649836
1.0,174,170.841998
0.0,129,175.112579
2.0,202,181.851608
2.0,201,188.873303
0.0,129,193.291862
0.0,125,197.647365
3.0,233,204.83375
0.0,127,209.579072
0.0,127,212.885347
0.0,125,217.319809
