#{"t_start": 1544715591.076082, "env_id": "BreakoutNoFrameskip-v4"}
r,l,t
4.0,281,53.460534
3.0,272,80.638351
0.0,127,84.266768
2.0,200,88.609657
1.0,173,93.594387
3.0,249,99.668497
1.0,172,104.484925
2.0,202,110.841477
1.0,175,115.800035
3.0,236,122.941057
1.0,174,127.273632
0.0,127,131.032614
4.0,271,138.360867
3.0,230,144.444183
0.0,127,148.619635
2.0,200,154.381608
0.0,129,157.080799
1.0,174,162.145559
4.0,264,170.221463
2.0,202,176.971633
0.0,129,181.264282
11.0,462,198.413153
0.0,127,202.24053
3.0,254,211.052587
0.0,127,214.55656
1.0,153,219.759231
