#{"t_start": 1544715598.1494129, "env_id": "BreakoutNoFrameskip-v4"}
r,l,t
1.0,178,43.458725
0.0,129,46.706043
1.0,170,52.215348
0.0,125,74.301976
2.0,204,79.385107
2.0,220,85.07324
2.0,183,90.261762
0.0,129,92.972432
1.0,174,97.763418
1.0,172,103.006824
0.0,129,106.886991
0.0,129,109.995226
1.0,169,115.417228
1.0,178,119.775164
0.0,129,123.500525
4.0,251,130.515146
1.0,175,134.671022
1.0,155,139.510881
0.0,127,143.581107
2.0,226,149.091605
3.0,276,157.765575
0.0,129,160.864912
3.0,267,169.814143
0.0,129,174.107185
3.0,230,182.186793
2.0,201,189.404502
0.0,129,193.669291
2.0,203,200.240644
2.0,204,206.733498
0.0,125,210.965111
