#{"t_start": 1544715602.3144195, "env_id": "BreakoutNoFrameskip-v4"}
r,l,t
3.0,275,42.059135
4.0,297,70.011728
0.0,129,73.422635
1.0,173,77.267728
4.0,302,85.988384
5.0,302,93.900067
2.0,218,100.790644
1.0,155,104.835498
0.0,127,108.729311
1.0,154,112.611831
3.0,227,119.194266
2.0,224,125.224134
1.0,157,129.503789
1.0,176,134.187094
0.0,127,138.300397
0.0,129,141.926271
0.0,125,144.576164
0.0,129,148.040343
2.0,223,154.60062
3.0,248,162.733849
0.0,129,166.778747
0.0,127,170.919023
3.0,222,178.861915
1.0,171,184.815223
0.0,127,189.096843
2.0,221,196.279257
2.0,204,202.837532
