#{"t_start": 1544715589.820456, "env_id": "BreakoutNoFrameskip-v4"}
r,l,t
0.0,129,50.261728
0.0,129,53.657338
5.0,328,82.520106
3.0,246,88.858413
1.0,157,92.583247
1.0,173,97.768657
1.0,153,100.890626
4.0,298,110.240165
1.0,171,115.170864
1.0,175,119.965626
0.0,127,123.857247
0.0,129,126.761612
0.0,125,130.037431
0.0,123,133.519988
0.0,127,136.526117
0.0,127,139.904751
1.0,157,144.102345
0.0,127,147.930411
0.0,127,152.043768
4.0,320,160.394971
4.0,267,168.608147
4.0,297,178.200357
1.0,173,183.865453
0.0,127,187.993084
2.0,221,196.201361
1.0,155,201.633271
0.0,125,205.019341
2.0,226,212.918457
0.0,125,216.851916
1.0,157,222.014693
