#{"t_start": 1544715600.4088657, "env_id": "BreakoutNoFrameskip-v4"}
r,l,t
4.0,317,45.182774
2.0,201,51.366256
4.0,300,78.269128
1.0,175,82.648835
4.0,322,91.341275
2.0,222,97.991302
2.0,201,103.885831
4.0,322,113.642093
0.0,125,116.56025
1.0,173,121.640699
0.0,129,124.512848
7.0,328,133.799563
1.0,153,138.688509
1.0,173,143.69043
0.0,129,146.515533
0.0,127,149.909353
1.0,155,154.693247
0.0,123,158.092641
1.0,153,162.750049
0.0,123,166.467397
0.0,127,170.705986
0.0,125,174.331709
0.0,125,178.737375
0.0,129,183.323283
0.0,129,187.810691
3.0,248,195.603526
0.0,125,200.247271
0.0,127,203.573944
1.0,159,209.250369
