#{"t_start": 1544715602.4447904, "env_id": "BreakoutNoFrameskip-v4"}
r,l,t
3.0,272,41.815838
0.0,129,45.70935
3.0,270,72.758349
1.0,174,76.480936
0.0,127,79.282122
0.0,129,83.46116
3.0,247,89.481915
3.0,272,97.899337
1.0,153,102.109092
0.0,127,105.268211
5.0,339,115.298084
1.0,157,119.933188
3.0,228,126.126728
1.0,173,130.25684
2.0,225,137.387339
3.0,230,143.964317
0.0,127,146.720323
1.0,178,152.259628
0.0,127,155.840306
1.0,157,160.662114
0.0,125,164.482374
1.0,176,170.378695
2.0,187,176.782467
1.0,173,182.937462
1.0,178,189.207057
1.0,155,193.638858
1.0,175,200.016465
2.0,200,206.455883
