#{"t_start": 1544715590.6279833, "env_id": "BreakoutNoFrameskip-v4"}
r,l,t
0.0,129,49.453758
2.0,220,55.506355
0.0,127,59.687641
1.0,173,83.341373
2.0,224,88.648463
3.0,251,95.89093
0.0,125,98.594409
0.0,129,101.676777
1.0,176,106.793477
0.0,127,110.461273
2.0,202,116.329355
2.0,219,123.106337
1.0,177,127.422692
4.0,278,135.081004
1.0,155,139.334914
1.0,155,143.486314
4.0,299,152.864937
0.0,129,156.017125
2.0,204,161.414862
2.0,222,168.267741
0.0,125,172.131145
3.0,270,181.259939
1.0,175,186.874361
0.0,127,191.522913
2.0,204,198.975438
0.0,129,202.903108
1.0,155,207.890502
1.0,171,213.048113
