#{"t_start": 1544715588.6362135, "env_id": "BreakoutNoFrameskip-v4"}
r,l,t
2.0,202,53.706171
0.0,129,56.947583
4.0,303,85.284641
0.0,129,88.008833
0.0,127,90.984198
0.0,125,94.217806
1.0,155,98.769113
4.0,297,106.051059
1.0,155,111.159894
0.0,129,114.825635
2.0,205,120.511308
1.0,174,125.712207
2.0,222,131.545522
2.0,182,136.465198
1.0,175,141.190035
0.0,127,144.406904
1.0,156,149.300629
1.0,157,154.199858
0.0,129,157.480911
0.0,129,160.005426
1.0,173,165.275349
2.0,223,171.817144
5.0,350,184.116369
2.0,183,190.129861
2.0,224,198.462542
0.0,129,202.848862
3.0,248,211.116214
0.0,129,214.648211
2.0,184,221.176243
