#{"t_start": 1544715602.1960905, "env_id": "BreakoutNoFrameskip-v4"}
r,l,t
0.0,129,37.885868
0.0,127,41.206334
2.0,220,48.119973
2.0,201,72.736403
0.0,127,75.225498
2.0,186,79.609842
3.0,252,86.877741
4.0,281,94.636003
4.0,284,103.453082
3.0,230,110.525487
5.0,368,120.667802
1.0,157,124.563285
1.0,175,129.527604
0.0,125,132.422368
2.0,219,140.041977
2.0,203,144.724993
2.0,204,150.37254
0.0,127,154.188567
0.0,129,157.53941
8.0,382,171.091023
0.0,125,174.917795
0.0,129,179.593324
2.0,203,187.074129
1.0,175,192.340538
0.0,127,196.634372
1.0,178,202.009914
0.0,125,206.365515
