#{"t_start": 1544715595.6894324, "env_id": "BreakoutNoFrameskip-v4"}
r,l,t
0.0,127,44.34779
3.0,270,52.306162
0.0,125,55.777683
1.0,173,79.689641
2.0,221,84.431019
1.0,158,89.238528
1.0,171,93.463539
0.0,129,96.544949
0.0,129,99.901599
0.0,127,103.859295
4.0,299,112.492545
1.0,173,118.060369
3.0,270,125.253592
2.0,205,130.703179
1.0,174,135.488398
1.0,175,140.220999
1.0,173,146.113616
0.0,127,149.383949
2.0,224,154.880543
5.0,300,163.694798
0.0,125,168.22613
4.0,300,178.089655
0.0,129,182.350873
0.0,129,187.035963
0.0,127,191.412196
0.0,127,195.698469
0.0,129,199.250028
3.0,253,207.713465
0.0,129,212.241873
0.0,125,216.218802
