#{"t_start": 1544715601.9901366, "env_id": "BreakoutNoFrameskip-v4"}
r,l,t
1.0,155,38.80156
2.0,181,43.753752
1.0,157,48.905951
0.0,129,71.188577
0.0,129,74.187641
2.0,202,78.482397
2.0,200,84.912016
0.0,129,87.542752
1.0,155,91.517674
0.0,129,95.368773
1.0,157,100.182268
6.0,400,112.190686
0.0,125,115.281021
2.0,225,121.567538
4.0,276,129.092771
1.0,155,133.077795
2.0,204,140.193149
0.0,127,143.303759
3.0,240,149.087159
2.0,204,155.481682
3.0,251,163.748256
3.0,234,171.530247
0.0,129,175.604658
1.0,172,182.032313
1.0,157,187.64436
0.0,129,191.559376
1.0,176,197.369471
0.0,129,201.041927
0.0,127,205.39855
0.0,129,209.53465
