epoch_idx,value_loss,P01:episode_rewards,advantage_norm,frames,episode_length,policy_loss,policy_entropy,fps,grad_norm,P09:episode_rewards,PMM:episode_rewards,explained_variance
1,1.5142258635624921,0.0,5.199866524785757,8000,171.74358974358975,-0.007320250255579594,1.3479555141925812,519,35.79841215453932,3.0,1.0512820512820513,-1.4615348291397094
2,0.005294752104690588,0.0,0.6633511466905475,16000,179.0568181818182,-0.0004221904812948196,1.385441497564316,328,0.1217975851696273,3.0,1.2613636363636365,-11.690718673467636
3,0.006373202350800966,0.0,0.8072206380218268,24000,184.26,0.00045614685559485223,1.3858210122585297,378,0.12907754648603206,4.0,1.43,-2.586347175836563
4,0.0060506089906675695,0.0,0.7731818956509232,32000,186.61,0.00044756370218237865,1.3850623774528503,407,0.1224387673584913,4.0,1.45,-7.097682368755341
5,0.006722126508025212,0.0,0.7947836096398533,40000,183.73,-0.0003088099014985346,1.3845278990268708,428,0.14049684433785103,4.0,1.38,-2.2328403925895692
6,0.004996816410389329,0.0,0.6332251921482385,48000,185.0,-0.0001573730995733058,1.3853427505493163,439,0.09002228345993497,4.0,1.47,-6.172730036973953
7,0.00640526518556726,0.0,0.7748777948878706,56000,183.49,0.0007402456232375698,1.385745587348938,451,0.1066892282450837,4.0,1.41,-2.5816318410634995
8,0.0057145821816106945,0.0,0.714725943878293,64000,185.9,-0.0005428532618680038,1.385370762348175,449,0.08910157810387977,4.0,1.43,-2.092587147951126
9,0.005351637782287071,0.0,0.7021649253740907,72000,179.18,0.0008309770072810351,1.383528356552124,448,0.1187827228276117,3.0,1.33,-2.722282995581627
