#{"t_start": 1544715602.2434485, "env_id": "BreakoutNoFrameskip-v4"}
r,l,t
0.0,125,38.741701
1.0,172,43.373452
4.0,296,71.423124
1.0,176,77.163656
0.0,129,81.446745
4.0,262,89.486265
4.0,300,99.679257
0.0,129,103.602508
3.0,234,111.726507
1.0,174,116.8821
1.0,174,122.237173
2.0,221,129.434481
0.0,129,133.380518
1.0,155,138.165098
0.0,125,142.139019
1.0,175,147.641969
0.0,125,151.565373
1.0,174,156.944108
1.0,173,162.319868
0.0,129,166.200678
2.0,221,173.628629
0.0,127,177.9646
1.0,155,183.119989
1.0,155,188.028208
1.0,173,193.383347
0.0,125,197.297033
1.0,152,202.183121
