#{"t_start": 1544715598.1425378, "env_id": "BreakoutNoFrameskip-v4"}
r,l,t
3.0,250,46.514427
4.0,281,73.906601
0.0,123,77.676839
3.0,232,85.608935
0.0,127,89.197421
2.0,223,96.198391
2.0,202,102.982233
0.0,125,106.789258
1.0,175,112.697997
0.0,129,116.860791
2.0,217,123.308631
1.0,173,128.76241
4.0,297,138.602459
0.0,125,142.384919
1.0,173,148.010309
4.0,299,157.895662
1.0,153,162.440109
0.0,127,166.341826
0.0,123,169.972035
0.0,127,174.016963
4.0,301,184.538873
1.0,174,190.412021
1.0,173,195.806973
2.0,225,203.060715
1.0,175,209.039803
