#{"t_start": 1544715601.0730195, "env_id": "BreakoutNoFrameskip-v4"}
r,l,t
0.0,129,40.054101
1.0,173,44.730574
3.0,248,71.180533
2.0,218,78.293472
1.0,174,84.206739
0.0,129,87.614444
0.0,127,91.441699
2.0,223,99.039976
0.0,129,102.901502
0.0,127,107.261861
0.0,129,111.354637
2.0,204,117.587154
3.0,249,125.414666
1.0,173,131.096752
2.0,205,137.586066
0.0,127,141.561412
2.0,203,148.000662
1.0,172,153.600574
0.0,129,157.278315
0.0,129,161.188758
0.0,123,165.009185
3.0,234,172.648696
1.0,153,177.9316
0.0,129,182.061042
0.0,127,186.29956
5.0,347,197.659245
2.0,201,204.288272
