#{"t_start": 1544715594.56821, "env_id": "BreakoutNoFrameskip-v4"}
r,l,t
0.0,123,46.309978
1.0,171,50.949172
3.0,236,57.913312
0.0,127,80.879265
1.0,175,86.708787
0.0,127,90.771216
0.0,127,94.15112
1.0,173,99.609438
0.0,127,103.916345
0.0,127,107.743375
0.0,125,111.487974
1.0,175,117.584467
0.0,129,121.516834
4.0,280,130.211749
0.0,127,134.141442
1.0,155,139.116875
0.0,127,142.950481
0.0,127,146.866159
2.0,202,153.335024
2.0,202,159.914274
8.0,355,171.381794
0.0,127,175.414356
0.0,125,179.200552
0.0,129,183.444214
0.0,127,187.622125
4.0,303,197.801909
1.0,173,203.329298
