#{"t_start": 1544715602.0433278, "env_id": "BreakoutNoFrameskip-v4"}
r,l,t
4.0,281,43.508859
1.0,157,48.420766
3.0,266,75.613649
0.0,127,79.758029
0.0,129,83.68137
0.0,127,87.225923
0.0,127,91.043371
2.0,204,97.971319
0.0,125,101.671833
2.0,220,109.239235
1.0,157,114.261788
2.0,204,120.288571
2.0,201,126.792639
1.0,155,131.782519
1.0,157,136.641129
5.0,351,148.278268
0.0,127,152.267919
1.0,155,156.914201
3.0,250,164.972317
1.0,170,170.411892
1.0,155,175.453409
0.0,125,179.686977
2.0,200,186.548092
0.0,123,190.111701
3.0,271,198.974532
0.0,127,203.087097
