#{"t_start": 1544715601.5429788, "env_id": "BreakoutNoFrameskip-v4"}
r,l,t
0.0,129,39.58717
0.0,127,42.867184
1.0,155,47.564747
0.0,125,50.776991
1.0,155,74.652873
0.0,125,78.568063
0.0,125,82.636842
1.0,173,87.675565
0.0,127,91.476522
0.0,127,95.757763
1.0,176,101.376853
1.0,173,107.188554
1.0,155,112.18937
3.0,250,119.801384
0.0,129,123.791914
1.0,173,129.25123
0.0,123,133.093714
1.0,155,137.852939
3.0,234,145.641318
0.0,123,149.304876
0.0,129,153.406233
5.0,351,164.729544
1.0,177,170.460712
1.0,175,176.121822
0.0,127,180.394059
0.0,127,184.729349
1.0,173,190.045316
2.0,226,197.448539
2.0,207,204.309779
