#{"t_start": 1544715601.4287553, "env_id": "BreakoutNoFrameskip-v4"}
r,l,t
4.0,281,44.125809
2.0,223,50.834125
0.0,123,73.401102
3.0,232,81.445365
1.0,171,86.448846
3.0,250,94.753064
1.0,175,100.341658
1.0,175,106.131105
1.0,157,111.333879
0.0,127,115.089134
1.0,173,120.236579
0.0,127,124.0709
0.0,125,127.848829
1.0,153,132.777022
3.0,249,140.929757
0.0,127,144.822638
1.0,173,150.260463
0.0,125,154.198656
1.0,172,159.384442
1.0,173,164.847805
0.0,127,168.826199
3.0,252,177.448734
0.0,127,181.52479
0.0,127,185.785471
2.0,222,192.861101
1.0,157,197.808312
3.0,228,205.510194
