#{"t_start": 1544715593.963971, "env_id": "BreakoutNoFrameskip-v4"}
r,l,t
4.0,291,51.963889
0.0,127,55.845703
0.0,129,78.17244
1.0,155,83.103874
2.0,188,89.477499
1.0,153,93.860207
2.0,200,100.114179
1.0,176,106.090231
1.0,175,111.565918
0.0,127,115.787303
5.0,325,126.201558
0.0,129,130.172463
1.0,172,135.574498
2.0,183,141.473337
1.0,175,146.995262
0.0,129,151.063757
1.0,155,155.895283
1.0,157,160.987556
0.0,123,164.485467
0.0,129,168.346653
5.0,330,179.340054
1.0,173,185.349098
4.0,297,195.514144
0.0,129,199.285092
3.0,268,208.299728
