#{"t_start": 1544715597.7742264, "env_id": "BreakoutNoFrameskip-v4"}
r,l,t
1.0,171,44.560063
2.0,188,50.108574
0.0,127,53.815535
4.0,283,81.632908
2.0,198,88.164993
3.0,233,95.288495
1.0,155,100.578248
1.0,176,106.028579
0.0,129,110.415755
2.0,201,117.035434
7.0,427,130.742047
1.0,171,136.270514
0.0,129,140.201004
6.0,363,152.216245
1.0,175,157.911477
5.0,368,169.75689
3.0,270,178.88388
0.0,125,183.11342
0.0,127,187.259468
6.0,377,199.648036
0.0,127,203.699404
