#{"t_start": 1544715602.09085, "env_id": "BreakoutNoFrameskip-v4"}
r,l,t
2.0,202,41.140818
2.0,205,47.30123
1.0,175,71.198973
3.0,250,79.749331
1.0,157,84.494823
4.0,278,93.472406
2.0,205,100.24865
1.0,175,106.139971
1.0,176,111.895976
1.0,155,116.430942
1.0,157,121.042904
0.0,129,125.098617
0.0,125,128.969905
0.0,127,132.921312
0.0,127,136.805552
0.0,129,140.818864
4.0,303,150.850933
2.0,225,157.924325
1.0,171,163.263232
4.0,320,173.999824
2.0,222,181.805648
1.0,155,186.872938
0.0,129,190.638309
2.0,204,197.327543
0.0,129,201.372482
1.0,173,207.05118
