#{"t_start": 1544715599.2678692, "env_id": "BreakoutNoFrameskip-v4"}
r,l,t
2.0,221,44.527212
0.0,127,48.215962
2.0,200,72.908854
1.0,173,78.481555
0.0,127,82.653859
0.0,129,86.563512
0.0,127,90.138775
1.0,171,95.501224
3.0,248,103.881954
3.0,228,111.531747
2.0,181,117.36305
1.0,155,121.848386
5.0,330,132.845824
0.0,129,136.747134
3.0,272,145.675682
1.0,155,150.491291
2.0,202,157.041376
1.0,155,161.732224
4.0,322,172.422386
0.0,125,176.291588
3.0,253,185.321552
1.0,178,191.069252
0.0,129,194.953981
0.0,129,198.883533
3.0,250,207.419461
