#{"t_start": 1544715594.5606148, "env_id": "BreakoutNoFrameskip-v4"}
r,l,t
0.0,125,46.420578
1.0,155,50.543971
3.0,249,57.898776
2.0,200,83.441642
0.0,129,87.758052
0.0,129,91.540978
3.0,247,99.196272
4.0,302,109.413874
0.0,129,113.829416
3.0,250,121.984801
2.0,183,127.472789
0.0,125,131.244792
0.0,129,135.200825
1.0,173,140.702604
1.0,175,146.206394
3.0,232,153.808811
0.0,129,157.853001
4.0,282,166.8628
0.0,125,170.715216
0.0,127,174.568767
0.0,127,178.500949
0.0,127,182.560407
0.0,129,186.965219
2.0,200,193.796994
2.0,202,200.192104
0.0,123,203.905212
2.0,200,210.477816
0.0,129,214.627747
