#{"t_start": 1544715599.808944, "env_id": "BreakoutNoFrameskip-v4"}
r,l,t
1.0,170,42.483589
1.0,175,47.57835
0.0,129,51.473933
1.0,177,75.388925
0.0,129,79.460474
1.0,172,85.350489
0.0,129,88.755603
0.0,127,92.554622
2.0,224,100.196043
2.0,203,106.624492
0.0,129,110.924786
0.0,129,115.123264
1.0,157,119.684888
2.0,184,125.387653
3.0,250,133.688114
2.0,202,140.065308
3.0,248,148.164291
1.0,153,153.065056
0.0,129,156.901062
2.0,204,163.230303
1.0,173,168.742948
0.0,125,172.628394
0.0,127,176.743987
0.0,127,181.031135
1.0,171,186.844584
4.0,282,195.953376
0.0,129,200.070523
0.0,129,204.048107
1.0,157,209.16246
