#{"t_start": 1544715596.1536543, "env_id": "BreakoutNoFrameskip-v4"}
r,l,t
0.0,123,44.724869
0.0,129,48.118265
1.0,155,52.839122
0.0,129,56.166042
0.0,125,78.935885
0.0,127,82.908319
1.0,155,88.104341
3.0,246,95.628866
0.0,127,99.720412
0.0,127,103.742092
0.0,129,107.590993
0.0,127,111.943703
0.0,127,115.947713
0.0,125,119.7438
1.0,176,124.908108
0.0,125,128.682295
1.0,175,134.270363
0.0,127,138.279533
2.0,202,144.618449
1.0,157,149.681125
2.0,185,155.570228
0.0,127,159.582589
1.0,175,164.86603
0.0,127,168.705836
4.0,315,179.224971
2.0,204,186.344754
0.0,129,190.655066
3.0,272,199.372015
3.0,245,207.554511
