P09:episode_rewards,episode_length,epoch_idx,policy_entropy,frames,advantage_norm,explained_variance,fps,PMM:episode_rewards,P01:episode_rewards,value_loss,policy_loss,grad_norm
3.0,169.9512195121951,1,1.3297728000395,8000,5.325288017131388,-1.1969410812854766,508,1.0975609756097562,0.0,1.9344474900710702,-0.08175522306803032,43.76522509181409
3.0,168.60638297872342,2,1.3841034471988678,16000,0.6483267740532755,-4.119733154177665,306,1.0638297872340425,0.0,0.00495730947610582,0.000436996338685276,0.12414595816450898
3.0,173.78,3,1.385348094701767,24000,0.6306386285368353,-6.020893958806991,343,1.16,0.0,0.004990104363246246,-0.0003494325719657354,0.09290978212479553
3.0,176.23,4,1.3859911251068116,32000,0.7278011850081384,-2.541856262087822,367,1.23,0.0,0.005761633644644917,0.0008265859942912357,0.09860827065632571
3.0,173.77,5,1.3858943474292755,40000,0.6731604615226388,-2.008690207004547,383,1.21,0.0,0.005147272054509813,0.00030723127769306303,0.07299270746484054
3.0,178.12,6,1.3857626390457154,48000,0.734668552801013,-1.6454750871658326,395,1.31,0.0,0.005793295643679812,-0.0008205426388303749,0.09775991811528094
4.0,182.81,7,1.385185649394989,56000,0.7589558342471718,-1.2277045726776123,403,1.4,0.0,0.005952749730176947,-0.0002031660606735386,0.0670589351712521
4.0,179.94,8,1.3850193655490874,64000,0.6413088708743453,-2.403761401772499,408,1.29,0.0,0.004956473043462211,0.00030626355946878904,0.05936998019452746
