#{"t_start": 1546138370.8741066, "env_id": "BreakoutNoFrameskip-v4"}
r,l,t
0.0,127,100.201977
0.0,129,110.131147
0.0,127,118.547418
0.0,125,128.888552
