#{"t_start": 1546138372.6356015, "env_id": "BreakoutNoFrameskip-v4"}
r,l,t
1.0,175,102.483665
1.0,155,113.789392
1.0,173,127.783419
