#{"t_start": 1546138372.4445899, "env_id": "BreakoutNoFrameskip-v4"}
r,l,t
2.0,223,107.118745
0.0,125,115.241786
0.0,129,125.542236
