#{"t_start": 1546138371.9230042, "env_id": "BreakoutNoFrameskip-v4"}
r,l,t
1.0,175,103.230145
0.0,129,112.991955
0.0,129,121.570261
