#{"t_start": 1546138371.588679, "env_id": "BreakoutNoFrameskip-v4"}
r,l,t
0.0,127,99.543383
0.0,125,109.127653
0.0,125,117.242795
1.0,175,131.523263
