#{"t_start": 1546138372.5441911, "env_id": "BreakoutNoFrameskip-v4"}
r,l,t
1.0,173,102.346637
2.0,221,119.035807
