#{"t_start": 1546138372.5294762, "env_id": "BreakoutNoFrameskip-v4"}
r,l,t
1.0,153,100.408224
4.0,297,124.309791
