#{"t_start": 1546138370.3914063, "env_id": "BreakoutNoFrameskip-v4"}
r,l,t
2.0,188,106.031371
1.0,157,117.108217
0.0,127,127.119747
