#{"t_start": 1546138370.4944196, "env_id": "BreakoutNoFrameskip-v4"}
r,l,t
0.0,127,100.594101
1.0,175,114.266204
1.0,157,125.865219
