#{"t_start": 1546138370.8403993, "env_id": "BreakoutNoFrameskip-v4"}
r,l,t
0.0,127,100.265736
0.0,129,110.180108
2.0,203,125.536303
