#{"t_start": 1546138373.072238, "env_id": "BreakoutNoFrameskip-v4"}
r,l,t
3.0,255,108.578257
2.0,202,124.312576
