#{"t_start": 1546138371.8944123, "env_id": "BreakoutNoFrameskip-v4"}
r,l,t
0.0,129,99.35356
0.0,129,109.245822
2.0,204,124.717088
