#{"t_start": 1546138370.2226498, "env_id": "BreakoutNoFrameskip-v4"}
r,l,t
3.0,236,110.252737
0.0,129,118.882602
