#{"t_start": 1546138369.7337089, "env_id": "BreakoutNoFrameskip-v4"}
r,l,t
2.0,203,108.110691
4.0,280,130.235483
