#{"t_start": 1546138369.2735925, "env_id": "BreakoutNoFrameskip-v4"}
r,l,t
1.0,157,104.165099
3.0,232,121.851478
1.0,153,134.122355
