#{"t_start": 1546138371.794085, "env_id": "BreakoutNoFrameskip-v4"}
r,l,t
1.0,173,103.06096
0.0,127,112.757199
