#{"t_start": 1544715592.2718275, "env_id": "BreakoutNoFrameskip-v4"}
r,l,t
1.0,171,49.908694
2.0,203,54.55999
0.0,125,56.776187
0.0,129,77.814776
1.0,174,80.391523
0.0,127,82.748888
0.0,125,84.765652
1.0,171,88.085115
0.0,127,89.907829
0.0,129,92.28311
0.0,129,95.024004
3.0,270,100.222895
0.0,125,102.483641
2.0,189,106.796815
1.0,157,110.845736
0.0,129,113.147692
0.0,129,115.246242
1.0,175,118.362094
0.0,129,120.51666
0.0,127,122.53139
0.0,127,124.878484
5.0,327,131.259859
0.0,129,133.495727
2.0,201,136.732155
1.0,155,139.632721
2.0,199,143.448895
4.0,299,149.05365
0.0,129,151.019504
0.0,127,153.067909
1.0,176,156.707345
0.0,129,158.691129
1.0,157,161.426316
0.0,127,163.321475
0.0,127,165.565041
0.0,129,168.219728
3.0,248,172.2877
2.0,200,175.800215
0.0,129,177.781484
0.0,125,179.70593
2.0,220,183.392473
0.0,127,185.412151
5.0,326,190.417319
3.0,252,194.704732
1.0,171,197.255128
0.0,127,199.426329
0.0,129,201.70334
2.0,186,204.910707
2.0,222,208.432356
0.0,127,210.481714
2.0,223,214.073644
