#{"t_start": 1544715590.8883474, "env_id": "BreakoutNoFrameskip-v4"}
r,l,t
2.0,220,52.725836
0.0,129,55.417795
0.0,129,57.710624
1.0,175,79.488854
2.0,198,83.042283
1.0,157,85.580609
1.0,175,88.998038
2.0,223,92.734433
0.0,129,95.277626
0.0,129,97.974661
0.0,127,100.160182
0.0,127,102.421838
0.0,127,104.844251
0.0,129,107.661195
2.0,221,113.197875
0.0,125,115.254129
2.0,202,118.726752
2.0,203,122.404756
0.0,125,124.340648
0.0,129,126.791717
1.0,175,130.05985
0.0,127,132.402912
1.0,157,135.166659
0.0,125,137.091099
2.0,200,140.706781
1.0,157,143.528042
2.0,187,147.065758
1.0,175,150.273685
1.0,175,152.968678
2.0,219,157.317122
1.0,155,159.964924
1.0,157,162.655467
2.0,200,165.95379
1.0,155,169.225924
4.0,255,173.305864
0.0,125,175.431403
3.0,250,179.722607
1.0,173,182.364563
0.0,127,184.547851
0.0,127,186.535127
3.0,249,190.232772
4.0,260,194.862426
0.0,127,196.558763
4.0,293,201.64723
2.0,204,205.299891
0.0,123,207.16578
2.0,227,210.813415
0.0,125,212.938293
