#{"t_start": 1544715590.346077, "env_id": "BreakoutNoFrameskip-v4"}
r,l,t
0.0,129,50.47437
2.0,203,55.608313
0.0,127,57.871915
0.0,127,79.311545
5.0,349,85.047917
6.0,414,92.665471
0.0,129,95.09733
1.0,173,98.836223
0.0,127,100.937808
0.0,129,103.324895
0.0,129,105.736065
0.0,127,108.61736
0.0,129,112.203671
0.0,127,114.448488
6.0,399,121.801771
0.0,129,123.78151
0.0,129,125.950849
0.0,127,128.345989
0.0,127,130.689289
1.0,157,133.503397
0.0,127,135.784218
0.0,127,137.732213
1.0,157,140.457947
0.0,127,142.75988
1.0,175,146.255383
1.0,155,148.818639
1.0,157,151.514794
2.0,221,155.212748
1.0,173,158.797282
1.0,155,161.185637
0.0,127,163.488748
1.0,174,166.285064
2.0,206,170.476538
1.0,173,173.224547
2.0,224,176.891165
2.0,216,180.722481
2.0,186,183.536379
1.0,153,186.096523
1.0,171,188.7382
0.0,127,190.501888
2.0,206,193.85801
2.0,202,197.185122
0.0,125,198.967692
1.0,173,202.106673
1.0,176,205.144063
0.0,127,207.221108
4.0,303,212.180644
1.0,173,214.984147
