#{"t_start": 1544715600.7331574, "env_id": "BreakoutNoFrameskip-v4"}
r,l,t
2.0,203,42.382595
0.0,125,45.128829
0.0,125,47.33019
0.0,125,68.852778
1.0,174,70.95369
0.0,125,73.42518
2.0,202,76.827315
1.0,157,79.803358
0.0,129,81.699188
1.0,173,85.187655
1.0,157,88.50265
2.0,200,92.074991
1.0,153,95.079
0.0,129,97.892551
8.0,377,106.247233
0.0,125,108.256493
0.0,127,110.731123
3.0,273,115.34737
1.0,155,118.360559
0.0,127,120.645384
1.0,157,123.41818
0.0,125,125.747803
4.0,298,130.972783
0.0,127,133.227844
0.0,125,135.673
0.0,127,137.755041
2.0,221,141.660321
0.0,129,143.729485
0.0,127,146.171248
3.0,230,150.296687
0.0,129,152.469766
2.0,184,155.45445
3.0,252,160.505926
0.0,125,162.489397
3.0,273,167.067796
1.0,172,169.951312
0.0,129,171.90112
0.0,127,174.059674
0.0,127,175.876165
2.0,221,179.286221
4.0,266,183.626031
3.0,272,188.007796
0.0,129,190.106552
0.0,127,192.327684
0.0,125,194.497362
0.0,125,196.568827
0.0,129,198.412764
3.0,270,203.121233
0.0,129,204.914468
