#{"t_start": 1544715601.9644868, "env_id": "BreakoutNoFrameskip-v4"}
r,l,t
1.0,173,40.274068
1.0,157,43.945735
2.0,200,48.200687
2.0,221,69.912274
0.0,127,72.492177
0.0,129,74.47779
1.0,155,77.487825
0.0,129,79.383801
0.0,129,81.674205
3.0,248,86.982147
4.0,322,93.028605
0.0,129,96.0654
5.0,332,103.738235
5.0,329,109.762685
0.0,125,111.682
1.0,178,114.878473
0.0,125,117.182866
1.0,173,120.505241
1.0,153,123.046538
0.0,125,125.308021
2.0,202,128.637359
0.0,129,131.019345
1.0,177,134.50111
0.0,127,136.565286
2.0,202,140.125929
0.0,129,142.146791
2.0,228,146.686743
1.0,173,149.436254
1.0,173,152.625535
2.0,183,155.66685
0.0,129,158.333531
3.0,272,162.866187
1.0,175,165.731724
1.0,159,168.435337
5.0,351,174.329906
5.0,348,179.841773
6.0,380,186.217252
0.0,127,188.14871
1.0,173,191.193386
3.0,233,195.389591
2.0,225,198.967728
0.0,127,200.994805
