#{"t_start": 1544715595.858064, "env_id": "BreakoutNoFrameskip-v4"}
r,l,t
0.0,129,44.977849
1.0,176,49.494642
1.0,155,52.397574
3.0,270,75.660697
3.0,252,80.370424
8.0,331,86.388956
3.0,250,91.669465
3.0,232,96.035385
0.0,127,98.468977
3.0,252,104.543937
3.0,238,109.623713
10.0,395,116.786603
2.0,222,120.716628
2.0,202,124.681503
2.0,206,128.369908
0.0,129,130.785391
1.0,173,133.564214
1.0,177,136.786814
0.0,127,139.201292
0.0,127,141.391522
0.0,129,143.584934
0.0,125,145.72671
3.0,250,149.908851
2.0,222,154.404204
1.0,178,157.401088
0.0,125,159.36176
0.0,127,161.343894
0.0,129,164.16038
1.0,173,167.034921
1.0,153,169.454497
2.0,185,172.594716
1.0,173,175.477386
1.0,177,178.164235
0.0,127,180.264026
1.0,175,183.000653
1.0,174,185.494199
6.0,379,191.9133
0.0,129,193.862032
1.0,169,196.858988
0.0,129,199.041281
1.0,155,201.644252
3.0,238,205.443653
1.0,173,208.405199
0.0,127,210.301163
