#{"t_start": 1544715602.456586, "env_id": "BreakoutNoFrameskip-v4"}
r,l,t
3.0,229,41.379081
3.0,256,46.612699
5.0,372,72.109545
0.0,129,74.127967
0.0,127,76.555409
1.0,154,78.979249
0.0,129,81.289547
0.0,127,83.79011
1.0,173,87.290421
4.0,277,92.475535
4.0,282,99.923286
0.0,129,102.180093
0.0,127,104.22225
0.0,129,106.352758
0.0,127,108.83647
0.0,129,110.815449
0.0,125,112.742419
1.0,174,116.05531
2.0,203,120.092328
0.0,127,122.141509
0.0,129,124.515298
1.0,155,126.964994
1.0,178,130.22899
0.0,127,132.630008
2.0,225,136.650521
3.0,252,141.061131
2.0,219,145.244313
2.0,224,149.117841
0.0,129,151.456064
0.0,127,153.308524
2.0,202,157.459205
0.0,129,159.555275
2.0,188,162.620335
0.0,129,164.599708
0.0,125,166.679409
0.0,127,168.784859
3.0,217,172.383646
2.0,203,175.672213
1.0,175,178.080511
0.0,127,180.05087
1.0,157,182.803319
1.0,157,185.084547
2.0,202,188.272777
1.0,153,191.096375
0.0,127,193.184463
0.0,127,195.266567
1.0,173,197.902785
3.0,231,201.901457
