#{"t_start": 1544715601.7461565, "env_id": "BreakoutNoFrameskip-v4"}
r,l,t
0.0,127,38.97821
7.0,431,67.911308
1.0,153,69.669843
3.0,267,74.659313
2.0,187,78.309169
4.0,279,83.21686
0.0,129,86.030605
0.0,129,88.393586
1.0,172,91.513484
6.0,377,100.841887
0.0,125,103.015936
0.0,129,105.101169
1.0,157,107.765586
3.0,272,112.625067
1.0,173,115.868509
1.0,155,118.858974
3.0,275,123.963029
2.0,208,127.359184
11.0,377,135.00599
2.0,201,138.44609
0.0,125,140.476592
2.0,224,144.22497
1.0,175,147.911518
1.0,175,150.710862
0.0,127,152.923996
0.0,125,154.787229
1.0,154,157.913053
0.0,129,160.116021
1.0,171,162.813833
0.0,127,164.831888
2.0,202,168.307194
3.0,250,172.378803
2.0,187,175.518118
3.0,232,178.963468
0.0,129,180.942972
0.0,125,183.164845
4.0,281,187.412186
0.0,129,189.663665
1.0,153,192.382437
0.0,129,194.64353
0.0,127,196.501164
2.0,218,200.031906
0.0,127,202.213634
0.0,127,203.970288
