#{"t_start": 1544715591.4249406, "env_id": "BreakoutNoFrameskip-v4"}
r,l,t
0.0,129,49.375044
0.0,129,52.757133
0.0,127,55.316988
0.0,129,57.672055
1.0,151,78.903227
1.0,155,81.407103
2.0,202,85.053093
1.0,157,88.105271
1.0,174,90.777014
0.0,125,93.056328
1.0,174,96.932506
0.0,127,99.189752
1.0,174,102.356524
0.0,125,104.657124
1.0,153,108.484461
0.0,127,111.516501
0.0,127,113.826841
0.0,129,115.895879
2.0,202,119.703967
0.0,127,121.675548
2.0,202,125.259105
9.0,404,133.058514
3.0,250,137.370383
0.0,129,139.730509
2.0,198,143.519757
0.0,129,145.870063
2.0,222,149.915461
0.0,125,151.799268
1.0,157,154.371825
0.0,125,156.966782
2.0,201,160.331414
1.0,155,163.133714
0.0,127,164.953377
1.0,155,168.178068
1.0,175,171.214963
0.0,127,173.077509
1.0,173,175.920893
0.0,125,177.974288
0.0,125,180.075888
2.0,204,183.461604
0.0,129,185.329652
4.0,322,190.429781
1.0,173,193.394813
2.0,200,196.439563
3.0,272,201.183492
0.0,127,203.287006
0.0,127,205.480052
1.0,173,208.123492
3.0,267,212.725301
