#{"t_start": 1544715596.8056161, "env_id": "BreakoutNoFrameskip-v4"}
r,l,t
0.0,129,43.998948
0.0,129,47.373164
0.0,127,49.936308
2.0,202,72.884945
2.0,222,76.120439
2.0,186,79.391551
2.0,202,83.320163
0.0,127,85.127473
1.0,157,88.042693
3.0,270,93.809829
0.0,127,95.891593
8.0,369,105.008606
4.0,297,110.516254
3.0,250,115.164327
0.0,127,117.106191
2.0,202,120.876978
0.0,129,123.330341
2.0,224,127.342591
4.0,318,133.038821
2.0,201,136.839195
0.0,129,139.183508
1.0,173,142.301241
2.0,203,145.871527
1.0,155,148.387412
2.0,220,152.852437
1.0,174,155.608989
2.0,200,159.008981
3.0,252,164.068002
0.0,127,166.082429
1.0,153,168.506257
0.0,129,170.473188
1.0,171,173.440125
2.0,204,176.602731
0.0,129,178.830408
0.0,127,180.835871
2.0,205,183.788779
1.0,176,186.72586
12.0,431,193.813424
1.0,174,197.050898
6.0,378,203.439488
3.0,267,208.0095
