#{"t_start": 1544715597.4370084, "env_id": "BreakoutNoFrameskip-v4"}
r,l,t
0.0,129,43.369726
3.0,231,49.084963
4.0,297,73.146707
0.0,127,75.059174
1.0,173,78.352002
0.0,127,80.478379
0.0,129,82.957758
1.0,155,85.323449
0.0,127,87.727762
0.0,129,90.59823
0.0,127,92.845195
5.0,328,99.152631
0.0,125,102.521336
0.0,129,105.565196
0.0,129,107.894967
4.0,304,113.395654
2.0,200,116.77545
0.0,127,118.942311
0.0,125,121.278547
0.0,127,123.623892
0.0,129,125.97026
0.0,125,128.055501
1.0,173,130.932753
1.0,169,133.975685
1.0,175,137.220456
2.0,199,140.917631
3.0,266,145.658004
1.0,174,148.507781
0.0,127,151.260293
0.0,129,153.327461
0.0,129,155.403901
2.0,217,159.01705
0.0,127,161.507676
1.0,171,164.687126
1.0,173,167.443646
0.0,127,169.376363
0.0,127,171.534848
0.0,125,173.578398
0.0,127,175.447506
1.0,153,177.998799
1.0,155,180.508991
0.0,127,182.193827
2.0,199,185.291765
0.0,125,187.510132
0.0,125,189.292167
0.0,129,191.112917
1.0,155,193.676255
0.0,125,195.902169
1.0,155,198.582216
0.0,129,200.588432
0.0,125,202.429509
1.0,171,205.241973
2.0,187,208.210654
