#{"t_start": 1544715595.8165166, "env_id": "BreakoutNoFrameskip-v4"}
r,l,t
1.0,157,45.904922
3.0,270,53.913007
0.0,127,76.487342
3.0,212,83.117348
4.0,291,92.403738
1.0,171,97.697531
2.0,203,104.104696
0.0,127,107.753293
1.0,177,113.550103
0.0,123,117.614004
0.0,125,121.357344
1.0,155,125.967704
0.0,127,129.69328
2.0,201,136.277789
3.0,270,144.687818
0.0,127,148.711045
2.0,201,154.911994
0.0,127,158.671111
1.0,174,164.482397
0.0,127,168.607934
2.0,204,174.954473
1.0,173,180.659103
0.0,127,184.658182
0.0,129,188.753207
0.0,125,192.686609
3.0,272,201.355625
0.0,127,205.143841
0.0,127,209.171184
