#{"t_start": 1544715602.3305745, "env_id": "BreakoutNoFrameskip-v4"}
r,l,t
1.0,178,39.990134
2.0,202,45.847353
0.0,129,49.691411
4.0,275,77.197626
3.0,250,85.217419
1.0,176,90.601727
2.0,204,96.995474
0.0,129,100.816773
1.0,173,106.414621
0.0,127,110.520128
1.0,173,115.899832
1.0,175,121.161608
1.0,171,126.612343
0.0,125,130.438629
2.0,200,136.568076
2.0,224,143.78269
0.0,129,147.567801
0.0,127,151.315531
4.0,263,160.26833
1.0,175,165.858614
3.0,269,174.754719
0.0,129,178.902712
4.0,301,188.988909
0.0,127,192.730379
0.0,129,196.584998
2.0,221,203.794655
