#{"t_start": 1544715602.482185, "env_id": "BreakoutNoFrameskip-v4"}
r,l,t
1.0,157,39.245103
1.0,151,43.300936
0.0,129,47.071761
0.0,127,69.706992
3.0,270,78.399199
1.0,177,83.981962
0.0,127,87.459743
3.0,271,96.360438
1.0,170,101.305373
0.0,129,105.46402
0.0,127,109.514526
1.0,169,114.970184
1.0,153,119.495171
0.0,125,123.13205
0.0,125,127.083767
1.0,153,131.941593
0.0,127,135.538409
1.0,176,141.13963
0.0,129,144.994703
4.0,297,154.519516
2.0,202,161.387958
0.0,125,165.154656
0.0,129,169.01314
3.0,217,176.306073
1.0,157,181.410834
1.0,157,186.441192
1.0,173,191.749675
1.0,175,197.11134
1.0,175,202.760669
