#{"t_start": 1544715601.553211, "env_id": "BreakoutNoFrameskip-v4"}
r,l,t
3.0,246,42.719946
2.0,202,48.855747
0.0,127,71.53907
0.0,129,75.379044
0.0,125,79.107997
3.0,266,87.480733
0.0,129,91.386184
1.0,157,96.358605
3.0,248,104.049683
1.0,177,109.929229
1.0,157,114.982579
0.0,127,118.657082
3.0,252,126.710623
4.0,276,135.57252
2.0,202,142.014182
6.0,399,154.910916
0.0,127,159.086809
0.0,127,163.12272
1.0,157,167.965584
1.0,178,173.782989
0.0,125,177.695839
0.0,129,181.798815
1.0,173,187.418583
0.0,127,191.179458
0.0,127,194.98591
1.0,175,200.366184
0.0,125,204.387096
