#{"t_start": 1544715601.5687988, "env_id": "BreakoutNoFrameskip-v4"}
r,l,t
0.0,127,39.197307
0.0,129,42.568529
1.0,178,47.883471
3.0,252,74.708035
3.0,234,82.465048
3.0,252,90.066625
2.0,203,96.651694
3.0,233,103.741059
2.0,224,111.427559
1.0,171,116.707056
2.0,200,122.794638
0.0,125,126.695665
1.0,171,132.169166
4.0,278,140.94441
0.0,127,144.805922
2.0,220,151.596124
3.0,274,160.920021
2.0,226,168.194562
0.0,129,172.308379
3.0,250,180.698157
1.0,154,185.690439
4.0,278,194.579674
2.0,227,201.809303
