#{"t_start": 1544715602.4620357, "env_id": "BreakoutNoFrameskip-v4"}
r,l,t
3.0,228,41.268968
0.0,127,44.903482
1.0,171,49.834852
4.0,301,78.708582
1.0,173,84.08219
1.0,155,88.525047
0.0,125,92.328731
0.0,123,96.186365
0.0,129,99.975051
0.0,127,103.716294
1.0,155,108.808767
0.0,129,112.932819
2.0,205,119.227354
0.0,129,122.986846
2.0,216,130.043358
1.0,171,135.285695
1.0,155,140.062487
1.0,176,145.455044
5.0,330,156.461784
0.0,127,160.499614
4.0,278,169.517663
1.0,174,175.242822
0.0,127,179.351227
8.0,378,191.855879
0.0,127,195.707996
