#{"t_start": 1544715602.1814616, "env_id": "BreakoutNoFrameskip-v4"}
r,l,t
0.0,125,38.530205
2.0,224,44.964488
3.0,272,72.356648
0.0,129,76.275026
1.0,157,81.377691
1.0,155,85.785453
1.0,155,90.517199
1.0,173,96.075427
5.0,353,107.494378
2.0,224,114.91923
0.0,129,118.710605
1.0,178,124.108748
1.0,175,129.816719
0.0,127,133.708942
3.0,250,141.657718
2.0,207,147.97322
1.0,173,153.413137
1.0,155,158.510437
4.0,298,168.283372
4.0,324,179.427058
0.0,127,183.340726
0.0,129,187.348695
0.0,127,191.101397
4.0,318,201.523578
