#{"t_start": 1544715602.3252242, "env_id": "BreakoutNoFrameskip-v4"}
r,l,t
2.0,188,40.281919
0.0,127,43.690804
0.0,129,47.561282
3.0,268,74.862277
0.0,127,78.736641
1.0,155,83.614668
3.0,211,89.904895
0.0,127,93.820555
1.0,170,99.070304
1.0,155,103.772745
0.0,125,107.710559
1.0,173,113.471441
0.0,127,117.130509
1.0,173,122.379021
0.0,127,126.395154
1.0,157,131.293204
1.0,173,136.474666
2.0,201,142.884357
4.0,301,152.503895
1.0,155,157.626514
1.0,157,162.714328
0.0,129,166.549393
4.0,281,176.022017
0.0,127,180.093415
1.0,174,185.762024
3.0,250,193.709994
1.0,175,199.031032
0.0,129,203.128006
