#{"t_start": 1544715600.5434654, "env_id": "BreakoutNoFrameskip-v4"}
r,l,t
0.0,125,40.166603
4.0,301,49.133168
0.0,127,71.729696
2.0,224,78.754231
2.0,222,85.965581
2.0,202,92.049344
1.0,173,97.637635
2.0,206,103.701972
0.0,127,107.988283
0.0,125,111.932883
0.0,127,115.839952
0.0,127,119.504605
0.0,129,123.235928
1.0,157,128.29279
0.0,125,132.089316
0.0,125,135.906003
5.0,330,146.532495
4.0,301,156.198063
0.0,129,160.387121
1.0,173,165.933079
2.0,224,173.229925
3.0,268,182.267278
4.0,301,192.150675
1.0,171,197.528692
1.0,178,203.093513
