#{"t_start": 1544715591.7592778, "env_id": "BreakoutNoFrameskip-v4"}
r,l,t
0.0,129,49.09888
2.0,202,54.750946
3.0,228,80.757454
1.0,175,86.124151
2.0,184,92.194417
1.0,175,97.176201
0.0,125,100.977253
1.0,171,106.449264
8.0,354,117.889117
0.0,127,122.094961
0.0,127,125.918349
1.0,156,130.492445
1.0,173,135.829257
4.0,319,146.253037
0.0,129,150.10167
0.0,129,154.079779
0.0,125,157.707927
0.0,129,161.565505
3.0,250,170.041616
0.0,129,174.11
0.0,129,177.964962
0.0,129,182.065185
1.0,157,187.109428
0.0,127,191.170863
0.0,129,195.302189
2.0,220,202.155382
1.0,177,207.622079
0.0,127,211.581802
