#{"t_start": 1544715600.375725, "env_id": "BreakoutNoFrameskip-v4"}
r,l,t
2.0,185,42.141008
1.0,176,47.177241
0.0,129,51.033386
2.0,200,76.058655
1.0,173,81.592931
0.0,129,85.486894
1.0,172,90.385293
2.0,201,96.978359
5.0,326,107.418389
4.0,299,117.472683
0.0,127,121.199616
1.0,171,126.327533
2.0,203,133.020049
0.0,129,136.83519
0.0,127,140.494738
2.0,204,147.135948
0.0,125,150.756942
2.0,206,157.367978
2.0,224,164.892284
0.0,125,168.679906
2.0,205,175.430428
1.0,152,180.350653
0.0,127,184.365921
1.0,157,189.336634
0.0,125,193.007886
2.0,224,200.122433
2.0,204,206.87007
