#{"t_start": 1544715601.984489, "env_id": "BreakoutNoFrameskip-v4"}
r,l,t
1.0,155,39.686839
1.0,173,44.400323
2.0,220,70.136896
0.0,129,73.937959
1.0,175,79.554746
1.0,175,84.980514
2.0,206,91.228999
0.0,129,95.245437
1.0,158,100.00545
0.0,127,103.740542
2.0,220,111.270419
2.0,204,117.596707
1.0,177,122.970467
1.0,159,128.09293
7.0,419,141.830643
1.0,171,146.940748
3.0,252,155.108392
0.0,123,159.123156
1.0,175,164.720149
2.0,201,171.123475
0.0,125,175.063419
3.0,236,182.980444
0.0,127,187.012064
1.0,155,191.670668
3.0,228,198.887268
0.0,127,202.951097
