value_loss,advantage_norm,policy_entropy,episode_length,P09:episode_rewards,grad_norm,frames,PMM:episode_rewards,epoch_idx,policy_loss,P01:episode_rewards,fps,explained_variance
0.7992683827566589,3.9652040115743876,1.3509032303094863,171.225,3.0,22.70826643405441,8000,1.1,1,0.02152872643804585,0.0,512,-7.273967399597168
0.006550883548654269,0.7861287159379572,1.384945729970932,182.3448275862069,3.0,0.10790512936737004,16000,1.3793103448275863,2,-0.00011143880372401327,0.0,309,-2.4102647519111633
0.0057520970566838515,0.6898620688728988,1.3859149825572967,186.97,3.0,0.08629891029330468,24000,1.47,3,-0.00029082431216011174,0.0,350,-4.404752396941185
0.004580833213053665,0.6000064931996166,1.3856748068332672,177.65,3.0,0.0743526986733764,32000,1.28,4,0.0007408794653019868,0.0,372,-3.3932784366607667
0.005731854992075114,0.7306594945676624,1.3858251881599426,173.91,3.0,0.07872530304691343,40000,1.18,5,0.00025368683083797804,0.0,389,-2.8027676486968995
0.0065526647360502465,0.8196794217824936,1.3825057756900787,182.63,4.0,0.08449876403642911,48000,1.33,6,0.00012091088341549038,0.0,400,-1.4980827128887177
0.00449398301509973,0.6118520822376012,1.3824883127212524,189.72,4.0,0.08042956128671878,56000,1.49,7,-0.00034824363981897474,0.0,407,-2.715652507543564
0.005611021040519973,0.7375896524824203,1.3845949828624726,180.43,4.0,0.08760160176237392,64000,1.31,8,0.00019328323203808396,0.0,412,-4.032895599603653
