#{"t_start": 1544715596.3657918, "env_id": "BreakoutNoFrameskip-v4"}
r,l,t
0.0,129,44.976886
0.0,125,48.085892
1.0,155,51.735593
7.0,323,77.965864
0.0,127,79.893074
0.0,123,82.277119
0.0,127,84.465487
1.0,173,87.442654
9.0,404,97.335865
4.0,322,104.133597
1.0,171,107.214726
0.0,129,109.550704
1.0,157,112.468329
0.0,127,115.133507
0.0,129,117.661359
0.0,127,120.178583
2.0,201,124.405324
0.0,125,127.039774
1.0,175,130.942687
0.0,125,133.72341
0.0,127,136.382149
2.0,220,141.39901
0.0,127,143.666307
4.0,291,149.930778
2.0,222,154.306184
1.0,157,156.990924
0.0,129,159.657805
0.0,123,162.157541
2.0,204,167.085047
2.0,200,171.466086
3.0,252,176.468675
1.0,173,179.685875
3.0,211,183.793594
2.0,222,187.925875
2.0,205,191.650379
2.0,199,195.212371
2.0,187,198.900209
2.0,184,201.98179
0.0,129,204.228802
0.0,129,206.960041
3.0,253,211.278629
3.0,232,215.818506
