#{"t_start": 1544715596.2543323, "env_id": "BreakoutNoFrameskip-v4"}
r,l,t
0.0,125,44.927939
0.0,127,48.112437
2.0,200,53.211399
0.0,129,74.911586
0.0,127,77.112509
3.0,234,81.513666
3.0,250,85.997142
0.0,127,88.515406
0.0,129,91.675051
1.0,156,94.881434
3.0,252,100.239325
5.0,329,107.139098
0.0,129,109.548348
1.0,172,112.697878
1.0,173,116.093242
2.0,200,120.539059
3.0,229,125.579712
0.0,127,128.088742
0.0,127,130.938259
0.0,129,133.785374
0.0,129,136.464608
2.0,222,141.559848
0.0,125,143.737524
3.0,251,149.327223
3.0,253,154.248744
1.0,153,156.821298
1.0,155,160.319914
1.0,153,163.824379
1.0,173,167.636022
1.0,154,170.618829
2.0,219,175.227095
0.0,125,177.413376
0.0,127,179.734129
1.0,155,182.161779
2.0,206,186.799853
2.0,200,190.406001
0.0,127,192.336989
1.0,173,195.513033
0.0,129,198.035252
4.0,301,203.407634
3.0,253,208.446627
1.0,153,210.849067
0.0,127,213.257135
1.0,173,216.52171
