#{"t_start": 1544715602.3204918, "env_id": "BreakoutNoFrameskip-v4"}
r,l,t
0.0,127,38.954983
1.0,175,43.321589
10.0,433,72.310399
2.0,202,75.966505
0.0,129,78.156421
0.0,129,80.230071
3.0,250,86.167433
0.0,129,88.7323
2.0,202,93.178174
0.0,129,95.801048
3.0,270,101.165411
1.0,151,103.979329
0.0,127,106.213518
4.0,282,112.141361
2.0,220,117.059657
2.0,200,121.272403
1.0,169,125.172886
3.0,234,130.399574
0.0,127,133.04661
1.0,173,136.616215
1.0,174,140.535393
0.0,129,143.086647
0.0,129,145.111556
6.0,374,152.520121
3.0,214,157.954217
1.0,177,161.899919
0.0,129,164.210985
0.0,129,167.103866
0.0,125,169.322898
1.0,171,172.724912
1.0,155,175.222219
0.0,127,177.754465
0.0,127,180.28259
1.0,173,183.140529
5.0,347,189.679755
1.0,173,193.011446
1.0,175,195.844257
1.0,154,199.083929
0.0,127,201.348835
0.0,129,203.472393
2.0,202,206.985262
1.0,170,210.208805
