#{"t_start": 1544715602.1204169, "env_id": "BreakoutNoFrameskip-v4"}
r,l,t
0.0,127,39.155022
1.0,175,43.520814
2.0,198,48.708227
0.0,129,69.865391
5.0,331,76.339007
3.0,270,81.255547
0.0,127,84.04476
0.0,127,86.838989
0.0,127,89.790041
3.0,236,94.48191
0.0,127,97.396641
0.0,127,99.605736
0.0,127,102.06854
3.0,246,106.557875
0.0,125,109.112878
0.0,125,111.42321
1.0,157,114.859721
2.0,183,118.679034
0.0,129,121.390069
1.0,176,125.498378
5.0,372,134.074998
0.0,127,136.464704
3.0,251,142.031967
3.0,257,146.913458
2.0,224,151.150935
2.0,203,155.516971
1.0,155,159.45223
1.0,159,162.836117
2.0,203,167.171886
1.0,171,170.315187
1.0,176,173.628549
1.0,178,176.473322
0.0,127,179.357127
0.0,129,181.646896
2.0,185,185.044973
1.0,155,187.620121
0.0,127,189.939165
5.0,300,195.517754
1.0,173,198.583322
3.0,227,203.071389
1.0,155,205.608956
0.0,129,208.109162
0.0,127,210.333573
