#{"t_start": 1544715601.5303302, "env_id": "BreakoutNoFrameskip-v4"}
r,l,t
0.0,129,39.823246
2.0,202,44.7681
2.0,202,50.017295
0.0,129,71.183108
2.0,202,74.852984
0.0,125,77.26592
6.0,357,84.267603
2.0,224,89.349779
0.0,129,92.493863
0.0,129,94.665281
0.0,125,97.508958
0.0,129,99.822169
1.0,175,103.207673
0.0,129,105.467732
1.0,175,108.714356
3.0,250,113.975602
0.0,125,116.735543
2.0,219,121.553612
1.0,155,124.94278
0.0,127,127.773252
2.0,201,131.930385
1.0,175,135.936936
2.0,204,139.994909
0.0,127,142.878339
3.0,251,147.630165
2.0,198,151.206487
2.0,227,156.162481
0.0,127,159.266372
0.0,127,161.921108
3.0,249,167.412903
3.0,272,172.720258
3.0,249,177.021339
4.0,263,182.580504
0.0,129,184.983999
0.0,127,186.949472
2.0,203,190.813898
2.0,205,194.574769
0.0,129,196.633973
1.0,175,200.410109
1.0,155,203.012372
0.0,127,205.058385
1.0,159,207.855628
0.0,129,210.256369
