#{"t_start": 1544715600.1819623, "env_id": "BreakoutNoFrameskip-v4"}
r,l,t
0.0,127,41.106466
4.0,300,48.925443
2.0,200,72.079826
10.0,434,80.491829
2.0,198,84.143684
0.0,129,87.273618
0.0,127,89.588258
4.0,318,96.635875
0.0,125,99.596632
1.0,175,102.66314
2.0,185,106.256901
0.0,129,108.528147
5.0,312,115.154125
1.0,155,118.526308
0.0,127,121.062756
0.0,127,123.784911
0.0,127,126.623976
2.0,199,131.009826
2.0,204,135.698869
1.0,170,138.94082
2.0,202,143.363794
0.0,127,145.907211
0.0,125,148.031068
0.0,127,150.527369
1.0,174,153.562929
1.0,173,157.342058
1.0,170,161.530887
0.0,125,164.227928
2.0,199,168.42482
2.0,199,172.178793
0.0,127,174.583818
0.0,127,176.58183
0.0,127,178.565958
1.0,174,182.649336
0.0,129,184.642987
1.0,175,187.769676
1.0,155,190.353785
1.0,157,193.5928
1.0,155,196.270736
0.0,125,198.250387
1.0,157,201.544112
1.0,175,204.608837
0.0,125,206.569607
1.0,157,209.436548
