#{"t_start": 1544715601.5275233, "env_id": "BreakoutNoFrameskip-v4"}
r,l,t
3.0,216,42.242476
0.0,125,44.996341
2.0,207,69.392456
0.0,129,71.426638
1.0,174,74.594022
0.0,129,77.070112
7.0,324,83.212132
0.0,125,86.243539
3.0,232,91.532589
2.0,204,95.50138
0.0,129,98.461488
0.0,129,100.604714
1.0,155,103.61517
1.0,154,106.418311
5.0,351,113.729574
2.0,220,118.630346
2.0,201,122.894678
1.0,173,127.087688
0.0,127,129.557846
0.0,127,132.186651
1.0,173,136.159678
0.0,127,138.418871
1.0,173,142.272527
1.0,175,145.414971
3.0,220,149.736524
0.0,129,152.012258
1.0,178,155.909938
0.0,125,158.97952
3.0,210,163.621196
2.0,224,168.465631
1.0,154,171.160277
4.0,280,176.355138
0.0,125,178.886403
3.0,252,183.6486
1.0,173,186.716906
0.0,129,188.836402
2.0,186,192.64258
3.0,230,196.543293
1.0,155,199.693076
2.0,227,203.930419
0.0,129,205.889781
1.0,173,209.224376
1.0,153,212.039251
