#{"t_start": 1544715594.3133965, "env_id": "BreakoutNoFrameskip-v4"}
r,l,t
0.0,125,46.916555
2.0,223,52.349865
3.0,272,77.798042
3.0,249,82.531863
2.0,204,86.309037
2.0,202,90.111411
1.0,174,94.274091
2.0,202,98.860064
3.0,252,104.084033
0.0,129,106.623248
1.0,157,109.572934
1.0,157,112.429204
2.0,200,116.370016
3.0,254,121.713595
2.0,184,125.714102
2.0,186,129.713161
0.0,127,132.573653
0.0,127,135.390296
1.0,171,138.805851
2.0,198,143.453424
1.0,171,146.531884
0.0,125,149.452623
1.0,175,152.602915
2.0,188,156.444881
0.0,125,158.380669
1.0,154,161.639923
1.0,154,165.485559
3.0,231,170.607581
1.0,153,173.871966
0.0,125,176.322598
1.0,175,179.358212
2.0,220,183.413985
1.0,173,186.789688
1.0,157,189.750633
0.0,129,192.161805
2.0,206,195.603124
1.0,156,198.724367
1.0,153,201.40752
0.0,127,203.441185
0.0,129,205.669906
1.0,155,208.933903
3.0,272,213.609556
0.0,125,216.043825
0.0,127,218.293586
