#{"t_start": 1544715590.639207, "env_id": "BreakoutNoFrameskip-v4"}
r,l,t
0.0,129,50.714285
2.0,199,55.564337
0.0,129,59.014392
0.0,127,80.58463
3.0,248,85.152159
4.0,301,90.803418
1.0,173,94.154869
1.0,157,97.94755
0.0,127,100.509443
0.0,125,103.43837
2.0,201,107.4254
0.0,129,110.041
2.0,183,113.549512
0.0,127,115.691581
1.0,175,118.923389
2.0,220,123.630725
1.0,173,127.244439
1.0,171,130.935217
1.0,174,134.723592
3.0,270,140.841005
3.0,209,145.689004
1.0,153,148.584963
2.0,224,153.633272
1.0,157,156.3318
3.0,233,160.898653
1.0,155,163.797902
3.0,234,169.55641
1.0,155,172.771414
4.0,283,179.059277
1.0,175,182.355824
2.0,220,186.35474
0.0,127,188.392885
5.0,281,194.137576
0.0,127,196.480237
2.0,185,199.547648
2.0,202,203.650368
0.0,127,205.763404
0.0,127,207.792852
2.0,183,211.679184
0.0,129,213.745845
2.0,202,217.166809
3.0,248,222.051001
