#{"t_start": 1544715597.4693668, "env_id": "BreakoutNoFrameskip-v4"}
r,l,t
0.0,125,43.729246
4.0,261,50.321139
0.0,129,53.658366
1.0,173,75.738626
0.0,129,78.043547
2.0,202,82.028352
7.0,305,87.770016
3.0,228,92.760738
0.0,129,96.105381
0.0,127,98.34897
1.0,153,101.783704
0.0,127,104.005407
5.0,348,110.758833
1.0,173,114.305482
3.0,250,119.635652
1.0,174,123.255754
0.0,127,125.935859
4.0,282,132.518015
2.0,219,137.087874
0.0,127,140.107561
0.0,129,142.465301
0.0,127,145.34136
1.0,157,148.461965
1.0,177,151.644233
4.0,288,157.171209
0.0,127,159.991168
3.0,218,165.355427
0.0,129,168.038958
1.0,173,171.611525
0.0,127,173.944574
2.0,199,177.846789
1.0,174,180.607847
1.0,172,184.322948
0.0,129,186.517522
0.0,129,188.89425
0.0,125,190.865304
3.0,252,195.826703
1.0,153,198.390045
1.0,153,200.963377
0.0,129,203.224534
1.0,173,206.742404
2.0,201,210.123626
0.0,129,212.491799
0.0,125,214.799781
