#{"t_start": 1544715598.2647033, "env_id": "BreakoutNoFrameskip-v4"}
r,l,t
3.0,230,45.905083
2.0,202,51.021808
2.0,200,74.100578
4.0,299,79.84277
5.0,349,86.616334
9.0,422,96.747513
0.0,127,98.956245
1.0,175,102.671256
2.0,206,106.639936
0.0,127,108.950859
2.0,201,112.841902
2.0,225,117.499541
1.0,155,120.923309
1.0,175,124.694079
7.0,325,132.102039
2.0,221,136.9295
1.0,172,140.575091
2.0,203,145.036533
3.0,232,149.521384
2.0,206,153.41639
1.0,175,156.651768
2.0,201,161.819067
1.0,169,165.450816
0.0,127,167.963495
2.0,200,172.368501
0.0,127,174.475998
2.0,202,178.16183
0.0,129,180.17858
0.0,125,182.938422
1.0,173,186.084744
3.0,231,190.27788
1.0,173,193.404634
1.0,155,196.486637
2.0,198,199.765474
0.0,127,201.972207
1.0,174,205.600774
0.0,127,207.717177
1.0,175,210.644333
