#{"t_start": 1544715601.9325047, "env_id": "BreakoutNoFrameskip-v4"}
r,l,t
0.0,127,39.342926
0.0,127,42.519464
0.0,125,45.095545
4.0,322,71.659218
0.0,127,73.779462
10.0,436,82.215271
0.0,129,85.271871
3.0,231,90.698848
1.0,170,93.887922
0.0,125,96.52187
2.0,202,100.446053
2.0,200,104.269167
1.0,173,107.479733
3.0,268,113.191954
0.0,127,115.834321
0.0,129,118.494193
3.0,251,124.208986
0.0,129,127.116173
2.0,190,131.072248
4.0,304,137.754926
2.0,187,141.930701
1.0,169,144.936041
2.0,185,148.740664
1.0,173,151.725295
2.0,186,155.759816
0.0,127,158.860214
0.0,125,161.477574
0.0,125,164.084868
2.0,186,168.175765
2.0,202,171.78571
0.0,125,174.05408
0.0,127,176.079708
1.0,158,179.460394
1.0,173,182.510984
2.0,201,186.175489
3.0,251,191.022232
1.0,174,194.052752
1.0,176,197.064832
0.0,127,199.791097
0.0,129,202.015175
0.0,129,204.19602
2.0,201,207.760282
0.0,125,210.042585
