#{"t_start": 1546138362.25003, "env_id": "BreakoutNoFrameskip-v4"}
r,l,t
3.0,229,109.777389
0.0,129,118.701913
0.0,129,127.684578
