#{"t_start": 1546138363.15233, "env_id": "BreakoutNoFrameskip-v4"}
r,l,t
2.0,201,106.946652
2.0,200,120.887003
0.0,127,129.745077
