#{"t_start": 1546138365.1339989, "env_id": "BreakoutNoFrameskip-v4"}
r,l,t
0.0,127,99.531366
0.0,129,108.026202
0.0,127,116.65932
