#{"t_start": 1546138368.3660135, "env_id": "BreakoutNoFrameskip-v4"}
r,l,t
2.0,221,103.115319
0.0,125,111.776766
0.0,129,120.671497
