#{"t_start": 1546138366.2624013, "env_id": "BreakoutNoFrameskip-v4"}
r,l,t
1.0,155,100.354158
2.0,200,114.49452
0.0,129,123.430135
