#{"t_start": 1546138370.3413577, "env_id": "BreakoutNoFrameskip-v4"}
r,l,t
1.0,155,96.28889
5.0,350,122.143749
