#{"t_start": 1546138364.2494226, "env_id": "BreakoutNoFrameskip-v4"}
r,l,t
1.0,155,102.33713
0.0,127,110.933331
