#{"t_start": 1546138364.7471912, "env_id": "BreakoutNoFrameskip-v4"}
r,l,t
0.0,127,99.895708
2.0,185,112.772899
