#{"t_start": 1546138364.0987427, "env_id": "BreakoutNoFrameskip-v4"}
r,l,t
1.0,153,102.255209
5.0,350,128.22481
