#{"t_start": 1546138366.411534, "env_id": "BreakoutNoFrameskip-v4"}
r,l,t
0.0,125,98.097523
5.0,350,123.769673
