#{"t_start": 1546138366.5507953, "env_id": "BreakoutNoFrameskip-v4"}
r,l,t
0.0,125,97.97422
2.0,200,112.306933
