#{"t_start": 1546138366.5328796, "env_id": "BreakoutNoFrameskip-v4"}
r,l,t
1.0,155,100.06459
0.0,125,108.450926
0.0,125,116.667241
0.0,127,125.868158
