#{"t_start": 1546138367.4509943, "env_id": "BreakoutNoFrameskip-v4"}
r,l,t
3.0,267,107.652225
2.0,202,122.118092
