#{"t_start": 1546138371.1282663, "env_id": "BreakoutNoFrameskip-v4"}
r,l,t
1.0,175,97.084399
0.0,127,105.566867
0.0,127,113.881228
