#{"t_start": 1544715594.2210007, "env_id": "BreakoutNoFrameskip-v4"}
r,l,t
1.0,157,47.463182
0.0,123,50.32532
2.0,204,54.187504
2.0,202,71.543514
0.0,127,73.058813
0.0,127,74.498623
1.0,177,76.492793
7.0,328,81.957057
4.0,299,87.375638
1.0,175,90.384593
2.0,222,94.980267
0.0,127,97.201918
0.0,127,99.617019
0.0,129,101.633909
1.0,177,104.601197
2.0,183,107.827129
2.0,184,111.013969
3.0,252,115.368181
0.0,127,117.429709
2.0,190,120.218395
3.0,251,125.109638
2.0,218,129.112341
0.0,125,131.059134
1.0,173,133.77942
0.0,129,135.728056
4.0,300,141.177442
3.0,268,146.276827
1.0,157,148.795628
1.0,173,151.711812
0.0,125,153.726994
0.0,129,155.863428
0.0,127,157.684431
0.0,129,159.76085
3.0,246,163.718417
0.0,129,165.420555
0.0,127,167.400505
2.0,202,170.750289
1.0,173,173.617781
1.0,171,176.169797
0.0,127,178.073314
1.0,155,180.393202
0.0,129,182.138105
4.0,302,186.817719
2.0,220,190.070104
4.0,300,194.741542
1.0,155,197.475414
0.0,129,199.670335
2.0,186,202.548471
0.0,127,204.238778
3.0,270,208.944283
3.0,230,212.472016
0.0,127,214.215401
