#{"t_start": 1544715596.8687575, "env_id": "BreakoutNoFrameskip-v4"}
r,l,t
1.0,153,44.672012
2.0,203,49.38501
11.0,476,70.995891
1.0,173,73.00999
0.0,125,74.537036
2.0,186,77.635962
4.0,281,82.559712
0.0,129,84.657777
1.0,155,87.349762
2.0,199,91.442279
5.0,349,98.112076
3.0,250,102.500508
1.0,176,105.428641
2.0,217,109.214434
0.0,129,111.221231
1.0,157,113.842709
0.0,127,115.800232
0.0,129,117.714971
2.0,201,121.543994
5.0,332,127.60926
1.0,153,130.235167
0.0,127,131.87862
0.0,127,134.022816
0.0,127,136.11602
1.0,175,139.690895
0.0,125,141.64659
0.0,127,143.796336
2.0,223,147.48595
1.0,173,150.204223
2.0,224,154.175244
0.0,125,156.083168
0.0,127,158.054313
1.0,173,160.737478
3.0,274,164.974015
1.0,172,167.752615
6.0,401,174.429429
1.0,155,176.642339
1.0,157,179.02281
1.0,153,181.213962
1.0,157,183.555521
2.0,198,186.438161
3.0,270,190.75935
0.0,125,192.531144
0.0,125,194.626197
3.0,230,198.491652
4.0,297,203.359484
2.0,223,207.132973
4.0,299,211.546057
