#{"t_start": 1544715593.8764682, "env_id": "BreakoutNoFrameskip-v4"}
r,l,t
2.0,185,48.606666
4.0,321,55.383793
0.0,127,71.336447
0.0,123,72.872816
2.0,222,75.588714
2.0,188,77.865761
0.0,127,79.961915
0.0,127,81.85115
0.0,129,83.925314
1.0,171,87.129049
4.0,307,92.859771
0.0,129,95.355712
5.0,366,102.16965
1.0,157,104.715283
0.0,129,107.02866
7.0,398,114.066066
0.0,125,116.276359
0.0,129,118.206667
3.0,228,121.816379
3.0,250,126.658925
0.0,127,128.964651
1.0,157,131.497679
0.0,127,133.511864
0.0,127,135.294814
0.0,127,137.496924
0.0,127,139.632527
3.0,214,143.643866
2.0,224,147.677841
0.0,129,149.58734
1.0,157,152.215264
0.0,129,154.382615
0.0,127,156.39969
0.0,129,158.257836
3.0,270,162.660171
1.0,157,164.994538
3.0,269,169.431783
2.0,190,172.443115
0.0,127,174.527576
0.0,125,176.308711
3.0,246,180.10827
0.0,125,181.88756
1.0,177,184.478301
1.0,173,187.098625
1.0,173,189.569791
2.0,201,192.689726
4.0,291,197.493946
3.0,251,201.743502
2.0,198,204.695704
0.0,123,206.843792
2.0,202,210.276989
0.0,129,212.002003
2.0,223,215.374174
