#{"t_start": 1544715601.9592843, "env_id": "BreakoutNoFrameskip-v4"}
r,l,t
1.0,155,39.660665
0.0,127,42.648397
1.0,175,45.893341
3.0,246,64.040627
0.0,129,65.52445
1.0,173,67.646655
0.0,129,69.032751
5.0,307,74.133713
0.0,127,76.27677
3.0,272,81.115906
1.0,155,83.982381
2.0,185,87.813771
0.0,125,89.992557
1.0,155,92.844212
0.0,123,94.71849
0.0,125,96.661885
1.0,171,99.75005
2.0,200,103.219109
2.0,227,107.105469
0.0,129,109.233866
0.0,127,111.093555
1.0,173,113.84498
2.0,184,117.451849
0.0,125,119.470395
0.0,127,121.786017
0.0,125,123.726388
0.0,125,125.648337
0.0,127,127.526726
0.0,125,129.674211
1.0,175,132.65772
0.0,129,135.179238
4.0,283,140.158366
2.0,221,143.862425
0.0,127,145.90564
0.0,129,148.029871
0.0,129,149.906125
0.0,125,151.926304
0.0,129,153.806319
0.0,129,155.840581
5.0,349,161.442581
0.0,127,163.417891
0.0,129,165.487151
0.0,127,167.433949
5.0,327,172.574992
3.0,272,176.587291
3.0,250,180.440896
1.0,175,182.99196
0.0,127,184.902509
1.0,173,187.565972
2.0,202,191.087797
4.0,299,195.869799
0.0,127,197.916178
0.0,127,199.947676
0.0,129,202.072585
1.0,175,204.574375
2.0,206,207.669464
