#{"t_start": 1544715597.9794075, "env_id": "BreakoutNoFrameskip-v4"}
r,l,t
2.0,185,44.505466
0.0,127,47.32452
7.0,323,67.270682
2.0,201,69.706612
0.0,125,71.247805
1.0,155,72.941257
0.0,127,74.777237
1.0,157,77.405951
0.0,129,79.478336
0.0,129,82.122042
1.0,173,84.587664
0.0,127,86.785566
0.0,125,89.365072
1.0,173,92.75439
0.0,129,95.034579
3.0,232,99.028188
4.0,305,104.542478
3.0,250,108.859481
1.0,175,111.937533
0.0,125,113.852366
4.0,281,118.591822
1.0,155,121.484086
1.0,157,124.126633
1.0,176,127.221871
4.0,304,132.16143
0.0,129,134.415692
2.0,201,137.886186
6.0,399,145.325694
2.0,200,148.661285
1.0,173,151.694938
4.0,280,156.289402
7.0,360,161.931023
0.0,129,163.931495
1.0,173,166.750148
2.0,200,170.080988
2.0,183,172.844835
2.0,200,175.784738
0.0,127,177.659005
0.0,129,179.548989
1.0,155,181.791211
0.0,127,183.568001
3.0,249,187.423329
0.0,125,189.209745
1.0,173,191.918845
2.0,219,195.879618
0.0,127,197.707257
2.0,224,201.128045
1.0,171,204.09679
0.0,123,206.107867
1.0,173,208.554224
1.0,173,211.121901
