#{"t_start": 1544715598.2096498, "env_id": "BreakoutNoFrameskip-v4"}
r,l,t
0.0,129,42.505631
2.0,201,47.518916
3.0,214,65.931569
2.0,181,68.102205
1.0,175,70.221557
4.0,289,73.947228
1.0,155,76.481473
0.0,125,78.367154
1.0,155,81.189043
2.0,203,84.527756
0.0,129,86.765187
0.0,127,89.442762
0.0,129,91.955267
0.0,129,94.195157
1.0,175,97.269268
0.0,127,99.264686
2.0,222,103.19019
3.0,252,107.695292
1.0,153,110.119471
1.0,151,112.734792
0.0,127,114.586821
1.0,172,117.302696
0.0,129,119.794721
2.0,202,123.331253
5.0,348,129.503291
4.0,322,135.08375
5.0,300,140.752215
3.0,276,145.479594
2.0,224,149.23676
3.0,271,153.818902
3.0,252,157.939165
0.0,129,159.9385
0.0,125,161.61032
1.0,153,164.039371
1.0,173,166.886587
0.0,129,168.934273
2.0,199,172.02037
0.0,125,173.857763
0.0,127,175.648461
0.0,129,177.531623
4.0,302,182.184228
2.0,222,185.513988
0.0,127,187.411871
3.0,233,190.914502
2.0,200,194.507562
3.0,269,198.944215
1.0,171,201.477237
0.0,127,203.5967
1.0,173,206.430874
0.0,127,208.137516
1.0,157,210.401263
0.0,127,212.257833
