#{"t_start": 1544715597.9997683, "env_id": "BreakoutNoFrameskip-v4"}
r,l,t
2.0,186,44.531112
1.0,170,48.256155
2.0,202,66.369652
1.0,173,68.369006
1.0,153,70.135967
2.0,222,72.767394
4.0,278,77.348166
0.0,125,79.313401
0.0,129,82.016476
0.0,127,83.732404
3.0,269,88.886358
2.0,222,93.202914
2.0,198,96.927758
1.0,155,99.348039
1.0,175,102.470663
0.0,125,104.5581
4.0,320,110.094682
0.0,129,112.364166
1.0,174,115.013075
1.0,155,117.437321
0.0,129,119.909512
2.0,224,123.873859
0.0,127,126.0833
3.0,217,129.688502
5.0,346,135.74314
3.0,250,140.489019
0.0,129,142.704837
3.0,268,147.204479
1.0,157,149.748193
1.0,175,152.76004
1.0,175,155.480981
3.0,250,159.51429
0.0,125,161.163608
0.0,125,163.093966
1.0,173,165.806283
1.0,175,168.692037
1.0,171,171.490693
4.0,279,175.699964
3.0,248,179.56087
0.0,129,181.327855
2.0,204,184.450789
2.0,199,187.474774
0.0,129,189.301625
3.0,250,193.531964
0.0,129,195.727408
0.0,125,197.529768
3.0,272,201.965251
0.0,125,203.950475
0.0,127,206.032182
2.0,203,208.980987
0.0,127,210.75567
