#{"t_start": 1544715590.7421052, "env_id": "BreakoutNoFrameskip-v4"}
r,l,t
0.0,129,49.976869
3.0,250,55.982346
0.0,127,58.1412
0.0,129,74.309926
0.0,129,75.933988
1.0,155,77.782362
1.0,173,79.630022
4.0,278,84.133162
1.0,173,86.954615
2.0,223,91.028073
0.0,129,93.233102
1.0,177,96.678271
0.0,127,99.128614
2.0,206,102.983977
0.0,127,105.008886
2.0,182,108.026003
1.0,157,110.793257
0.0,125,112.892524
1.0,173,115.779902
1.0,157,118.472712
0.0,127,120.537728
0.0,127,122.384831
0.0,129,124.381631
0.0,129,126.775083
5.0,332,132.962446
1.0,175,135.848137
0.0,125,137.611703
1.0,173,140.580932
1.0,171,143.483913
1.0,172,146.773589
0.0,125,148.876867
0.0,127,151.010271
2.0,201,154.305838
0.0,127,156.202628
2.0,200,159.821789
4.0,299,164.602115
0.0,129,166.609698
1.0,178,169.19258
0.0,127,171.138541
0.0,129,173.085906
0.0,129,175.167426
2.0,201,178.508713
0.0,129,180.370126
1.0,155,182.590615
0.0,127,184.513483
3.0,250,188.223038
0.0,127,190.100624
3.0,253,193.8432
2.0,198,197.055505
2.0,200,200.129208
0.0,125,202.333983
4.0,277,206.831574
1.0,176,209.685837
0.0,127,211.761056
0.0,129,213.765658
0.0,127,215.44143
0.0,129,217.202943
