#{"t_start": 1544715596.4050512, "env_id": "BreakoutNoFrameskip-v4"}
r,l,t
1.0,175,45.800153
0.0,127,48.671884
0.0,123,50.892323
4.0,299,69.888142
1.0,170,71.899226
2.0,184,73.967101
0.0,127,75.797165
1.0,175,78.629951
0.0,127,80.547898
0.0,129,82.938827
0.0,125,85.018148
3.0,270,90.096813
3.0,253,95.075344
0.0,127,97.515277
1.0,157,99.98423
0.0,127,101.985488
0.0,127,104.280247
1.0,174,107.229944
0.0,127,109.355404
2.0,185,112.412867
2.0,204,115.822052
3.0,272,120.503535
0.0,125,122.795983
1.0,157,125.411301
5.0,347,131.521241
2.0,183,134.475986
2.0,222,138.44315
1.0,155,141.41536
0.0,129,143.562001
1.0,173,146.413399
0.0,129,148.470237
0.0,127,150.437205
2.0,204,154.071095
1.0,157,156.492037
2.0,202,159.622433
3.0,270,163.882728
0.0,127,165.800569
4.0,279,170.54689
2.0,202,173.694934
1.0,155,176.082414
2.0,224,179.416981
2.0,200,182.353412
0.0,127,184.245372
2.0,205,187.271435
3.0,252,191.265524
1.0,155,193.577691
0.0,129,195.893572
1.0,170,198.598962
0.0,129,200.58849
3.0,270,205.00705
0.0,127,206.996285
2.0,202,210.022772
