#{"t_start": 1544715602.141154, "env_id": "BreakoutNoFrameskip-v4"}
r,l,t
0.0,125,38.476026
3.0,230,44.077815
2.0,221,62.453482
0.0,127,63.858387
1.0,155,65.679073
0.0,127,67.248114
1.0,173,69.264527
0.0,129,71.271343
0.0,129,73.28652
1.0,157,75.896763
1.0,157,78.79516
0.0,123,80.542036
2.0,222,85.013679
3.0,269,90.332646
0.0,123,92.532317
2.0,186,95.527326
1.0,155,98.251539
1.0,173,101.116802
1.0,171,104.091682
3.0,271,108.839568
2.0,200,111.85632
2.0,222,116.050298
2.0,198,119.534302
0.0,129,121.797278
1.0,155,124.348931
3.0,273,128.825317
0.0,125,130.912359
2.0,202,134.861938
0.0,125,136.892508
0.0,127,139.116691
0.0,125,140.945678
1.0,155,143.53511
2.0,199,147.010338
3.0,250,151.041715
0.0,123,152.923347
2.0,225,156.389129
1.0,151,158.625052
8.0,351,164.495784
1.0,155,167.05705
4.0,319,172.056479
2.0,219,175.295298
3.0,273,179.395481
0.0,127,181.211739
1.0,154,183.597703
0.0,125,185.391183
7.0,411,192.485981
0.0,129,194.490148
2.0,202,197.57225
0.0,127,199.688968
0.0,127,201.741259
0.0,127,203.563473
0.0,125,205.253311
1.0,154,207.545282
