#{"t_start": 1544715598.2157862, "env_id": "BreakoutNoFrameskip-v4"}
r,l,t
0.0,129,42.500557
0.0,127,45.672823
0.0,129,48.351041
1.0,172,65.910374
1.0,174,67.968693
3.0,248,71.072048
1.0,157,72.815812
3.0,269,77.284624
4.0,301,82.790208
3.0,251,87.106159
0.0,123,89.751203
2.0,202,93.572829
2.0,204,97.190361
0.0,129,99.258347
0.0,127,101.551193
2.0,224,105.37854
1.0,175,108.305341
0.0,123,110.232269
2.0,202,113.717227
1.0,175,116.325778
0.0,125,118.60734
2.0,202,122.360054
0.0,127,124.670678
2.0,202,127.920277
4.0,297,132.928629
0.0,125,134.982949
0.0,129,137.214578
1.0,155,140.152922
1.0,157,142.933152
2.0,202,146.220461
0.0,129,148.272726
0.0,127,150.531912
5.0,311,155.538857
2.0,200,158.722811
0.0,127,160.504136
0.0,129,162.406875
0.0,127,164.373863
0.0,125,166.308553
0.0,125,168.272493
5.0,343,173.851685
0.0,129,175.676518
3.0,270,179.819034
0.0,127,181.650116
4.0,259,185.597989
0.0,129,187.523104
0.0,123,189.278453
2.0,204,192.479516
4.0,319,198.032746
2.0,202,201.127398
0.0,125,203.286181
1.0,155,205.815919
1.0,155,207.970884
0.0,127,209.694065
