#{"t_start": 1544715592.771179, "env_id": "BreakoutNoFrameskip-v4"}
r,l,t
1.0,178,49.511773
4.0,280,55.418109
0.0,127,71.920269
0.0,129,73.381261
2.0,187,75.702201
0.0,125,77.024918
1.0,175,79.306317
2.0,226,83.071565
0.0,127,85.141982
0.0,129,87.71223
0.0,129,89.48148
2.0,204,93.35416
2.0,187,97.226804
3.0,228,101.533004
3.0,269,105.997013
1.0,153,108.669523
0.0,129,110.877253
0.0,125,112.948255
1.0,175,115.808446
3.0,230,119.679918
0.0,129,121.506025
2.0,225,125.859583
3.0,272,130.872182
1.0,175,133.725204
5.0,287,138.489064
2.0,184,141.684038
2.0,183,145.1573
0.0,125,147.26059
3.0,226,151.016778
3.0,272,155.977293
0.0,129,157.909059
3.0,255,162.056473
2.0,222,165.502756
1.0,173,168.081277
0.0,129,170.140943
0.0,123,172.040996
0.0,129,174.024461
5.0,352,179.781678
0.0,127,181.600509
1.0,178,184.115318
0.0,127,185.928829
4.0,279,190.199913
4.0,300,195.026938
0.0,127,196.854543
3.0,250,201.298079
1.0,173,203.970672
2.0,201,207.141314
2.0,200,210.465228
2.0,205,213.552112
