#{"t_start": 1544715600.5205412, "env_id": "BreakoutNoFrameskip-v4"}
r,l,t
1.0,155,41.098004
1.0,173,45.13266
0.0,129,47.327507
1.0,173,64.491036
0.0,125,66.038338
0.0,127,67.457177
0.0,127,68.987095
1.0,155,70.738279
0.0,127,72.642014
2.0,198,75.925487
4.0,301,81.40013
0.0,129,83.641553
1.0,155,86.608992
0.0,129,89.121024
1.0,157,92.003124
1.0,155,94.705893
1.0,173,97.497784
0.0,127,99.756368
0.0,125,101.810046
4.0,282,106.759726
0.0,125,108.839672
1.0,173,111.632773
1.0,175,114.304965
0.0,129,116.659283
0.0,127,118.981974
1.0,157,121.619634
0.0,129,123.799678
2.0,198,127.086405
0.0,129,129.001835
0.0,129,131.210078
1.0,173,134.192332
3.0,232,138.577948
0.0,125,140.798992
0.0,125,142.617366
0.0,127,144.683471
1.0,171,147.579795
2.0,204,150.89095
0.0,125,152.84538
2.0,198,155.915379
2.0,200,158.909217
0.0,127,160.904059
7.0,432,168.313282
4.0,291,172.738877
0.0,129,174.686024
4.0,278,178.8392
1.0,157,181.135149
0.0,129,183.013184
3.0,250,186.887542
0.0,129,188.771748
1.0,173,191.899144
0.0,127,193.859472
0.0,125,195.694018
0.0,127,197.488025
3.0,254,201.934498
4.0,299,206.585089
1.0,177,209.237626
