#{"t_start": 1544715601.9879026, "env_id": "BreakoutNoFrameskip-v4"}
r,l,t
2.0,187,40.593641
0.0,127,43.373862
3.0,252,62.467119
3.0,253,65.511411
0.0,125,67.00298
0.0,129,68.320382
0.0,129,70.123195
2.0,204,73.542433
1.0,157,76.138488
0.0,129,78.624204
2.0,206,82.052296
2.0,204,86.187037
1.0,176,89.373081
0.0,129,91.806446
2.0,181,94.780878
0.0,129,96.895894
1.0,175,99.93609
2.0,204,103.533226
1.0,171,106.301162
0.0,125,108.453915
3.0,238,112.121772
0.0,129,114.28749
3.0,250,119.008883
0.0,125,121.349587
5.0,349,127.038763
2.0,219,130.878186
1.0,153,133.5634
0.0,129,136.014391
0.0,127,138.155586
0.0,129,140.273142
2.0,202,143.628523
0.0,125,145.548027
2.0,203,149.055369
3.0,253,153.162499
0.0,127,155.050115
1.0,155,157.248765
0.0,125,159.200666
1.0,176,161.944545
1.0,155,164.46063
0.0,129,166.600774
0.0,127,168.402895
2.0,206,171.460534
1.0,158,173.871876
1.0,155,176.117234
0.0,125,177.920422
0.0,125,179.634536
0.0,129,181.519154
0.0,129,183.43776
4.0,274,187.776384
2.0,201,191.341382
2.0,220,194.873262
1.0,157,197.084141
0.0,129,199.307694
0.0,129,201.345119
1.0,169,203.918544
1.0,176,206.350642
