#{"t_start": 1546138366.6809316, "env_id": "BreakoutNoFrameskip-v4"}
r,l,t
0.0,129,103.548137
0.0,127,112.651435
2.0,203,129.176715
