#{"t_start": 1546138371.7783885, "env_id": "BreakoutNoFrameskip-v4"}
r,l,t
1.0,157,100.649446
0.0,129,110.291485
0.0,125,119.574416
