#{"t_start": 1546138373.1507177, "env_id": "BreakoutNoFrameskip-v4"}
r,l,t
1.0,173,100.517954
0.0,127,109.997309
0.0,127,119.750972
0.0,127,129.545993
