#{"t_start": 1546138373.2551877, "env_id": "BreakoutNoFrameskip-v4"}
r,l,t
2.0,205,102.837632
0.0,127,112.515608
0.0,127,122.682464
