#{"t_start": 1546138372.5177577, "env_id": "BreakoutNoFrameskip-v4"}
r,l,t
2.0,223,104.958618
1.0,177,119.032444
0.0,125,129.105126
