#{"t_start": 1546138372.807263, "env_id": "BreakoutNoFrameskip-v4"}
r,l,t
0.0,129,97.522939
1.0,173,110.465176
3.0,234,129.61695
