#{"t_start": 1546138372.83139, "env_id": "BreakoutNoFrameskip-v4"}
r,l,t
0.0,129,97.517441
1.0,157,109.291046
2.0,201,125.374328
