#{"t_start": 1546138370.9302244, "env_id": "BreakoutNoFrameskip-v4"}
r,l,t
0.0,129,99.43195
2.0,221,116.167417
0.0,125,126.544842
