#{"t_start": 1546138372.0953174, "env_id": "BreakoutNoFrameskip-v4"}
r,l,t
0.0,127,98.026985
0.0,127,106.971944
2.0,180,121.425546
