#{"t_start": 1546138369.5485814, "env_id": "BreakoutNoFrameskip-v4"}
r,l,t
0.0,129,100.696034
1.0,155,112.363232
