#{"t_start": 1546138373.0952961, "env_id": "BreakoutNoFrameskip-v4"}
r,l,t
2.0,202,102.805118
1.0,155,114.51982
1.0,175,128.903371
