#{"t_start": 1546138372.43326, "env_id": "BreakoutNoFrameskip-v4"}
r,l,t
1.0,173,101.195483
0.0,127,110.691629
0.0,125,120.255198
