#{"t_start": 1546138372.379012, "env_id": "BreakoutNoFrameskip-v4"}
r,l,t
0.0,129,97.900511
0.0,129,107.128591
0.0,123,116.220893
