#{"t_start": 1546138371.0356297, "env_id": "BreakoutNoFrameskip-v4"}
r,l,t
4.0,285,112.008912
0.0,127,121.765615
0.0,127,131.562596
