#{"t_start": 1546138371.3825166, "env_id": "BreakoutNoFrameskip-v4"}
r,l,t
6.0,376,119.502117
0.0,127,129.382276
