#{"t_start": 1546138372.2726583, "env_id": "BreakoutNoFrameskip-v4"}
r,l,t
0.0,129,98.023455
0.0,127,107.081564
0.0,129,116.880838
0.0,129,127.098703
