advantage_norm,policy_loss,frames,explained_variance,PMM:episode_rewards,fps,value_loss,episode_length,P09:episode_rewards,grad_norm,epoch_idx,policy_entropy,P01:episode_rewards
2.994656568598002,0.0801096835421049,8000,-7.8667831552028655,1.170731707317073,1212,0.2639568363318267,171.65853658536585,2.0,9.57948793070653,1,1.3295742869377136,0.0
0.934438979588449,0.000761824092187453,16000,-0.49954433798789977,1.2696629213483146,1241,0.008954467170542556,176.46067415730337,3.0,0.1481460511049349,2,1.3786858201026917,0.0
1.0624590089917183,-0.0011945474676031153,24000,-0.2536476629972458,1.46,1301,0.010911563140671205,184.89,4.0,0.1723802067860011,3,1.3799363577365875,0.0
1.0722180796414613,-0.0005059671521303244,32000,-0.2000484812259674,1.93,1264,0.01111661449962412,200.79,4.1000000000000085,0.18227706294801313,4,1.3816864597797394,0.0
0.9331820839270949,0.0007838440698105842,40000,-0.5175557571649552,2.01,1241,0.009023093558880646,204.18,4.1000000000000085,0.15659414188652881,5,1.3831526112556458,0.0
0.8586032585054636,0.002689580748556182,48000,-0.6085510057210922,1.34,1225,0.008632452598230884,179.41,3.0,0.14216308753770016,6,1.3830962002277374,0.0
0.8682314334437251,0.001162115002516657,56000,-0.39138676941394807,1.25,1224,0.007980103284717188,176.12,3.0,0.1722937814032228,7,1.383717520236969,0.0
