#{"t_start": 1544715602.0570269, "env_id": "BreakoutNoFrameskip-v4"}
r,l,t
0.0,129,38.937567
3.0,248,46.251171
0.0,127,49.816785
3.0,250,76.694661
6.0,393,89.253869
4.0,299,98.785336
0.0,129,102.58812
0.0,127,106.453653
3.0,252,115.001135
9.0,405,128.218944
0.0,129,132.012415
0.0,129,135.962698
4.0,299,145.943104
5.0,369,158.658023
1.0,170,163.672897
1.0,157,168.914506
2.0,186,175.418331
1.0,172,181.030835
3.0,251,189.070348
1.0,171,194.940165
3.0,256,203.437693
