#{"t_start": 1544715602.4882314, "env_id": "BreakoutNoFrameskip-v4"}
r,l,t
3.0,234,41.775786
6.0,376,72.266879
1.0,153,76.95168
0.0,127,81.064837
0.0,125,84.626222
3.0,251,92.267988
0.0,129,96.212546
0.0,129,100.092318
0.0,123,103.686884
2.0,198,110.079621
0.0,127,114.214859
0.0,127,117.868078
5.0,352,129.40538
3.0,250,137.446081
3.0,270,146.493788
0.0,129,150.293202
2.0,204,157.427709
0.0,129,161.152725
2.0,201,167.825584
0.0,129,172.199385
0.0,127,176.292144
1.0,176,182.05381
0.0,127,185.958603
2.0,221,193.312933
2.0,202,199.828176
0.0,127,203.955903
