#{"t_start": 1544715597.8778763, "env_id": "BreakoutNoFrameskip-v4"}
r,l,t
0.0,127,43.027345
2.0,220,49.484615
0.0,125,53.002313
1.0,153,76.37539
0.0,125,80.281034
0.0,125,84.290866
0.0,127,88.052363
0.0,123,91.394422
2.0,223,98.324674
0.0,127,102.093
0.0,127,105.849987
0.0,129,109.677899
3.0,230,117.444398
0.0,129,121.219228
3.0,232,128.564049
0.0,129,132.674227
1.0,175,137.989699
2.0,224,145.420046
0.0,125,149.320105
3.0,250,157.495242
0.0,129,161.797279
3.0,246,169.69429
2.0,202,176.713265
0.0,127,180.801105
0.0,127,184.773839
0.0,125,188.673025
2.0,225,196.257731
0.0,123,200.08061
