#{"t_start": 1544715601.4590049, "env_id": "BreakoutNoFrameskip-v4"}
r,l,t
1.0,173,40.954358
0.0,127,44.362172
1.0,172,49.420543
3.0,236,75.766005
2.0,225,83.216635
1.0,175,88.132527
4.0,323,98.446222
2.0,209,104.977222
2.0,202,111.539424
0.0,127,115.645246
1.0,172,120.746275
1.0,171,126.254263
2.0,204,132.629824
0.0,129,136.575516
1.0,155,141.516444
0.0,127,145.58229
4.0,295,155.378614
2.0,202,161.861751
0.0,129,165.90507
3.0,255,175.004094
3.0,269,183.843254
2.0,202,190.279129
0.0,129,194.64191
2.0,206,201.291727
