#{"t_start": 1544715601.9009116, "env_id": "BreakoutNoFrameskip-v4"}
r,l,t
0.0,127,39.006366
0.0,127,42.612861
5.0,332,71.477578
4.0,299,81.485175
0.0,129,85.182956
0.0,129,88.767041
0.0,125,92.44025
2.0,224,99.601582
0.0,127,103.261356
2.0,223,110.544861
2.0,202,117.004677
0.0,129,121.016968
5.0,350,132.426778
2.0,202,138.818544
0.0,129,142.910302
0.0,127,146.944737
2.0,204,153.58467
1.0,155,158.786883
2.0,225,165.896179
3.0,230,174.027755
0.0,127,178.128047
2.0,202,184.615499
1.0,178,190.164813
0.0,129,194.487143
2.0,202,201.062958
