#{"t_start": 1544715602.025529, "env_id": "BreakoutNoFrameskip-v4"}
r,l,t
1.0,171,40.300044
1.0,157,44.69776
3.0,230,70.479069
1.0,155,75.348948
1.0,178,81.118279
0.0,125,84.693355
4.0,301,94.060646
5.0,331,104.687118
0.0,125,108.441881
0.0,129,112.752008
0.0,127,116.357787
1.0,157,121.359252
0.0,129,125.227225
1.0,178,130.889107
2.0,200,137.17382
4.0,302,147.311028
1.0,173,152.808595
5.0,320,163.432077
9.0,401,177.864962
1.0,175,183.33217
0.0,127,187.312769
4.0,323,198.266216
