#{"t_start": 1544715602.5124547, "env_id": "BreakoutNoFrameskip-v4"}
r,l,t
0.0,127,38.37343
0.0,127,41.996209
2.0,223,48.559879
2.0,202,73.683431
0.0,127,77.487154
0.0,129,81.637769
0.0,129,85.167373
1.0,173,90.335666
2.0,200,96.652837
0.0,127,100.472473
0.0,129,104.288139
5.0,351,115.919281
4.0,291,125.527633
0.0,123,129.116799
3.0,274,137.961047
2.0,208,144.943496
3.0,252,153.201304
1.0,175,158.998693
2.0,205,165.529196
2.0,222,173.36879
2.0,223,180.786827
2.0,200,187.178528
3.0,231,194.991882
0.0,125,198.720233
2.0,201,205.560869
