#{"t_start": 1544715598.536223, "env_id": "BreakoutNoFrameskip-v4"}
r,l,t
0.0,129,42.458522
0.0,123,45.879414
1.0,176,50.95441
2.0,198,75.765458
5.0,350,87.468766
10.0,430,100.969121
13.0,477,116.999942
0.0,129,120.812436
1.0,175,126.236711
0.0,129,130.372219
0.0,125,134.024752
5.0,350,145.602923
0.0,127,149.537494
0.0,129,153.445163
3.0,250,162.11016
0.0,127,165.774483
1.0,155,170.802792
1.0,158,176.220202
3.0,248,184.620501
1.0,171,190.086909
0.0,125,193.821772
0.0,129,198.087445
2.0,206,204.799784
1.0,157,209.968645
