#{"t_start": 1544715602.5020432, "env_id": "BreakoutNoFrameskip-v4"}
r,l,t
0.0,127,38.400822
2.0,220,44.848548
0.0,125,48.363003
0.0,125,70.7674
3.0,272,79.913748
5.0,352,90.749642
2.0,224,97.856739
0.0,127,101.587971
0.0,127,105.388592
0.0,125,109.196865
0.0,125,113.412657
0.0,125,117.03367
2.0,202,123.324821
0.0,129,127.467186
0.0,129,131.176884
3.0,250,139.380166
1.0,171,144.980534
0.0,127,148.788879
0.0,127,152.797593
2.0,222,160.131068
3.0,230,167.755263
0.0,127,172.059658
1.0,173,177.937643
0.0,127,181.841226
5.0,337,193.179813
0.0,125,197.126496
1.0,173,202.610039
0.0,127,206.706785
