#{"t_start": 1544715591.6267865, "env_id": "BreakoutNoFrameskip-v4"}
r,l,t
0.0,127,49.285065
1.0,175,54.272131
0.0,129,57.985579
4.0,319,86.968927
0.0,129,91.169794
4.0,299,100.200928
2.0,227,107.388407
0.0,129,111.295416
1.0,155,115.908483
1.0,175,121.61913
2.0,202,128.117714
5.0,328,138.883912
2.0,202,145.056893
1.0,155,150.057147
0.0,127,154.046338
3.0,250,162.19183
7.0,287,171.868066
1.0,155,176.888114
0.0,129,181.031737
3.0,250,189.820789
1.0,157,194.724503
2.0,206,201.676628
1.0,173,207.274216
0.0,129,211.116479
0.0,127,215.239804
