#{"t_start": 1544715596.2608337, "env_id": "BreakoutNoFrameskip-v4"}
r,l,t
0.0,127,44.6421
0.0,125,48.152245
0.0,127,51.633879
2.0,220,77.081877
3.0,250,85.390596
1.0,175,90.687008
0.0,127,94.222972
0.0,129,97.959395
2.0,198,104.30516
0.0,125,107.933041
0.0,129,111.819055
0.0,129,115.820198
0.0,127,120.030096
1.0,157,124.661589
0.0,127,128.558458
3.0,228,135.96541
0.0,127,139.636012
4.0,319,150.435549
3.0,250,158.550901
0.0,127,162.830333
3.0,272,171.617627
0.0,125,175.596096
0.0,129,180.140283
0.0,125,184.116724
4.0,278,193.218914
0.0,125,197.342289
1.0,171,202.861837
1.0,173,208.192184
