#{"t_start": 1544715592.384957, "env_id": "BreakoutNoFrameskip-v4"}
r,l,t
1.0,155,49.336916
3.0,272,57.569934
8.0,355,87.728056
1.0,157,92.979436
2.0,224,99.409801
0.0,129,103.256131
1.0,155,108.03325
2.0,181,113.620184
0.0,123,117.308327
1.0,155,122.519205
0.0,129,126.225355
0.0,127,130.08497
3.0,232,137.685203
0.0,127,141.356089
5.0,350,153.01774
2.0,202,159.523089
0.0,129,163.678773
0.0,127,167.884902
10.0,456,183.697143
0.0,129,187.873645
1.0,155,192.664995
2.0,200,198.986913
3.0,220,206.647399
0.0,127,210.444413
1.0,155,215.576294
