#{"t_start": 1544715602.0445526, "env_id": "BreakoutNoFrameskip-v4"}
r,l,t
1.0,155,39.677323
2.0,200,45.547086
0.0,129,49.317178
0.0,129,71.733807
1.0,151,76.581243
0.0,125,80.599731
1.0,178,85.74339
6.0,396,98.470327
2.0,198,104.610179
3.0,217,111.69517
1.0,172,117.156053
0.0,129,121.097673
1.0,176,126.730535
0.0,127,130.474538
0.0,129,134.22106
1.0,173,139.841504
2.0,192,146.114639
4.0,299,156.246328
0.0,129,160.192789
3.0,250,168.451911
0.0,129,172.862758
4.0,300,183.019859
1.0,157,187.972424
0.0,125,192.123087
0.0,127,196.102111
1.0,152,200.785133
