#{"t_start": 1544715601.9703517, "env_id": "BreakoutNoFrameskip-v4"}
r,l,t
2.0,205,41.440702
1.0,155,45.779416
1.0,174,50.374824
0.0,129,73.654359
0.0,127,77.412989
0.0,127,81.547209
1.0,173,86.56211
5.0,331,97.134454
1.0,173,102.381071
4.0,299,112.496837
2.0,226,119.449955
1.0,153,124.237754
4.0,260,132.633471
4.0,318,143.189194
3.0,218,150.264479
2.0,206,157.343836
0.0,129,161.103775
2.0,204,167.848877
1.0,157,173.287688
1.0,178,179.226994
1.0,155,184.04853
2.0,203,190.582907
1.0,160,196.029752
0.0,129,199.816406
2.0,201,206.629384
