policy_loss,value_loss,fps,epoch_idx,episode_length,PMM:episode_rewards,P09:episode_rewards,explained_variance,P01:episode_rewards,policy_entropy,frames,grad_norm,advantage_norm
-0.19828979657751916,1.091894340329709,516,1,159.82926829268294,0.8048780487804879,2.0,-2.5067565089464185,0.0,1.304988214923069,8000,31.37450010348971,4.870107391737402
-0.00015957274874381255,0.0053037064033242135,308,2,175.42696629213484,1.202247191011236,3.0,-6.7603480929136275,0.0,1.367322325706482,16000,0.1227386483829497,0.6863127066940069
0.00034508758089941695,0.006039601633213465,350,3,187.66,1.47,4.1000000000000085,-19.894284814596176,0.0,1.3735944044589996,24000,0.12973024985308707,0.7249770662654191
-0.00031230902663082817,0.0057629524180072165,373,4,184.44,1.43,4.0,-8.700654900074005,0.0,1.38280660033226,32000,0.11865579488696694,0.7286901919171214
0.0006089609235641547,0.006115577934995144,389,5,178.43,1.35,4.0,-4.070091128349304,0.0,1.3837817299365998,40000,0.10498927060983596,0.7301845050696284
0.00021972744056256488,0.00732295447951401,398,6,190.11,1.56,4.0,-1.8001638352870941,0.0,1.3838586795330048,48000,0.11522084117691447,0.8810884693823755
0.00024436035484541206,0.006291267275655627,404,7,197.32,1.72,4.0,-1.344449102282524,0.0,1.3827199196815492,56000,0.10553175775454628,0.7602585450187326
0.001691663799501839,0.00584170278525562,410,8,194.64,1.73,4.0,-2.0783336049318315,0.0,1.381400110721588,64000,0.09203303408657183,0.7417402959428727
