#{"t_start": 1546138370.3848374, "env_id": "BreakoutNoFrameskip-v4"}
r,l,t
0.0,129,100.529005
0.0,125,108.916642
