#{"t_start": 1546138367.5401094, "env_id": "BreakoutNoFrameskip-v4"}
r,l,t
2.0,201,108.547455
0.0,127,116.948967
