#{"t_start": 1546138370.8151896, "env_id": "BreakoutNoFrameskip-v4"}
r,l,t
0.0,127,99.976864
2.0,202,113.926299
1.0,155,125.490791
