#{"t_start": 1546138373.0639632, "env_id": "BreakoutNoFrameskip-v4"}
r,l,t
1.0,173,101.265935
0.0,129,109.638406
