#{"t_start": 1546138371.6474562, "env_id": "BreakoutNoFrameskip-v4"}
r,l,t
0.0,127,99.165785
1.0,173,110.950119
0.0,127,120.226153
