#{"t_start": 1546138368.657033, "env_id": "BreakoutNoFrameskip-v4"}
r,l,t
1.0,153,104.270814
4.0,299,125.963115
