#{"t_start": 1546138372.704825, "env_id": "BreakoutNoFrameskip-v4"}
r,l,t
1.0,177,101.965328
0.0,129,110.244673
0.0,125,119.532097
