#{"t_start": 1546138370.1282039, "env_id": "BreakoutNoFrameskip-v4"}
r,l,t
1.0,155,102.908959
0.0,127,111.472795
