#{"t_start": 1546138370.2066228, "env_id": "BreakoutNoFrameskip-v4"}
r,l,t
0.0,127,100.509674
3.0,248,118.297109
0.0,125,127.315268
