#{"t_start": 1546138369.996821, "env_id": "BreakoutNoFrameskip-v4"}
r,l,t
1.0,175,104.559335
4.0,301,126.726946
