#{"t_start": 1546138371.3299258, "env_id": "BreakoutNoFrameskip-v4"}
r,l,t
0.0,127,99.408112
0.0,129,108.167801
