#{"t_start": 1546138370.9479647, "env_id": "BreakoutNoFrameskip-v4"}
r,l,t
1.0,174,103.435329
1.0,174,115.100548
1.0,157,127.036761
