#{"t_start": 1546138372.6260638, "env_id": "BreakoutNoFrameskip-v4"}
r,l,t
2.0,202,103.561869
0.0,129,112.239288
0.0,127,121.300246
