#{"t_start": 1546138367.3910582, "env_id": "BreakoutNoFrameskip-v4"}
r,l,t
3.0,258,113.453019
0.0,125,121.823484
0.0,127,130.900631
