#{"t_start": 1546138371.0961695, "env_id": "BreakoutNoFrameskip-v4"}
r,l,t
0.0,123,99.330618
0.0,129,107.884659
0.0,129,116.617293
