#{"t_start": 1546138373.0282688, "env_id": "BreakoutNoFrameskip-v4"}
r,l,t
5.0,291,109.840715
2.0,200,124.966836
