#{"t_start": 1546138365.9779692, "env_id": "BreakoutNoFrameskip-v4"}
r,l,t
1.0,172,108.497023
2.0,228,127.206449
0.0,129,135.963006
