#{"t_start": 1546138365.6816206, "env_id": "BreakoutNoFrameskip-v4"}
r,l,t
0.0,127,104.971536
5.0,350,133.656942
