#{"t_start": 1546138366.4750795, "env_id": "BreakoutNoFrameskip-v4"}
r,l,t
2.0,187,109.27934
1.0,155,122.003623
1.0,157,133.584476
