#{"t_start": 1546138366.8345926, "env_id": "BreakoutNoFrameskip-v4"}
r,l,t
1.0,177,108.051504
1.0,175,122.303322
0.0,125,131.591681
