#{"t_start": 1546138372.7606356, "env_id": "BreakoutNoFrameskip-v4"}
r,l,t
1.0,157,100.477017
0.0,129,110.15833
3.0,232,128.645795
