#{"t_start": 1546138370.8020787, "env_id": "BreakoutNoFrameskip-v4"}
r,l,t
1.0,157,102.448112
3.0,246,122.712085
