#{"t_start": 1546138372.952641, "env_id": "BreakoutNoFrameskip-v4"}
r,l,t
0.0,127,97.747324
1.0,157,109.780566
2.0,225,127.94091
