#{"t_start": 1546138372.185022, "env_id": "BreakoutNoFrameskip-v4"}
r,l,t
2.0,200,104.693283
0.0,123,114.267138
0.0,129,124.328383
