#{"t_start": 1546138365.502251, "env_id": "BreakoutNoFrameskip-v4"}
r,l,t
0.0,123,104.942968
1.0,155,116.423152
2.0,224,134.707052
