#{"t_start": 1546138370.4373236, "env_id": "BreakoutNoFrameskip-v4"}
r,l,t
4.0,283,113.27438
2.0,187,128.465515
