#{"t_start": 1546138365.6951926, "env_id": "BreakoutNoFrameskip-v4"}
r,l,t
1.0,175,109.069013
0.0,129,118.465294
0.0,125,128.775576
