#{"t_start": 1546138367.650351, "env_id": "BreakoutNoFrameskip-v4"}
r,l,t
1.0,157,105.545139
0.0,127,115.048775
1.0,155,127.873193
