#{"t_start": 1546138370.2995007, "env_id": "BreakoutNoFrameskip-v4"}
r,l,t
1.0,173,104.256902
0.0,129,113.740329
1.0,172,127.955173
