#{"t_start": 1546138365.4759429, "env_id": "BreakoutNoFrameskip-v4"}
r,l,t
3.0,248,114.960508
3.0,252,135.703521
