#{"t_start": 1546138371.1943698, "env_id": "BreakoutNoFrameskip-v4"}
r,l,t
2.0,187,104.53734
2.0,223,122.90775
0.0,129,131.337516
