#{"t_start": 1546138369.3327463, "env_id": "BreakoutNoFrameskip-v4"}
r,l,t
1.0,157,103.884625
2.0,188,119.320581
