#{"t_start": 1544715589.0318828, "env_id": "BreakoutNoFrameskip-v4"}
r,l,t
0.0,129,52.192741
1.0,157,56.532478
2.0,224,63.006693
1.0,171,86.091468
0.0,127,89.051291
1.0,173,93.182625
0.0,127,96.187015
1.0,173,100.240233
0.0,129,103.566983
1.0,153,107.855326
3.0,248,113.381503
1.0,171,117.846698
1.0,173,123.300123
0.0,123,126.163329
1.0,174,129.404129
5.0,290,137.008058
2.0,222,142.340058
2.0,223,147.881214
2.0,227,152.302798
2.0,202,157.902416
2.0,222,163.436671
7.0,324,169.930253
4.0,299,176.163176
1.0,157,179.942628
0.0,129,182.357583
1.0,157,186.183203
1.0,175,191.007142
4.0,301,198.367721
0.0,125,201.710073
0.0,125,204.429687
0.0,125,207.226996
1.0,155,210.512603
3.0,246,215.816185
0.0,127,219.759226
