#{"t_start": 1544715598.0872138, "env_id": "BreakoutNoFrameskip-v4"}
r,l,t
0.0,129,43.169271
0.0,127,46.706369
5.0,349,75.730813
1.0,157,79.372479
0.0,125,81.749762
0.0,127,85.274754
0.0,127,88.162937
0.0,127,90.989147
2.0,206,96.833381
0.0,127,99.470508
1.0,155,103.28265
0.0,127,105.866656
1.0,151,109.626344
0.0,127,113.834968
0.0,127,117.014007
0.0,127,119.380805
0.0,127,121.784434
0.0,129,125.020043
1.0,155,129.007153
2.0,224,134.700466
4.0,301,141.340135
0.0,127,143.683387
2.0,203,149.398471
0.0,129,151.987226
2.0,206,157.241881
2.0,202,160.874493
1.0,157,164.047791
3.0,250,169.81124
1.0,173,173.115559
1.0,178,177.782013
2.0,182,182.351176
2.0,185,186.666292
0.0,127,190.232831
2.0,223,195.593194
2.0,203,200.197657
2.0,186,203.585717
0.0,127,206.674268
