#{"t_start": 1544715595.7330394, "env_id": "BreakoutNoFrameskip-v4"}
r,l,t
0.0,129,45.524346
2.0,187,50.62763
2.0,200,56.427931
0.0,127,78.554396
1.0,157,82.170405
0.0,129,84.543156
0.0,125,88.215285
3.0,252,94.007371
1.0,176,99.500194
2.0,222,104.303748
1.0,155,107.916224
2.0,225,114.260204
0.0,127,118.228971
2.0,185,121.896253
0.0,127,124.455323
2.0,222,130.402625
1.0,173,134.667388
3.0,248,140.784861
1.0,173,144.098735
0.0,127,146.677401
1.0,176,151.506436
2.0,204,156.618531
2.0,203,160.637493
2.0,200,164.614012
1.0,175,168.141931
1.0,178,172.422377
1.0,175,175.759984
0.0,129,178.974198
1.0,178,183.679787
0.0,129,186.088932
1.0,173,190.8627
1.0,153,194.875054
1.0,175,198.866122
1.0,157,202.294845
0.0,127,204.745902
0.0,127,206.8779
2.0,204,213.147306
