#{"t_start": 1544715602.2673888, "env_id": "BreakoutNoFrameskip-v4"}
r,l,t
2.0,204,41.506307
2.0,219,47.814624
0.0,129,69.903738
2.0,206,75.05349
2.0,204,79.750674
2.0,201,84.83313
2.0,202,89.73876
0.0,127,93.733019
0.0,127,95.833961
1.0,157,99.754246
2.0,188,104.496142
4.0,263,112.488129
2.0,201,116.239194
1.0,153,120.009332
0.0,129,123.396571
1.0,155,127.339404
2.0,206,132.740193
0.0,129,134.877632
2.0,223,139.248996
1.0,171,144.305741
1.0,155,147.326402
2.0,203,152.565774
0.0,129,154.658595
1.0,174,158.18883
0.0,127,160.646017
1.0,177,164.454223
2.0,205,168.734987
3.0,250,175.631092
0.0,127,178.388746
0.0,127,181.366519
0.0,129,184.700249
2.0,192,189.5808
0.0,127,192.362571
1.0,157,195.831948
0.0,125,198.205228
2.0,223,203.484241
