#{"t_start": 1544715601.979969, "env_id": "BreakoutNoFrameskip-v4"}
r,l,t
0.0,125,39.074684
1.0,155,43.436171
2.0,206,49.579818
0.0,129,71.753216
1.0,158,75.37367
6.0,399,85.363885
0.0,129,87.997361
1.0,171,93.428953
1.0,171,96.856967
2.0,203,101.721148
1.0,173,106.237465
1.0,153,111.344852
1.0,157,114.54967
1.0,173,117.957816
1.0,173,122.624291
3.0,272,129.314343
1.0,173,133.893679
0.0,125,135.984771
2.0,227,141.246484
2.0,202,146.38771
1.0,175,150.714894
1.0,178,154.251926
0.0,129,156.534081
2.0,222,161.21923
0.0,129,163.58154
0.0,125,166.701452
1.0,175,170.189711
0.0,127,173.310417
0.0,129,176.99054
0.0,127,179.35611
0.0,127,182.587067
0.0,127,185.773244
3.0,250,192.238063
1.0,175,195.920671
2.0,204,199.8172
1.0,151,203.869244
0.0,129,207.406328
