#{"t_start": 1544715601.5657458, "env_id": "BreakoutNoFrameskip-v4"}
r,l,t
0.0,127,39.558311
5.0,339,49.840984
0.0,125,71.918887
3.0,250,77.655835
3.0,270,84.607755
3.0,230,90.099549
1.0,175,95.232666
1.0,155,98.306681
1.0,155,101.925365
0.0,127,105.285987
2.0,204,111.73491
0.0,129,114.262522
1.0,174,117.617813
1.0,175,122.26286
0.0,127,125.236063
2.0,202,130.269858
0.0,129,133.894653
0.0,129,135.950078
3.0,267,142.28957
1.0,175,146.509254
4.0,282,153.512779
1.0,175,156.333735
0.0,129,159.110459
7.0,447,168.946086
4.0,300,177.236337
1.0,155,180.117903
3.0,248,187.337971
4.0,302,194.440361
0.0,129,197.074288
2.0,183,200.40982
1.0,176,205.672983
