#{"t_start": 1544715591.6291258, "env_id": "BreakoutNoFrameskip-v4"}
r,l,t
1.0,157,50.645238
1.0,173,55.187787
1.0,171,60.236615
2.0,198,83.820961
0.0,129,86.954807
0.0,127,89.582997
1.0,157,93.743966
4.0,299,101.492456
0.0,127,105.064252
1.0,157,108.074355
0.0,127,111.015523
2.0,186,115.780902
2.0,202,122.300629
3.0,236,126.967685
1.0,155,130.832561
2.0,222,136.962549
2.0,187,141.270415
0.0,129,144.407176
0.0,125,146.421019
0.0,127,148.961103
1.0,174,153.529219
0.0,127,156.44631
1.0,157,160.347218
0.0,127,163.054005
3.0,267,168.103317
2.0,201,172.350093
0.0,123,174.878149
1.0,157,178.366505
2.0,186,182.651017
2.0,187,187.752486
1.0,157,191.109743
3.0,271,198.711032
0.0,127,201.268526
3.0,250,207.055365
0.0,125,209.387113
4.0,266,216.770955
