#{"t_start": 1544715602.0591733, "env_id": "BreakoutNoFrameskip-v4"}
r,l,t
3.0,216,42.073775
2.0,202,47.820276
0.0,127,69.940509
0.0,129,72.95714
0.0,127,75.890391
1.0,176,80.011289
1.0,155,83.890322
0.0,129,86.883766
2.0,203,92.457441
1.0,155,95.815704
4.0,271,102.533371
2.0,202,108.166253
1.0,172,113.138187
3.0,233,117.745628
0.0,127,120.920475
1.0,176,125.671111
3.0,253,132.306467
3.0,253,137.278115
5.0,340,145.904363
0.0,129,148.798372
2.0,225,153.945602
0.0,129,156.182432
1.0,178,159.806654
2.0,222,164.609247
1.0,155,167.980977
0.0,129,170.482629
3.0,252,177.638856
2.0,199,182.350281
3.0,270,189.454931
0.0,127,192.365973
5.0,351,199.6136
2.0,220,206.226832
